role_id_15,group_id_15,group_name_15,functional_15,role_name_15,group_id_19,group_name_19,privilege_id_19,privilege_name_19,category_id_19,category_name_19,xml_ids_19,score,reasons
71,101,Tipo Usuario: Rol Usuario,Tipo Usuario,Usuario,36,Usuario,10,Gestor Documental,107,Servicios Corporativos,sicpro_app_gestor_documental.group_document_user,60,ROLE_NAME_EXACT;HAS_XMLID_19
71,101,Tipo Usuario: Rol Usuario,Tipo Usuario,Usuario,38,Usuario,11,Salón de Clases,107,Servicios Corporativos,sicpro_app_salon_clases.grupo_app_salon_clases_usuario,60,ROLE_NAME_EXACT;HAS_XMLID_19
71,101,Tipo Usuario: Rol Usuario,Tipo Usuario,Usuario,41,Usuario,12,Registros de auditoría,115,Registro de auditoría,sicpro_modulo_auditorias.group_auditlog_user,60,ROLE_NAME_EXACT;HAS_XMLID_19
71,101,Tipo Usuario: Rol Usuario,Tipo Usuario,Usuario,90,Usuario,30,Repositorio DVPE.,107,Servicios Corporativos,sicpro_app_repositorio_institucional.group_repositorio_institucional_user,60,ROLE_NAME_EXACT;HAS_XMLID_19
71,101,Tipo Usuario: Rol Usuario,Tipo Usuario,Usuario,95,Usuario,31,Reuniones,105,Gestión de Reuniones,sicpro_app_reuniones.group_reuniones_usuario,60,ROLE_NAME_EXACT;HAS_XMLID_19
71,101,Tipo Usuario: Rol Usuario,Tipo Usuario,Usuario,100,Usuario,32,Servicios Internos,107,Servicios Corporativos,sicpro_app_servicios_internos.grupo_app_internos_usuario,60,ROLE_NAME_EXACT;HAS_XMLID_19
71,101,Tipo Usuario: Rol Usuario,Tipo Usuario,Usuario,105,Usuario,33,Solicitudes de S.I.,107,Servicios Corporativos,sicpro_app_servicios_internos.grupo_app_internos_solicitudes_usuario,60,ROLE_NAME_EXACT;HAS_XMLID_19
71,101,Tipo Usuario: Rol Usuario,Tipo Usuario,Usuario,134,Usuario,43,Operaciones,110,Programa de la Vivienda,sicpro_app_programa_viviendas.grupo_app_vivienda_visualizar,60,ROLE_NAME_EXACT;HAS_XMLID_19
71,101,Tipo Usuario: Rol Usuario,Tipo Usuario,Usuario,46,Usuarios,15,CMI,108,Gestión de Producción,sicpro_app_cmi.grupo_app_cmi_usuario,35,ROLE_NAME_PARTIAL;HAS_XMLID_19
71,101,Tipo Usuario: Rol Usuario,Tipo Usuario,Usuario,50,Usuarios,16,Materiales e Insumos,102,Preparación Técnica,sicpro_app_materiales_insumos.grupo_app_materiales_insumos_usuario,35,ROLE_NAME_PARTIAL;HAS_XMLID_19
71,101,Tipo Usuario: Rol Usuario,Tipo Usuario,Usuario,54,Usuarios,17,Usuario del Proceso,97,Capital Humano,sicpro_app_trabajadores.grupo_app_trabajador_usuario_proceso,35,ROLE_NAME_PARTIAL;HAS_XMLID_19
71,101,Tipo Usuario: Rol Usuario,Tipo Usuario,Usuario,86,Usuarios,29,Metrología,106,Activos y Herramientas,sicpro_app_metrologia.grupo_app_metrologia_usuario,35,ROLE_NAME_PARTIAL;HAS_XMLID_19
71,101,Tipo Usuario: Rol Usuario,Tipo Usuario,Usuario,113,Usuarios,36,Transporte,98,Transportación,sicpro_app_transporte.grupo_app_transporte_usuario,35,ROLE_NAME_PARTIAL;HAS_XMLID_19
71,101,Tipo Usuario: Rol Usuario,Tipo Usuario,Usuario,117,Usuarios,37,Piquera,98,Transportación,sicpro_app_transporte.grupo_app_transporte_piquera_usuario,35,ROLE_NAME_PARTIAL;HAS_XMLID_19
71,101,Tipo Usuario: Rol Usuario,Tipo Usuario,Usuario,126,Usuarios,40,Clientes,101,Solicitudes de Obras,sicpro_app_clientes.grupo_app_clientes_usuario,35,ROLE_NAME_PARTIAL;HAS_XMLID_19
71,101,Tipo Usuario: Rol Usuario,Tipo Usuario,Usuario,130,Usuarios,41,Instrucciones,97,Capital Humano,sicpro_app_instrucciones.grupo_app_instruciones_usuario,35,ROLE_NAME_PARTIAL;HAS_XMLID_19
71,101,Tipo Usuario: Rol Usuario,Tipo Usuario,Usuario,141,Usuarios,44,Solicitudes,101,Solicitudes de Obras,sicpro_app_solicitudes.grupo_app_solicitud_usuario,35,ROLE_NAME_PARTIAL;HAS_XMLID_19
71,101,Tipo Usuario: Rol Usuario,Tipo Usuario,Usuario,1,Role / User,,,,,base.group_user,25,PRIVILEGE_PARTIAL;HAS_XMLID_19
71,101,Tipo Usuario: Rol Usuario,Tipo Usuario,Usuario,2,Access Rights,,,,,base.group_erp_manager,25,PRIVILEGE_PARTIAL;HAS_XMLID_19
71,101,Tipo Usuario: Rol Usuario,Tipo Usuario,Usuario,3,Bypass HTML Field Sanitize,,,,,base.group_sanitize_override,25,PRIVILEGE_PARTIAL;HAS_XMLID_19
71,101,Tipo Usuario: Rol Usuario,Tipo Usuario,Usuario,4,Role / Administrator,,,,,base.group_system,25,PRIVILEGE_PARTIAL;HAS_XMLID_19
71,101,Tipo Usuario: Rol Usuario,Tipo Usuario,Usuario,5,Multi Companies,,,,,base.group_multi_company,25,PRIVILEGE_PARTIAL;HAS_XMLID_19
71,101,Tipo Usuario: Rol Usuario,Tipo Usuario,Usuario,6,Multi Currencies,,,,,base.group_multi_currency,25,PRIVILEGE_PARTIAL;HAS_XMLID_19
71,101,Tipo Usuario: Rol Usuario,Tipo Usuario,Usuario,7,Technical Features,,,,,base.group_no_one,25,PRIVILEGE_PARTIAL;HAS_XMLID_19
71,101,Tipo Usuario: Rol Usuario,Tipo Usuario,Usuario,10,Role / Portal,,,,,base.group_portal,25,PRIVILEGE_PARTIAL;HAS_XMLID_19
71,101,Tipo Usuario: Rol Usuario,Tipo Usuario,Usuario,11,Role / Public,,,,,base.group_public,25,PRIVILEGE_PARTIAL;HAS_XMLID_19
71,101,Tipo Usuario: Rol Usuario,Tipo Usuario,Usuario,12,Default access for new users,,,,,base.default_user_group,25,PRIVILEGE_PARTIAL;HAS_XMLID_19
71,101,Tipo Usuario: Rol Usuario,Tipo Usuario,Usuario,13,Technical Documentation,,,,,api_doc.group_allow_doc,25,PRIVILEGE_PARTIAL;HAS_XMLID_19
71,101,Tipo Usuario: Rol Usuario,Tipo Usuario,Usuario,15,Mail Template Editor,,,,,mail.group_mail_template_editor,25,PRIVILEGE_PARTIAL;HAS_XMLID_19
71,101,Tipo Usuario: Rol Usuario,Tipo Usuario,Usuario,16,Receive notifications in Odoo,,,,,mail.group_mail_notification_type_inbox,25,PRIVILEGE_PARTIAL;HAS_XMLID_19
71,101,Tipo Usuario: Rol Usuario,Tipo Usuario,Usuario,25,Menus y Accesos Obsoletos,,,,,sicpro_app_administracion.grupo_app_administracion_obsoletos,25,PRIVILEGE_PARTIAL;HAS_XMLID_19
71,101,Tipo Usuario: Rol Usuario,Tipo Usuario,Usuario,26,Manage Multiple Units of Measure,,,,,uom.group_uom,25,PRIVILEGE_PARTIAL;HAS_XMLID_19
71,101,Tipo Usuario: Rol Usuario,Tipo Usuario,Usuario,27,Analytic Accounting,,,,,analytic.group_analytic_accounting,25,PRIVILEGE_PARTIAL;HAS_XMLID_19
71,101,Tipo Usuario: Rol Usuario,Tipo Usuario,Usuario,32,Use Stages on Project,,,,,project.group_project_stages,25,PRIVILEGE_PARTIAL;HAS_XMLID_19
71,101,Tipo Usuario: Rol Usuario,Tipo Usuario,Usuario,33,Use Recurring Tasks,,,,,project.group_project_recurring_tasks,25,PRIVILEGE_PARTIAL;HAS_XMLID_19
71,101,Tipo Usuario: Rol Usuario,Tipo Usuario,Usuario,34,Use Task Dependencies,,,,,project.group_project_task_dependencies,25,PRIVILEGE_PARTIAL;HAS_XMLID_19
71,101,Tipo Usuario: Rol Usuario,Tipo Usuario,Usuario,35,Use Milestones,,,,,project.group_project_milestone,25,PRIVILEGE_PARTIAL;HAS_XMLID_19
71,101,Tipo Usuario: Rol Usuario,Tipo Usuario,Usuario,44,Consultas Postgres,,,,,sicpro_modulo_querydb.group_querydeluxe,25,PRIVILEGE_PARTIAL;HAS_XMLID_19
72,102,Tipo Usuario: Rol Permisos,Tipo Usuario,Permisos,4,Role / Administrator,,,,,base.group_system,35,PRIVILEGE_PARTIAL;IMPLIED_COMMON:access rights;HAS_XMLID_19
72,102,Tipo Usuario: Rol Permisos,Tipo Usuario,Permisos,1,Role / User,,,,,base.group_user,25,PRIVILEGE_PARTIAL;HAS_XMLID_19
72,102,Tipo Usuario: Rol Permisos,Tipo Usuario,Permisos,2,Access Rights,,,,,base.group_erp_manager,25,PRIVILEGE_PARTIAL;HAS_XMLID_19
72,102,Tipo Usuario: Rol Permisos,Tipo Usuario,Permisos,3,Bypass HTML Field Sanitize,,,,,base.group_sanitize_override,25,PRIVILEGE_PARTIAL;HAS_XMLID_19
72,102,Tipo Usuario: Rol Permisos,Tipo Usuario,Permisos,5,Multi Companies,,,,,base.group_multi_company,25,PRIVILEGE_PARTIAL;HAS_XMLID_19
72,102,Tipo Usuario: Rol Permisos,Tipo Usuario,Permisos,6,Multi Currencies,,,,,base.group_multi_currency,25,PRIVILEGE_PARTIAL;HAS_XMLID_19
72,102,Tipo Usuario: Rol Permisos,Tipo Usuario,Permisos,7,Technical Features,,,,,base.group_no_one,25,PRIVILEGE_PARTIAL;HAS_XMLID_19
72,102,Tipo Usuario: Rol Permisos,Tipo Usuario,Permisos,10,Role / Portal,,,,,base.group_portal,25,PRIVILEGE_PARTIAL;HAS_XMLID_19
72,102,Tipo Usuario: Rol Permisos,Tipo Usuario,Permisos,11,Role / Public,,,,,base.group_public,25,PRIVILEGE_PARTIAL;HAS_XMLID_19
72,102,Tipo Usuario: Rol Permisos,Tipo Usuario,Permisos,12,Default access for new users,,,,,base.default_user_group,25,PRIVILEGE_PARTIAL;HAS_XMLID_19
72,102,Tipo Usuario: Rol Permisos,Tipo Usuario,Permisos,13,Technical Documentation,,,,,api_doc.group_allow_doc,25,PRIVILEGE_PARTIAL;HAS_XMLID_19
72,102,Tipo Usuario: Rol Permisos,Tipo Usuario,Permisos,15,Mail Template Editor,,,,,mail.group_mail_template_editor,25,PRIVILEGE_PARTIAL;HAS_XMLID_19
72,102,Tipo Usuario: Rol Permisos,Tipo Usuario,Permisos,16,Receive notifications in Odoo,,,,,mail.group_mail_notification_type_inbox,25,PRIVILEGE_PARTIAL;HAS_XMLID_19
72,102,Tipo Usuario: Rol Permisos,Tipo Usuario,Permisos,25,Menus y Accesos Obsoletos,,,,,sicpro_app_administracion.grupo_app_administracion_obsoletos,25,PRIVILEGE_PARTIAL;HAS_XMLID_19
72,102,Tipo Usuario: Rol Permisos,Tipo Usuario,Permisos,26,Manage Multiple Units of Measure,,,,,uom.group_uom,25,PRIVILEGE_PARTIAL;HAS_XMLID_19
72,102,Tipo Usuario: Rol Permisos,Tipo Usuario,Permisos,27,Analytic Accounting,,,,,analytic.group_analytic_accounting,25,PRIVILEGE_PARTIAL;HAS_XMLID_19
72,102,Tipo Usuario: Rol Permisos,Tipo Usuario,Permisos,32,Use Stages on Project,,,,,project.group_project_stages,25,PRIVILEGE_PARTIAL;HAS_XMLID_19
72,102,Tipo Usuario: Rol Permisos,Tipo Usuario,Permisos,33,Use Recurring Tasks,,,,,project.group_project_recurring_tasks,25,PRIVILEGE_PARTIAL;HAS_XMLID_19
72,102,Tipo Usuario: Rol Permisos,Tipo Usuario,Permisos,34,Use Task Dependencies,,,,,project.group_project_task_dependencies,25,PRIVILEGE_PARTIAL;HAS_XMLID_19
72,102,Tipo Usuario: Rol Permisos,Tipo Usuario,Permisos,35,Use Milestones,,,,,project.group_project_milestone,25,PRIVILEGE_PARTIAL;HAS_XMLID_19
72,102,Tipo Usuario: Rol Permisos,Tipo Usuario,Permisos,44,Consultas Postgres,,,,,sicpro_modulo_querydb.group_querydeluxe,25,PRIVILEGE_PARTIAL;HAS_XMLID_19
73,103,Tipo Usuario: Rol Administrador,Tipo Usuario,Administrador,17,Administrador,4,Administrar SICPRO,94,Administración SICPRO ERP,sicpro_app_administracion.grupo_app_administracion_admin,60,ROLE_NAME_EXACT;HAS_XMLID_19
73,103,Tipo Usuario: Rol Administrador,Tipo Usuario,Administrador,40,Administrador,11,Salón de Clases,107,Servicios Corporativos,sicpro_app_salon_clases.grupo_app_salon_clases_admin,60,ROLE_NAME_EXACT;HAS_XMLID_19
73,103,Tipo Usuario: Rol Administrador,Tipo Usuario,Administrador,42,Administrador,12,Registros de auditoría,115,Registro de auditoría,sicpro_modulo_auditorias.group_auditlog_manager,60,ROLE_NAME_EXACT;HAS_XMLID_19
73,103,Tipo Usuario: Rol Administrador,Tipo Usuario,Administrador,43,Administrador,13,Nomencladores,94,Administración SICPRO ERP,sicpro_modulo_nomencladores.grupo_sicpro_nomencladores_admin,60,ROLE_NAME_EXACT;HAS_XMLID_19
73,103,Tipo Usuario: Rol Administrador,Tipo Usuario,Administrador,49,Administrador,15,CMI,108,Gestión de Producción,sicpro_app_cmi.grupo_app_cmi_admin,60,ROLE_NAME_EXACT;HAS_XMLID_19
73,103,Tipo Usuario: Rol Administrador,Tipo Usuario,Administrador,53,Administrador,16,Materiales e Insumos,102,Preparación Técnica,sicpro_app_materiales_insumos.grupo_app_materiales_insumos_admin,60,ROLE_NAME_EXACT;HAS_XMLID_19
73,103,Tipo Usuario: Rol Administrador,Tipo Usuario,Administrador,58,Administrador,18,Trabajadores,97,Capital Humano,sicpro_app_trabajadores.grupo_app_trabajador_admin,60,ROLE_NAME_EXACT;HAS_XMLID_19
73,103,Tipo Usuario: Rol Administrador,Tipo Usuario,Administrador,61,Administrador,19,Equipo Técnico,97,Capital Humano,sicpro_app_trabajadores.grupo_app_trabajador_equipos_admin,60,ROLE_NAME_EXACT;HAS_XMLID_19
73,103,Tipo Usuario: Rol Administrador,Tipo Usuario,Administrador,66,Administrador,20,Disciplinarias,97,Capital Humano,sicpro_app_trabajadores.grupo_app_trabajador_disciplina_admin,60,ROLE_NAME_EXACT;HAS_XMLID_19
73,103,Tipo Usuario: Rol Administrador,Tipo Usuario,Administrador,76,Administrador,25,Control,109,Control de la información,sicpro_app_control_informacion.grupo_control_informacion_admin,60,ROLE_NAME_EXACT;HAS_XMLID_19
73,103,Tipo Usuario: Rol Administrador,Tipo Usuario,Administrador,79,Administrador,26,Credenciales,97,Capital Humano,sicpro_app_credenciales.grupo_app_credenciales_admin,60,ROLE_NAME_EXACT;HAS_XMLID_19
73,103,Tipo Usuario: Rol Administrador,Tipo Usuario,Administrador,83,Administrador,27,Medios Informáticos,112,Informática,sicpro_app_medios_informaticos.grupo_app_medios_informaticos_admin,60,ROLE_NAME_EXACT;HAS_XMLID_19
73,103,Tipo Usuario: Rol Administrador,Tipo Usuario,Administrador,89,Administrador,29,Metrología,106,Activos y Herramientas,sicpro_app_metrologia.grupo_app_metrologia_admin,60,ROLE_NAME_EXACT;HAS_XMLID_19
73,103,Tipo Usuario: Rol Administrador,Tipo Usuario,Administrador,94,Administrador,30,Repositorio DVPE.,107,Servicios Corporativos,sicpro_app_repositorio_institucional.group_repositorio_institucional_admin,60,ROLE_NAME_EXACT;HAS_XMLID_19
73,103,Tipo Usuario: Rol Administrador,Tipo Usuario,Administrador,104,Administrador,32,Servicios Internos,107,Servicios Corporativos,sicpro_app_servicios_internos.grupo_app_internos_admin,60,ROLE_NAME_EXACT;HAS_XMLID_19
73,103,Tipo Usuario: Rol Administrador,Tipo Usuario,Administrador,111,Administrador,34,Soporte,113,Soporte Técnico,sicpro_app_soporte.group_soporte_admin,60,ROLE_NAME_EXACT;HAS_XMLID_19
73,103,Tipo Usuario: Rol Administrador,Tipo Usuario,Administrador,116,Administrador,36,Transporte,98,Transportación,sicpro_app_transporte.grupo_app_transporte_admin,60,ROLE_NAME_EXACT;HAS_XMLID_19
73,103,Tipo Usuario: Rol Administrador,Tipo Usuario,Administrador,122,Administrador,38,Víveres Logística,111,Alimentación,sicpro_app_viveres.grupo_app_viveres_admin,60,ROLE_NAME_EXACT;HAS_XMLID_19
73,103,Tipo Usuario: Rol Administrador,Tipo Usuario,Administrador,129,Administrador,40,Clientes,101,Solicitudes de Obras,sicpro_app_clientes.grupo_app_clientes_admin,60,ROLE_NAME_EXACT;HAS_XMLID_19
73,103,Tipo Usuario: Rol Administrador,Tipo Usuario,Administrador,132,Administrador,41,Instrucciones,97,Capital Humano,sicpro_app_instrucciones.grupo_app_instruciones_admin,60,ROLE_NAME_EXACT;HAS_XMLID_19
73,103,Tipo Usuario: Rol Administrador,Tipo Usuario,Administrador,140,Administrador,43,Operaciones,110,Programa de la Vivienda,sicpro_app_programa_viviendas.grupo_app_vivienda_admin,60,ROLE_NAME_EXACT;HAS_XMLID_19
73,103,Tipo Usuario: Rol Administrador,Tipo Usuario,Administrador,144,Administrador,44,Solicitudes,101,Solicitudes de Obras,sicpro_app_solicitudes.grupo_app_solicitud_admin,60,ROLE_NAME_EXACT;HAS_XMLID_19
73,103,Tipo Usuario: Rol Administrador,Tipo Usuario,Administrador,155,Administrador,50,Usuarios Internos,103,Órdenes de Trabajo,sicpro_app_ordenes_trabajo.grupo_ordenes_admin,60,ROLE_NAME_EXACT;HAS_XMLID_19
73,103,Tipo Usuario: Rol Administrador,Tipo Usuario,Administrador,168,Administrador,53,Transferencias,104,Gestión de Gastos,sicpro_app_transferencias_gastos.grupo_transferencias_admin,60,ROLE_NAME_EXACT;HAS_XMLID_19
73,103,Tipo Usuario: Rol Administrador,Tipo Usuario,Administrador,4,Role / Administrator,,,,,base.group_system,45,"PRIVILEGE_PARTIAL;IMPLIED_COMMON:access rights,administrador;HAS_XMLID_19"
73,103,Tipo Usuario: Rol Administrador,Tipo Usuario,Administrador,1,Role / User,,,,,base.group_user,25,PRIVILEGE_PARTIAL;HAS_XMLID_19
73,103,Tipo Usuario: Rol Administrador,Tipo Usuario,Administrador,2,Access Rights,,,,,base.group_erp_manager,25,PRIVILEGE_PARTIAL;HAS_XMLID_19
73,103,Tipo Usuario: Rol Administrador,Tipo Usuario,Administrador,3,Bypass HTML Field Sanitize,,,,,base.group_sanitize_override,25,PRIVILEGE_PARTIAL;HAS_XMLID_19
73,103,Tipo Usuario: Rol Administrador,Tipo Usuario,Administrador,5,Multi Companies,,,,,base.group_multi_company,25,PRIVILEGE_PARTIAL;HAS_XMLID_19
73,103,Tipo Usuario: Rol Administrador,Tipo Usuario,Administrador,6,Multi Currencies,,,,,base.group_multi_currency,25,PRIVILEGE_PARTIAL;HAS_XMLID_19
73,103,Tipo Usuario: Rol Administrador,Tipo Usuario,Administrador,7,Technical Features,,,,,base.group_no_one,25,PRIVILEGE_PARTIAL;HAS_XMLID_19
73,103,Tipo Usuario: Rol Administrador,Tipo Usuario,Administrador,10,Role / Portal,,,,,base.group_portal,25,PRIVILEGE_PARTIAL;HAS_XMLID_19
73,103,Tipo Usuario: Rol Administrador,Tipo Usuario,Administrador,11,Role / Public,,,,,base.group_public,25,PRIVILEGE_PARTIAL;HAS_XMLID_19
73,103,Tipo Usuario: Rol Administrador,Tipo Usuario,Administrador,12,Default access for new users,,,,,base.default_user_group,25,PRIVILEGE_PARTIAL;HAS_XMLID_19
73,103,Tipo Usuario: Rol Administrador,Tipo Usuario,Administrador,13,Technical Documentation,,,,,api_doc.group_allow_doc,25,PRIVILEGE_PARTIAL;HAS_XMLID_19
73,103,Tipo Usuario: Rol Administrador,Tipo Usuario,Administrador,15,Mail Template Editor,,,,,mail.group_mail_template_editor,25,PRIVILEGE_PARTIAL;HAS_XMLID_19
73,103,Tipo Usuario: Rol Administrador,Tipo Usuario,Administrador,16,Receive notifications in Odoo,,,,,mail.group_mail_notification_type_inbox,25,PRIVILEGE_PARTIAL;HAS_XMLID_19
73,103,Tipo Usuario: Rol Administrador,Tipo Usuario,Administrador,25,Menus y Accesos Obsoletos,,,,,sicpro_app_administracion.grupo_app_administracion_obsoletos,25,PRIVILEGE_PARTIAL;HAS_XMLID_19
73,103,Tipo Usuario: Rol Administrador,Tipo Usuario,Administrador,26,Manage Multiple Units of Measure,,,,,uom.group_uom,25,PRIVILEGE_PARTIAL;HAS_XMLID_19
73,103,Tipo Usuario: Rol Administrador,Tipo Usuario,Administrador,27,Analytic Accounting,,,,,analytic.group_analytic_accounting,25,PRIVILEGE_PARTIAL;HAS_XMLID_19
73,103,Tipo Usuario: Rol Administrador,Tipo Usuario,Administrador,32,Use Stages on Project,,,,,project.group_project_stages,25,PRIVILEGE_PARTIAL;HAS_XMLID_19
73,103,Tipo Usuario: Rol Administrador,Tipo Usuario,Administrador,33,Use Recurring Tasks,,,,,project.group_project_recurring_tasks,25,PRIVILEGE_PARTIAL;HAS_XMLID_19
73,103,Tipo Usuario: Rol Administrador,Tipo Usuario,Administrador,34,Use Task Dependencies,,,,,project.group_project_task_dependencies,25,PRIVILEGE_PARTIAL;HAS_XMLID_19
73,103,Tipo Usuario: Rol Administrador,Tipo Usuario,Administrador,35,Use Milestones,,,,,project.group_project_milestone,25,PRIVILEGE_PARTIAL;HAS_XMLID_19
73,103,Tipo Usuario: Rol Administrador,Tipo Usuario,Administrador,44,Consultas Postgres,,,,,sicpro_modulo_querydb.group_querydeluxe,25,PRIVILEGE_PARTIAL;HAS_XMLID_19
78,108,Contratación: Rol Usuario,Contratación,Usuario,36,Usuario,10,Gestor Documental,107,Servicios Corporativos,sicpro_app_gestor_documental.group_document_user,60,ROLE_NAME_EXACT;HAS_XMLID_19
78,108,Contratación: Rol Usuario,Contratación,Usuario,38,Usuario,11,Salón de Clases,107,Servicios Corporativos,sicpro_app_salon_clases.grupo_app_salon_clases_usuario,60,ROLE_NAME_EXACT;HAS_XMLID_19
78,108,Contratación: Rol Usuario,Contratación,Usuario,41,Usuario,12,Registros de auditoría,115,Registro de auditoría,sicpro_modulo_auditorias.group_auditlog_user,60,ROLE_NAME_EXACT;HAS_XMLID_19
78,108,Contratación: Rol Usuario,Contratación,Usuario,90,Usuario,30,Repositorio DVPE.,107,Servicios Corporativos,sicpro_app_repositorio_institucional.group_repositorio_institucional_user,60,ROLE_NAME_EXACT;HAS_XMLID_19
78,108,Contratación: Rol Usuario,Contratación,Usuario,95,Usuario,31,Reuniones,105,Gestión de Reuniones,sicpro_app_reuniones.group_reuniones_usuario,60,ROLE_NAME_EXACT;HAS_XMLID_19
78,108,Contratación: Rol Usuario,Contratación,Usuario,100,Usuario,32,Servicios Internos,107,Servicios Corporativos,sicpro_app_servicios_internos.grupo_app_internos_usuario,60,ROLE_NAME_EXACT;HAS_XMLID_19
78,108,Contratación: Rol Usuario,Contratación,Usuario,105,Usuario,33,Solicitudes de S.I.,107,Servicios Corporativos,sicpro_app_servicios_internos.grupo_app_internos_solicitudes_usuario,60,ROLE_NAME_EXACT;HAS_XMLID_19
78,108,Contratación: Rol Usuario,Contratación,Usuario,134,Usuario,43,Operaciones,110,Programa de la Vivienda,sicpro_app_programa_viviendas.grupo_app_vivienda_visualizar,60,ROLE_NAME_EXACT;HAS_XMLID_19
78,108,Contratación: Rol Usuario,Contratación,Usuario,46,Usuarios,15,CMI,108,Gestión de Producción,sicpro_app_cmi.grupo_app_cmi_usuario,35,ROLE_NAME_PARTIAL;HAS_XMLID_19
78,108,Contratación: Rol Usuario,Contratación,Usuario,50,Usuarios,16,Materiales e Insumos,102,Preparación Técnica,sicpro_app_materiales_insumos.grupo_app_materiales_insumos_usuario,35,ROLE_NAME_PARTIAL;HAS_XMLID_19
78,108,Contratación: Rol Usuario,Contratación,Usuario,54,Usuarios,17,Usuario del Proceso,97,Capital Humano,sicpro_app_trabajadores.grupo_app_trabajador_usuario_proceso,35,ROLE_NAME_PARTIAL;HAS_XMLID_19
78,108,Contratación: Rol Usuario,Contratación,Usuario,86,Usuarios,29,Metrología,106,Activos y Herramientas,sicpro_app_metrologia.grupo_app_metrologia_usuario,35,ROLE_NAME_PARTIAL;HAS_XMLID_19
78,108,Contratación: Rol Usuario,Contratación,Usuario,113,Usuarios,36,Transporte,98,Transportación,sicpro_app_transporte.grupo_app_transporte_usuario,35,ROLE_NAME_PARTIAL;HAS_XMLID_19
78,108,Contratación: Rol Usuario,Contratación,Usuario,117,Usuarios,37,Piquera,98,Transportación,sicpro_app_transporte.grupo_app_transporte_piquera_usuario,35,ROLE_NAME_PARTIAL;HAS_XMLID_19
78,108,Contratación: Rol Usuario,Contratación,Usuario,126,Usuarios,40,Clientes,101,Solicitudes de Obras,sicpro_app_clientes.grupo_app_clientes_usuario,35,ROLE_NAME_PARTIAL;HAS_XMLID_19
78,108,Contratación: Rol Usuario,Contratación,Usuario,130,Usuarios,41,Instrucciones,97,Capital Humano,sicpro_app_instrucciones.grupo_app_instruciones_usuario,35,ROLE_NAME_PARTIAL;HAS_XMLID_19
78,108,Contratación: Rol Usuario,Contratación,Usuario,141,Usuarios,44,Solicitudes,101,Solicitudes de Obras,sicpro_app_solicitudes.grupo_app_solicitud_usuario,35,ROLE_NAME_PARTIAL;HAS_XMLID_19
78,108,Contratación: Rol Usuario,Contratación,Usuario,1,Role / User,,,,,base.group_user,25,PRIVILEGE_PARTIAL;HAS_XMLID_19
78,108,Contratación: Rol Usuario,Contratación,Usuario,2,Access Rights,,,,,base.group_erp_manager,25,PRIVILEGE_PARTIAL;HAS_XMLID_19
78,108,Contratación: Rol Usuario,Contratación,Usuario,3,Bypass HTML Field Sanitize,,,,,base.group_sanitize_override,25,PRIVILEGE_PARTIAL;HAS_XMLID_19
78,108,Contratación: Rol Usuario,Contratación,Usuario,4,Role / Administrator,,,,,base.group_system,25,PRIVILEGE_PARTIAL;HAS_XMLID_19
78,108,Contratación: Rol Usuario,Contratación,Usuario,5,Multi Companies,,,,,base.group_multi_company,25,PRIVILEGE_PARTIAL;HAS_XMLID_19
78,108,Contratación: Rol Usuario,Contratación,Usuario,6,Multi Currencies,,,,,base.group_multi_currency,25,PRIVILEGE_PARTIAL;HAS_XMLID_19
78,108,Contratación: Rol Usuario,Contratación,Usuario,7,Technical Features,,,,,base.group_no_one,25,PRIVILEGE_PARTIAL;HAS_XMLID_19
78,108,Contratación: Rol Usuario,Contratación,Usuario,10,Role / Portal,,,,,base.group_portal,25,PRIVILEGE_PARTIAL;HAS_XMLID_19
78,108,Contratación: Rol Usuario,Contratación,Usuario,11,Role / Public,,,,,base.group_public,25,PRIVILEGE_PARTIAL;HAS_XMLID_19
78,108,Contratación: Rol Usuario,Contratación,Usuario,12,Default access for new users,,,,,base.default_user_group,25,PRIVILEGE_PARTIAL;HAS_XMLID_19
78,108,Contratación: Rol Usuario,Contratación,Usuario,13,Technical Documentation,,,,,api_doc.group_allow_doc,25,PRIVILEGE_PARTIAL;HAS_XMLID_19
78,108,Contratación: Rol Usuario,Contratación,Usuario,15,Mail Template Editor,,,,,mail.group_mail_template_editor,25,PRIVILEGE_PARTIAL;HAS_XMLID_19
78,108,Contratación: Rol Usuario,Contratación,Usuario,16,Receive notifications in Odoo,,,,,mail.group_mail_notification_type_inbox,25,PRIVILEGE_PARTIAL;HAS_XMLID_19
78,108,Contratación: Rol Usuario,Contratación,Usuario,25,Menus y Accesos Obsoletos,,,,,sicpro_app_administracion.grupo_app_administracion_obsoletos,25,PRIVILEGE_PARTIAL;HAS_XMLID_19
78,108,Contratación: Rol Usuario,Contratación,Usuario,26,Manage Multiple Units of Measure,,,,,uom.group_uom,25,PRIVILEGE_PARTIAL;HAS_XMLID_19
78,108,Contratación: Rol Usuario,Contratación,Usuario,27,Analytic Accounting,,,,,analytic.group_analytic_accounting,25,PRIVILEGE_PARTIAL;HAS_XMLID_19
78,108,Contratación: Rol Usuario,Contratación,Usuario,32,Use Stages on Project,,,,,project.group_project_stages,25,PRIVILEGE_PARTIAL;HAS_XMLID_19
78,108,Contratación: Rol Usuario,Contratación,Usuario,33,Use Recurring Tasks,,,,,project.group_project_recurring_tasks,25,PRIVILEGE_PARTIAL;HAS_XMLID_19
78,108,Contratación: Rol Usuario,Contratación,Usuario,34,Use Task Dependencies,,,,,project.group_project_task_dependencies,25,PRIVILEGE_PARTIAL;HAS_XMLID_19
78,108,Contratación: Rol Usuario,Contratación,Usuario,35,Use Milestones,,,,,project.group_project_milestone,25,PRIVILEGE_PARTIAL;HAS_XMLID_19
78,108,Contratación: Rol Usuario,Contratación,Usuario,44,Consultas Postgres,,,,,sicpro_modulo_querydb.group_querydeluxe,25,PRIVILEGE_PARTIAL;HAS_XMLID_19
78,108,Contratación: Rol Usuario,Contratación,Usuario,47,Ejecutor,15,CMI,108,Gestión de Producción,sicpro_app_cmi.grupo_app_cmi_ejecutor,10,IMPLIED_COMMON:usuarios;HAS_XMLID_19
78,108,Contratación: Rol Usuario,Contratación,Usuario,51,Ejecutor,16,Materiales e Insumos,102,Preparación Técnica,sicpro_app_materiales_insumos.grupo_app_materiales_insumos_ejecutor,10,IMPLIED_COMMON:usuarios;HAS_XMLID_19
78,108,Contratación: Rol Usuario,Contratación,Usuario,55,Todos los Trabajadores,17,Usuario del Proceso,97,Capital Humano,sicpro_app_trabajadores.grupo_app_trabajador_usuario_todos,10,IMPLIED_COMMON:usuarios;HAS_XMLID_19
78,108,Contratación: Rol Usuario,Contratación,Usuario,87,Ejecutor,29,Metrología,106,Activos y Herramientas,sicpro_app_metrologia.grupo_app_metrologia_ejecutor,10,IMPLIED_COMMON:usuarios;HAS_XMLID_19
78,108,Contratación: Rol Usuario,Contratación,Usuario,114,Ejecutor,36,Transporte,98,Transportación,sicpro_app_transporte.grupo_app_transporte_ejecutor,10,IMPLIED_COMMON:usuarios;HAS_XMLID_19
78,108,Contratación: Rol Usuario,Contratación,Usuario,118,Ejecutor,37,Piquera,98,Transportación,sicpro_app_transporte.grupo_app_transporte_piquera_ejecutor,10,IMPLIED_COMMON:usuarios;HAS_XMLID_19
78,108,Contratación: Rol Usuario,Contratación,Usuario,127,Ejecutor,40,Clientes,101,Solicitudes de Obras,sicpro_app_clientes.grupo_app_clientes_ejecutor,10,IMPLIED_COMMON:usuarios;HAS_XMLID_19
78,108,Contratación: Rol Usuario,Contratación,Usuario,131,Instructor,41,Instrucciones,97,Capital Humano,sicpro_app_instrucciones.grupo_app_instruciones_responsable,10,IMPLIED_COMMON:usuarios;HAS_XMLID_19
78,108,Contratación: Rol Usuario,Contratación,Usuario,142,Administrativos,44,Solicitudes,101,Solicitudes de Obras,sicpro_app_solicitudes.grupo_app_solicitud_usuario_vertodo,10,IMPLIED_COMMON:usuarios;HAS_XMLID_19
79,109,Contratación: Rol Visualiza Todo,Contratación,Visualiza Todo,1,Role / User,,,,,base.group_user,25,PRIVILEGE_PARTIAL;HAS_XMLID_19
79,109,Contratación: Rol Visualiza Todo,Contratación,Visualiza Todo,2,Access Rights,,,,,base.group_erp_manager,25,PRIVILEGE_PARTIAL;HAS_XMLID_19
79,109,Contratación: Rol Visualiza Todo,Contratación,Visualiza Todo,3,Bypass HTML Field Sanitize,,,,,base.group_sanitize_override,25,PRIVILEGE_PARTIAL;HAS_XMLID_19
79,109,Contratación: Rol Visualiza Todo,Contratación,Visualiza Todo,4,Role / Administrator,,,,,base.group_system,25,PRIVILEGE_PARTIAL;HAS_XMLID_19
79,109,Contratación: Rol Visualiza Todo,Contratación,Visualiza Todo,5,Multi Companies,,,,,base.group_multi_company,25,PRIVILEGE_PARTIAL;HAS_XMLID_19
79,109,Contratación: Rol Visualiza Todo,Contratación,Visualiza Todo,6,Multi Currencies,,,,,base.group_multi_currency,25,PRIVILEGE_PARTIAL;HAS_XMLID_19
79,109,Contratación: Rol Visualiza Todo,Contratación,Visualiza Todo,7,Technical Features,,,,,base.group_no_one,25,PRIVILEGE_PARTIAL;HAS_XMLID_19
79,109,Contratación: Rol Visualiza Todo,Contratación,Visualiza Todo,10,Role / Portal,,,,,base.group_portal,25,PRIVILEGE_PARTIAL;HAS_XMLID_19
79,109,Contratación: Rol Visualiza Todo,Contratación,Visualiza Todo,11,Role / Public,,,,,base.group_public,25,PRIVILEGE_PARTIAL;HAS_XMLID_19
79,109,Contratación: Rol Visualiza Todo,Contratación,Visualiza Todo,12,Default access for new users,,,,,base.default_user_group,25,PRIVILEGE_PARTIAL;HAS_XMLID_19
79,109,Contratación: Rol Visualiza Todo,Contratación,Visualiza Todo,13,Technical Documentation,,,,,api_doc.group_allow_doc,25,PRIVILEGE_PARTIAL;HAS_XMLID_19
79,109,Contratación: Rol Visualiza Todo,Contratación,Visualiza Todo,15,Mail Template Editor,,,,,mail.group_mail_template_editor,25,PRIVILEGE_PARTIAL;HAS_XMLID_19
79,109,Contratación: Rol Visualiza Todo,Contratación,Visualiza Todo,16,Receive notifications in Odoo,,,,,mail.group_mail_notification_type_inbox,25,PRIVILEGE_PARTIAL;HAS_XMLID_19
79,109,Contratación: Rol Visualiza Todo,Contratación,Visualiza Todo,25,Menus y Accesos Obsoletos,,,,,sicpro_app_administracion.grupo_app_administracion_obsoletos,25,PRIVILEGE_PARTIAL;HAS_XMLID_19
79,109,Contratación: Rol Visualiza Todo,Contratación,Visualiza Todo,26,Manage Multiple Units of Measure,,,,,uom.group_uom,25,PRIVILEGE_PARTIAL;HAS_XMLID_19
79,109,Contratación: Rol Visualiza Todo,Contratación,Visualiza Todo,27,Analytic Accounting,,,,,analytic.group_analytic_accounting,25,PRIVILEGE_PARTIAL;HAS_XMLID_19
79,109,Contratación: Rol Visualiza Todo,Contratación,Visualiza Todo,32,Use Stages on Project,,,,,project.group_project_stages,25,PRIVILEGE_PARTIAL;HAS_XMLID_19
79,109,Contratación: Rol Visualiza Todo,Contratación,Visualiza Todo,33,Use Recurring Tasks,,,,,project.group_project_recurring_tasks,25,PRIVILEGE_PARTIAL;HAS_XMLID_19
79,109,Contratación: Rol Visualiza Todo,Contratación,Visualiza Todo,34,Use Task Dependencies,,,,,project.group_project_task_dependencies,25,PRIVILEGE_PARTIAL;HAS_XMLID_19
79,109,Contratación: Rol Visualiza Todo,Contratación,Visualiza Todo,35,Use Milestones,,,,,project.group_project_milestone,25,PRIVILEGE_PARTIAL;HAS_XMLID_19
79,109,Contratación: Rol Visualiza Todo,Contratación,Visualiza Todo,44,Consultas Postgres,,,,,sicpro_modulo_querydb.group_querydeluxe,25,PRIVILEGE_PARTIAL;HAS_XMLID_19
79,109,Contratación: Rol Visualiza Todo,Contratación,Visualiza Todo,47,Ejecutor,15,CMI,108,Gestión de Producción,sicpro_app_cmi.grupo_app_cmi_ejecutor,10,IMPLIED_COMMON:usuarios;HAS_XMLID_19
79,109,Contratación: Rol Visualiza Todo,Contratación,Visualiza Todo,51,Ejecutor,16,Materiales e Insumos,102,Preparación Técnica,sicpro_app_materiales_insumos.grupo_app_materiales_insumos_ejecutor,10,IMPLIED_COMMON:usuarios;HAS_XMLID_19
79,109,Contratación: Rol Visualiza Todo,Contratación,Visualiza Todo,55,Todos los Trabajadores,17,Usuario del Proceso,97,Capital Humano,sicpro_app_trabajadores.grupo_app_trabajador_usuario_todos,10,IMPLIED_COMMON:usuarios;HAS_XMLID_19
79,109,Contratación: Rol Visualiza Todo,Contratación,Visualiza Todo,87,Ejecutor,29,Metrología,106,Activos y Herramientas,sicpro_app_metrologia.grupo_app_metrologia_ejecutor,10,IMPLIED_COMMON:usuarios;HAS_XMLID_19
79,109,Contratación: Rol Visualiza Todo,Contratación,Visualiza Todo,114,Ejecutor,36,Transporte,98,Transportación,sicpro_app_transporte.grupo_app_transporte_ejecutor,10,IMPLIED_COMMON:usuarios;HAS_XMLID_19
79,109,Contratación: Rol Visualiza Todo,Contratación,Visualiza Todo,118,Ejecutor,37,Piquera,98,Transportación,sicpro_app_transporte.grupo_app_transporte_piquera_ejecutor,10,IMPLIED_COMMON:usuarios;HAS_XMLID_19
79,109,Contratación: Rol Visualiza Todo,Contratación,Visualiza Todo,127,Ejecutor,40,Clientes,101,Solicitudes de Obras,sicpro_app_clientes.grupo_app_clientes_ejecutor,10,IMPLIED_COMMON:usuarios;HAS_XMLID_19
79,109,Contratación: Rol Visualiza Todo,Contratación,Visualiza Todo,131,Instructor,41,Instrucciones,97,Capital Humano,sicpro_app_instrucciones.grupo_app_instruciones_responsable,10,IMPLIED_COMMON:usuarios;HAS_XMLID_19
79,109,Contratación: Rol Visualiza Todo,Contratación,Visualiza Todo,142,Administrativos,44,Solicitudes,101,Solicitudes de Obras,sicpro_app_solicitudes.grupo_app_solicitud_usuario_vertodo,10,IMPLIED_COMMON:usuarios;HAS_XMLID_19
80,110,Contratación: Rol Gestor,Contratación,Gestor,1,Role / User,,,,,base.group_user,25,PRIVILEGE_PARTIAL;HAS_XMLID_19
80,110,Contratación: Rol Gestor,Contratación,Gestor,2,Access Rights,,,,,base.group_erp_manager,25,PRIVILEGE_PARTIAL;HAS_XMLID_19
80,110,Contratación: Rol Gestor,Contratación,Gestor,3,Bypass HTML Field Sanitize,,,,,base.group_sanitize_override,25,PRIVILEGE_PARTIAL;HAS_XMLID_19
80,110,Contratación: Rol Gestor,Contratación,Gestor,4,Role / Administrator,,,,,base.group_system,25,PRIVILEGE_PARTIAL;HAS_XMLID_19
80,110,Contratación: Rol Gestor,Contratación,Gestor,5,Multi Companies,,,,,base.group_multi_company,25,PRIVILEGE_PARTIAL;HAS_XMLID_19
80,110,Contratación: Rol Gestor,Contratación,Gestor,6,Multi Currencies,,,,,base.group_multi_currency,25,PRIVILEGE_PARTIAL;HAS_XMLID_19
80,110,Contratación: Rol Gestor,Contratación,Gestor,7,Technical Features,,,,,base.group_no_one,25,PRIVILEGE_PARTIAL;HAS_XMLID_19
80,110,Contratación: Rol Gestor,Contratación,Gestor,10,Role / Portal,,,,,base.group_portal,25,PRIVILEGE_PARTIAL;HAS_XMLID_19
80,110,Contratación: Rol Gestor,Contratación,Gestor,11,Role / Public,,,,,base.group_public,25,PRIVILEGE_PARTIAL;HAS_XMLID_19
80,110,Contratación: Rol Gestor,Contratación,Gestor,12,Default access for new users,,,,,base.default_user_group,25,PRIVILEGE_PARTIAL;HAS_XMLID_19
80,110,Contratación: Rol Gestor,Contratación,Gestor,13,Technical Documentation,,,,,api_doc.group_allow_doc,25,PRIVILEGE_PARTIAL;HAS_XMLID_19
80,110,Contratación: Rol Gestor,Contratación,Gestor,15,Mail Template Editor,,,,,mail.group_mail_template_editor,25,PRIVILEGE_PARTIAL;HAS_XMLID_19
80,110,Contratación: Rol Gestor,Contratación,Gestor,16,Receive notifications in Odoo,,,,,mail.group_mail_notification_type_inbox,25,PRIVILEGE_PARTIAL;HAS_XMLID_19
80,110,Contratación: Rol Gestor,Contratación,Gestor,25,Menus y Accesos Obsoletos,,,,,sicpro_app_administracion.grupo_app_administracion_obsoletos,25,PRIVILEGE_PARTIAL;HAS_XMLID_19
80,110,Contratación: Rol Gestor,Contratación,Gestor,26,Manage Multiple Units of Measure,,,,,uom.group_uom,25,PRIVILEGE_PARTIAL;HAS_XMLID_19
80,110,Contratación: Rol Gestor,Contratación,Gestor,27,Analytic Accounting,,,,,analytic.group_analytic_accounting,25,PRIVILEGE_PARTIAL;HAS_XMLID_19
80,110,Contratación: Rol Gestor,Contratación,Gestor,32,Use Stages on Project,,,,,project.group_project_stages,25,PRIVILEGE_PARTIAL;HAS_XMLID_19
80,110,Contratación: Rol Gestor,Contratación,Gestor,33,Use Recurring Tasks,,,,,project.group_project_recurring_tasks,25,PRIVILEGE_PARTIAL;HAS_XMLID_19
80,110,Contratación: Rol Gestor,Contratación,Gestor,34,Use Task Dependencies,,,,,project.group_project_task_dependencies,25,PRIVILEGE_PARTIAL;HAS_XMLID_19
80,110,Contratación: Rol Gestor,Contratación,Gestor,35,Use Milestones,,,,,project.group_project_milestone,25,PRIVILEGE_PARTIAL;HAS_XMLID_19
80,110,Contratación: Rol Gestor,Contratación,Gestor,44,Consultas Postgres,,,,,sicpro_modulo_querydb.group_querydeluxe,25,PRIVILEGE_PARTIAL;HAS_XMLID_19
80,110,Contratación: Rol Gestor,Contratación,Gestor,47,Ejecutor,15,CMI,108,Gestión de Producción,sicpro_app_cmi.grupo_app_cmi_ejecutor,10,IMPLIED_COMMON:usuarios;HAS_XMLID_19
80,110,Contratación: Rol Gestor,Contratación,Gestor,51,Ejecutor,16,Materiales e Insumos,102,Preparación Técnica,sicpro_app_materiales_insumos.grupo_app_materiales_insumos_ejecutor,10,IMPLIED_COMMON:usuarios;HAS_XMLID_19
80,110,Contratación: Rol Gestor,Contratación,Gestor,55,Todos los Trabajadores,17,Usuario del Proceso,97,Capital Humano,sicpro_app_trabajadores.grupo_app_trabajador_usuario_todos,10,IMPLIED_COMMON:usuarios;HAS_XMLID_19
80,110,Contratación: Rol Gestor,Contratación,Gestor,87,Ejecutor,29,Metrología,106,Activos y Herramientas,sicpro_app_metrologia.grupo_app_metrologia_ejecutor,10,IMPLIED_COMMON:usuarios;HAS_XMLID_19
80,110,Contratación: Rol Gestor,Contratación,Gestor,114,Ejecutor,36,Transporte,98,Transportación,sicpro_app_transporte.grupo_app_transporte_ejecutor,10,IMPLIED_COMMON:usuarios;HAS_XMLID_19
80,110,Contratación: Rol Gestor,Contratación,Gestor,118,Ejecutor,37,Piquera,98,Transportación,sicpro_app_transporte.grupo_app_transporte_piquera_ejecutor,10,IMPLIED_COMMON:usuarios;HAS_XMLID_19
80,110,Contratación: Rol Gestor,Contratación,Gestor,127,Ejecutor,40,Clientes,101,Solicitudes de Obras,sicpro_app_clientes.grupo_app_clientes_ejecutor,10,IMPLIED_COMMON:usuarios;HAS_XMLID_19
80,110,Contratación: Rol Gestor,Contratación,Gestor,131,Instructor,41,Instrucciones,97,Capital Humano,sicpro_app_instrucciones.grupo_app_instruciones_responsable,10,IMPLIED_COMMON:usuarios;HAS_XMLID_19
80,110,Contratación: Rol Gestor,Contratación,Gestor,142,Administrativos,44,Solicitudes,101,Solicitudes de Obras,sicpro_app_solicitudes.grupo_app_solicitud_usuario_vertodo,10,IMPLIED_COMMON:usuarios;HAS_XMLID_19
81,111,Contratación: Rol Distribuidor,Contratación,Distribuidor,1,Role / User,,,,,base.group_user,25,PRIVILEGE_PARTIAL;HAS_XMLID_19
81,111,Contratación: Rol Distribuidor,Contratación,Distribuidor,2,Access Rights,,,,,base.group_erp_manager,25,PRIVILEGE_PARTIAL;HAS_XMLID_19
81,111,Contratación: Rol Distribuidor,Contratación,Distribuidor,3,Bypass HTML Field Sanitize,,,,,base.group_sanitize_override,25,PRIVILEGE_PARTIAL;HAS_XMLID_19
81,111,Contratación: Rol Distribuidor,Contratación,Distribuidor,4,Role / Administrator,,,,,base.group_system,25,PRIVILEGE_PARTIAL;HAS_XMLID_19
81,111,Contratación: Rol Distribuidor,Contratación,Distribuidor,5,Multi Companies,,,,,base.group_multi_company,25,PRIVILEGE_PARTIAL;HAS_XMLID_19
81,111,Contratación: Rol Distribuidor,Contratación,Distribuidor,6,Multi Currencies,,,,,base.group_multi_currency,25,PRIVILEGE_PARTIAL;HAS_XMLID_19
81,111,Contratación: Rol Distribuidor,Contratación,Distribuidor,7,Technical Features,,,,,base.group_no_one,25,PRIVILEGE_PARTIAL;HAS_XMLID_19
81,111,Contratación: Rol Distribuidor,Contratación,Distribuidor,10,Role / Portal,,,,,base.group_portal,25,PRIVILEGE_PARTIAL;HAS_XMLID_19
81,111,Contratación: Rol Distribuidor,Contratación,Distribuidor,11,Role / Public,,,,,base.group_public,25,PRIVILEGE_PARTIAL;HAS_XMLID_19
81,111,Contratación: Rol Distribuidor,Contratación,Distribuidor,12,Default access for new users,,,,,base.default_user_group,25,PRIVILEGE_PARTIAL;HAS_XMLID_19
81,111,Contratación: Rol Distribuidor,Contratación,Distribuidor,13,Technical Documentation,,,,,api_doc.group_allow_doc,25,PRIVILEGE_PARTIAL;HAS_XMLID_19
81,111,Contratación: Rol Distribuidor,Contratación,Distribuidor,15,Mail Template Editor,,,,,mail.group_mail_template_editor,25,PRIVILEGE_PARTIAL;HAS_XMLID_19
81,111,Contratación: Rol Distribuidor,Contratación,Distribuidor,16,Receive notifications in Odoo,,,,,mail.group_mail_notification_type_inbox,25,PRIVILEGE_PARTIAL;HAS_XMLID_19
81,111,Contratación: Rol Distribuidor,Contratación,Distribuidor,25,Menus y Accesos Obsoletos,,,,,sicpro_app_administracion.grupo_app_administracion_obsoletos,25,PRIVILEGE_PARTIAL;HAS_XMLID_19
81,111,Contratación: Rol Distribuidor,Contratación,Distribuidor,26,Manage Multiple Units of Measure,,,,,uom.group_uom,25,PRIVILEGE_PARTIAL;HAS_XMLID_19
81,111,Contratación: Rol Distribuidor,Contratación,Distribuidor,27,Analytic Accounting,,,,,analytic.group_analytic_accounting,25,PRIVILEGE_PARTIAL;HAS_XMLID_19
81,111,Contratación: Rol Distribuidor,Contratación,Distribuidor,32,Use Stages on Project,,,,,project.group_project_stages,25,PRIVILEGE_PARTIAL;HAS_XMLID_19
81,111,Contratación: Rol Distribuidor,Contratación,Distribuidor,33,Use Recurring Tasks,,,,,project.group_project_recurring_tasks,25,PRIVILEGE_PARTIAL;HAS_XMLID_19
81,111,Contratación: Rol Distribuidor,Contratación,Distribuidor,34,Use Task Dependencies,,,,,project.group_project_task_dependencies,25,PRIVILEGE_PARTIAL;HAS_XMLID_19
81,111,Contratación: Rol Distribuidor,Contratación,Distribuidor,35,Use Milestones,,,,,project.group_project_milestone,25,PRIVILEGE_PARTIAL;HAS_XMLID_19
81,111,Contratación: Rol Distribuidor,Contratación,Distribuidor,44,Consultas Postgres,,,,,sicpro_modulo_querydb.group_querydeluxe,25,PRIVILEGE_PARTIAL;HAS_XMLID_19
81,111,Contratación: Rol Distribuidor,Contratación,Distribuidor,47,Ejecutor,15,CMI,108,Gestión de Producción,sicpro_app_cmi.grupo_app_cmi_ejecutor,10,IMPLIED_COMMON:usuarios;HAS_XMLID_19
81,111,Contratación: Rol Distribuidor,Contratación,Distribuidor,51,Ejecutor,16,Materiales e Insumos,102,Preparación Técnica,sicpro_app_materiales_insumos.grupo_app_materiales_insumos_ejecutor,10,IMPLIED_COMMON:usuarios;HAS_XMLID_19
81,111,Contratación: Rol Distribuidor,Contratación,Distribuidor,55,Todos los Trabajadores,17,Usuario del Proceso,97,Capital Humano,sicpro_app_trabajadores.grupo_app_trabajador_usuario_todos,10,IMPLIED_COMMON:usuarios;HAS_XMLID_19
81,111,Contratación: Rol Distribuidor,Contratación,Distribuidor,87,Ejecutor,29,Metrología,106,Activos y Herramientas,sicpro_app_metrologia.grupo_app_metrologia_ejecutor,10,IMPLIED_COMMON:usuarios;HAS_XMLID_19
81,111,Contratación: Rol Distribuidor,Contratación,Distribuidor,114,Ejecutor,36,Transporte,98,Transportación,sicpro_app_transporte.grupo_app_transporte_ejecutor,10,IMPLIED_COMMON:usuarios;HAS_XMLID_19
81,111,Contratación: Rol Distribuidor,Contratación,Distribuidor,118,Ejecutor,37,Piquera,98,Transportación,sicpro_app_transporte.grupo_app_transporte_piquera_ejecutor,10,IMPLIED_COMMON:usuarios;HAS_XMLID_19
81,111,Contratación: Rol Distribuidor,Contratación,Distribuidor,127,Ejecutor,40,Clientes,101,Solicitudes de Obras,sicpro_app_clientes.grupo_app_clientes_ejecutor,10,IMPLIED_COMMON:usuarios;HAS_XMLID_19
81,111,Contratación: Rol Distribuidor,Contratación,Distribuidor,131,Instructor,41,Instrucciones,97,Capital Humano,sicpro_app_instrucciones.grupo_app_instruciones_responsable,10,IMPLIED_COMMON:usuarios;HAS_XMLID_19
81,111,Contratación: Rol Distribuidor,Contratación,Distribuidor,142,Administrativos,44,Solicitudes,101,Solicitudes de Obras,sicpro_app_solicitudes.grupo_app_solicitud_usuario_vertodo,10,IMPLIED_COMMON:usuarios;HAS_XMLID_19
83,113,Contratación: Rol Comité de Contratación,Contratación,Comité de Contratación,1,Role / User,,,,,base.group_user,25,PRIVILEGE_PARTIAL;HAS_XMLID_19
83,113,Contratación: Rol Comité de Contratación,Contratación,Comité de Contratación,2,Access Rights,,,,,base.group_erp_manager,25,PRIVILEGE_PARTIAL;HAS_XMLID_19
83,113,Contratación: Rol Comité de Contratación,Contratación,Comité de Contratación,3,Bypass HTML Field Sanitize,,,,,base.group_sanitize_override,25,PRIVILEGE_PARTIAL;HAS_XMLID_19
83,113,Contratación: Rol Comité de Contratación,Contratación,Comité de Contratación,4,Role / Administrator,,,,,base.group_system,25,PRIVILEGE_PARTIAL;HAS_XMLID_19
83,113,Contratación: Rol Comité de Contratación,Contratación,Comité de Contratación,5,Multi Companies,,,,,base.group_multi_company,25,PRIVILEGE_PARTIAL;HAS_XMLID_19
83,113,Contratación: Rol Comité de Contratación,Contratación,Comité de Contratación,6,Multi Currencies,,,,,base.group_multi_currency,25,PRIVILEGE_PARTIAL;HAS_XMLID_19
83,113,Contratación: Rol Comité de Contratación,Contratación,Comité de Contratación,7,Technical Features,,,,,base.group_no_one,25,PRIVILEGE_PARTIAL;HAS_XMLID_19
83,113,Contratación: Rol Comité de Contratación,Contratación,Comité de Contratación,10,Role / Portal,,,,,base.group_portal,25,PRIVILEGE_PARTIAL;HAS_XMLID_19
83,113,Contratación: Rol Comité de Contratación,Contratación,Comité de Contratación,11,Role / Public,,,,,base.group_public,25,PRIVILEGE_PARTIAL;HAS_XMLID_19
83,113,Contratación: Rol Comité de Contratación,Contratación,Comité de Contratación,12,Default access for new users,,,,,base.default_user_group,25,PRIVILEGE_PARTIAL;HAS_XMLID_19
83,113,Contratación: Rol Comité de Contratación,Contratación,Comité de Contratación,13,Technical Documentation,,,,,api_doc.group_allow_doc,25,PRIVILEGE_PARTIAL;HAS_XMLID_19
83,113,Contratación: Rol Comité de Contratación,Contratación,Comité de Contratación,15,Mail Template Editor,,,,,mail.group_mail_template_editor,25,PRIVILEGE_PARTIAL;HAS_XMLID_19
83,113,Contratación: Rol Comité de Contratación,Contratación,Comité de Contratación,16,Receive notifications in Odoo,,,,,mail.group_mail_notification_type_inbox,25,PRIVILEGE_PARTIAL;HAS_XMLID_19
83,113,Contratación: Rol Comité de Contratación,Contratación,Comité de Contratación,25,Menus y Accesos Obsoletos,,,,,sicpro_app_administracion.grupo_app_administracion_obsoletos,25,PRIVILEGE_PARTIAL;HAS_XMLID_19
83,113,Contratación: Rol Comité de Contratación,Contratación,Comité de Contratación,26,Manage Multiple Units of Measure,,,,,uom.group_uom,25,PRIVILEGE_PARTIAL;HAS_XMLID_19
83,113,Contratación: Rol Comité de Contratación,Contratación,Comité de Contratación,27,Analytic Accounting,,,,,analytic.group_analytic_accounting,25,PRIVILEGE_PARTIAL;HAS_XMLID_19
83,113,Contratación: Rol Comité de Contratación,Contratación,Comité de Contratación,32,Use Stages on Project,,,,,project.group_project_stages,25,PRIVILEGE_PARTIAL;HAS_XMLID_19
83,113,Contratación: Rol Comité de Contratación,Contratación,Comité de Contratación,33,Use Recurring Tasks,,,,,project.group_project_recurring_tasks,25,PRIVILEGE_PARTIAL;HAS_XMLID_19
83,113,Contratación: Rol Comité de Contratación,Contratación,Comité de Contratación,34,Use Task Dependencies,,,,,project.group_project_task_dependencies,25,PRIVILEGE_PARTIAL;HAS_XMLID_19
83,113,Contratación: Rol Comité de Contratación,Contratación,Comité de Contratación,35,Use Milestones,,,,,project.group_project_milestone,25,PRIVILEGE_PARTIAL;HAS_XMLID_19
83,113,Contratación: Rol Comité de Contratación,Contratación,Comité de Contratación,44,Consultas Postgres,,,,,sicpro_modulo_querydb.group_querydeluxe,25,PRIVILEGE_PARTIAL;HAS_XMLID_19
83,113,Contratación: Rol Comité de Contratación,Contratación,Comité de Contratación,47,Ejecutor,15,CMI,108,Gestión de Producción,sicpro_app_cmi.grupo_app_cmi_ejecutor,10,IMPLIED_COMMON:usuarios;HAS_XMLID_19
83,113,Contratación: Rol Comité de Contratación,Contratación,Comité de Contratación,51,Ejecutor,16,Materiales e Insumos,102,Preparación Técnica,sicpro_app_materiales_insumos.grupo_app_materiales_insumos_ejecutor,10,IMPLIED_COMMON:usuarios;HAS_XMLID_19
83,113,Contratación: Rol Comité de Contratación,Contratación,Comité de Contratación,55,Todos los Trabajadores,17,Usuario del Proceso,97,Capital Humano,sicpro_app_trabajadores.grupo_app_trabajador_usuario_todos,10,IMPLIED_COMMON:usuarios;HAS_XMLID_19
83,113,Contratación: Rol Comité de Contratación,Contratación,Comité de Contratación,87,Ejecutor,29,Metrología,106,Activos y Herramientas,sicpro_app_metrologia.grupo_app_metrologia_ejecutor,10,IMPLIED_COMMON:usuarios;HAS_XMLID_19
83,113,Contratación: Rol Comité de Contratación,Contratación,Comité de Contratación,114,Ejecutor,36,Transporte,98,Transportación,sicpro_app_transporte.grupo_app_transporte_ejecutor,10,IMPLIED_COMMON:usuarios;HAS_XMLID_19
83,113,Contratación: Rol Comité de Contratación,Contratación,Comité de Contratación,118,Ejecutor,37,Piquera,98,Transportación,sicpro_app_transporte.grupo_app_transporte_piquera_ejecutor,10,IMPLIED_COMMON:usuarios;HAS_XMLID_19
83,113,Contratación: Rol Comité de Contratación,Contratación,Comité de Contratación,127,Ejecutor,40,Clientes,101,Solicitudes de Obras,sicpro_app_clientes.grupo_app_clientes_ejecutor,10,IMPLIED_COMMON:usuarios;HAS_XMLID_19
83,113,Contratación: Rol Comité de Contratación,Contratación,Comité de Contratación,131,Instructor,41,Instrucciones,97,Capital Humano,sicpro_app_instrucciones.grupo_app_instruciones_responsable,10,IMPLIED_COMMON:usuarios;HAS_XMLID_19
83,113,Contratación: Rol Comité de Contratación,Contratación,Comité de Contratación,142,Administrativos,44,Solicitudes,101,Solicitudes de Obras,sicpro_app_solicitudes.grupo_app_solicitud_usuario_vertodo,10,IMPLIED_COMMON:usuarios;HAS_XMLID_19
84,114,Contratación: Rol Revisión del Área,Contratación,Revisión del Área,73,Revisión,24,Revisión,109,Control de la información,sicpro_app_control_informacion.grupo_control_informacion_revision,35,ROLE_NAME_PARTIAL;HAS_XMLID_19
84,114,Contratación: Rol Revisión del Área,Contratación,Revisión del Área,1,Role / User,,,,,base.group_user,25,PRIVILEGE_PARTIAL;HAS_XMLID_19
84,114,Contratación: Rol Revisión del Área,Contratación,Revisión del Área,2,Access Rights,,,,,base.group_erp_manager,25,PRIVILEGE_PARTIAL;HAS_XMLID_19
84,114,Contratación: Rol Revisión del Área,Contratación,Revisión del Área,3,Bypass HTML Field Sanitize,,,,,base.group_sanitize_override,25,PRIVILEGE_PARTIAL;HAS_XMLID_19
84,114,Contratación: Rol Revisión del Área,Contratación,Revisión del Área,4,Role / Administrator,,,,,base.group_system,25,PRIVILEGE_PARTIAL;HAS_XMLID_19
84,114,Contratación: Rol Revisión del Área,Contratación,Revisión del Área,5,Multi Companies,,,,,base.group_multi_company,25,PRIVILEGE_PARTIAL;HAS_XMLID_19
84,114,Contratación: Rol Revisión del Área,Contratación,Revisión del Área,6,Multi Currencies,,,,,base.group_multi_currency,25,PRIVILEGE_PARTIAL;HAS_XMLID_19
84,114,Contratación: Rol Revisión del Área,Contratación,Revisión del Área,7,Technical Features,,,,,base.group_no_one,25,PRIVILEGE_PARTIAL;HAS_XMLID_19
84,114,Contratación: Rol Revisión del Área,Contratación,Revisión del Área,10,Role / Portal,,,,,base.group_portal,25,PRIVILEGE_PARTIAL;HAS_XMLID_19
84,114,Contratación: Rol Revisión del Área,Contratación,Revisión del Área,11,Role / Public,,,,,base.group_public,25,PRIVILEGE_PARTIAL;HAS_XMLID_19
84,114,Contratación: Rol Revisión del Área,Contratación,Revisión del Área,12,Default access for new users,,,,,base.default_user_group,25,PRIVILEGE_PARTIAL;HAS_XMLID_19
84,114,Contratación: Rol Revisión del Área,Contratación,Revisión del Área,13,Technical Documentation,,,,,api_doc.group_allow_doc,25,PRIVILEGE_PARTIAL;HAS_XMLID_19
84,114,Contratación: Rol Revisión del Área,Contratación,Revisión del Área,15,Mail Template Editor,,,,,mail.group_mail_template_editor,25,PRIVILEGE_PARTIAL;HAS_XMLID_19
84,114,Contratación: Rol Revisión del Área,Contratación,Revisión del Área,16,Receive notifications in Odoo,,,,,mail.group_mail_notification_type_inbox,25,PRIVILEGE_PARTIAL;HAS_XMLID_19
84,114,Contratación: Rol Revisión del Área,Contratación,Revisión del Área,25,Menus y Accesos Obsoletos,,,,,sicpro_app_administracion.grupo_app_administracion_obsoletos,25,PRIVILEGE_PARTIAL;HAS_XMLID_19
84,114,Contratación: Rol Revisión del Área,Contratación,Revisión del Área,26,Manage Multiple Units of Measure,,,,,uom.group_uom,25,PRIVILEGE_PARTIAL;HAS_XMLID_19
84,114,Contratación: Rol Revisión del Área,Contratación,Revisión del Área,27,Analytic Accounting,,,,,analytic.group_analytic_accounting,25,PRIVILEGE_PARTIAL;HAS_XMLID_19
84,114,Contratación: Rol Revisión del Área,Contratación,Revisión del Área,32,Use Stages on Project,,,,,project.group_project_stages,25,PRIVILEGE_PARTIAL;HAS_XMLID_19
84,114,Contratación: Rol Revisión del Área,Contratación,Revisión del Área,33,Use Recurring Tasks,,,,,project.group_project_recurring_tasks,25,PRIVILEGE_PARTIAL;HAS_XMLID_19
84,114,Contratación: Rol Revisión del Área,Contratación,Revisión del Área,34,Use Task Dependencies,,,,,project.group_project_task_dependencies,25,PRIVILEGE_PARTIAL;HAS_XMLID_19
84,114,Contratación: Rol Revisión del Área,Contratación,Revisión del Área,35,Use Milestones,,,,,project.group_project_milestone,25,PRIVILEGE_PARTIAL;HAS_XMLID_19
84,114,Contratación: Rol Revisión del Área,Contratación,Revisión del Área,44,Consultas Postgres,,,,,sicpro_modulo_querydb.group_querydeluxe,25,PRIVILEGE_PARTIAL;HAS_XMLID_19
84,114,Contratación: Rol Revisión del Área,Contratación,Revisión del Área,47,Ejecutor,15,CMI,108,Gestión de Producción,sicpro_app_cmi.grupo_app_cmi_ejecutor,10,IMPLIED_COMMON:usuarios;HAS_XMLID_19
84,114,Contratación: Rol Revisión del Área,Contratación,Revisión del Área,51,Ejecutor,16,Materiales e Insumos,102,Preparación Técnica,sicpro_app_materiales_insumos.grupo_app_materiales_insumos_ejecutor,10,IMPLIED_COMMON:usuarios;HAS_XMLID_19
84,114,Contratación: Rol Revisión del Área,Contratación,Revisión del Área,55,Todos los Trabajadores,17,Usuario del Proceso,97,Capital Humano,sicpro_app_trabajadores.grupo_app_trabajador_usuario_todos,10,IMPLIED_COMMON:usuarios;HAS_XMLID_19
84,114,Contratación: Rol Revisión del Área,Contratación,Revisión del Área,87,Ejecutor,29,Metrología,106,Activos y Herramientas,sicpro_app_metrologia.grupo_app_metrologia_ejecutor,10,IMPLIED_COMMON:usuarios;HAS_XMLID_19
84,114,Contratación: Rol Revisión del Área,Contratación,Revisión del Área,114,Ejecutor,36,Transporte,98,Transportación,sicpro_app_transporte.grupo_app_transporte_ejecutor,10,IMPLIED_COMMON:usuarios;HAS_XMLID_19
84,114,Contratación: Rol Revisión del Área,Contratación,Revisión del Área,118,Ejecutor,37,Piquera,98,Transportación,sicpro_app_transporte.grupo_app_transporte_piquera_ejecutor,10,IMPLIED_COMMON:usuarios;HAS_XMLID_19
84,114,Contratación: Rol Revisión del Área,Contratación,Revisión del Área,127,Ejecutor,40,Clientes,101,Solicitudes de Obras,sicpro_app_clientes.grupo_app_clientes_ejecutor,10,IMPLIED_COMMON:usuarios;HAS_XMLID_19
84,114,Contratación: Rol Revisión del Área,Contratación,Revisión del Área,131,Instructor,41,Instrucciones,97,Capital Humano,sicpro_app_instrucciones.grupo_app_instruciones_responsable,10,IMPLIED_COMMON:usuarios;HAS_XMLID_19
84,114,Contratación: Rol Revisión del Área,Contratación,Revisión del Área,142,Administrativos,44,Solicitudes,101,Solicitudes de Obras,sicpro_app_solicitudes.grupo_app_solicitud_usuario_vertodo,10,IMPLIED_COMMON:usuarios;HAS_XMLID_19
85,115,Contratación: Rol Legal,Contratación,Legal,64,Acción Legal,20,Disciplinarias,97,Capital Humano,sicpro_app_trabajadores.grupo_app_trabajador_disciplina_legal,35,ROLE_NAME_PARTIAL;HAS_XMLID_19
85,115,Contratación: Rol Legal,Contratación,Legal,1,Role / User,,,,,base.group_user,25,PRIVILEGE_PARTIAL;HAS_XMLID_19
85,115,Contratación: Rol Legal,Contratación,Legal,2,Access Rights,,,,,base.group_erp_manager,25,PRIVILEGE_PARTIAL;HAS_XMLID_19
85,115,Contratación: Rol Legal,Contratación,Legal,3,Bypass HTML Field Sanitize,,,,,base.group_sanitize_override,25,PRIVILEGE_PARTIAL;HAS_XMLID_19
85,115,Contratación: Rol Legal,Contratación,Legal,4,Role / Administrator,,,,,base.group_system,25,PRIVILEGE_PARTIAL;HAS_XMLID_19
85,115,Contratación: Rol Legal,Contratación,Legal,5,Multi Companies,,,,,base.group_multi_company,25,PRIVILEGE_PARTIAL;HAS_XMLID_19
85,115,Contratación: Rol Legal,Contratación,Legal,6,Multi Currencies,,,,,base.group_multi_currency,25,PRIVILEGE_PARTIAL;HAS_XMLID_19
85,115,Contratación: Rol Legal,Contratación,Legal,7,Technical Features,,,,,base.group_no_one,25,PRIVILEGE_PARTIAL;HAS_XMLID_19
85,115,Contratación: Rol Legal,Contratación,Legal,10,Role / Portal,,,,,base.group_portal,25,PRIVILEGE_PARTIAL;HAS_XMLID_19
85,115,Contratación: Rol Legal,Contratación,Legal,11,Role / Public,,,,,base.group_public,25,PRIVILEGE_PARTIAL;HAS_XMLID_19
85,115,Contratación: Rol Legal,Contratación,Legal,12,Default access for new users,,,,,base.default_user_group,25,PRIVILEGE_PARTIAL;HAS_XMLID_19
85,115,Contratación: Rol Legal,Contratación,Legal,13,Technical Documentation,,,,,api_doc.group_allow_doc,25,PRIVILEGE_PARTIAL;HAS_XMLID_19
85,115,Contratación: Rol Legal,Contratación,Legal,15,Mail Template Editor,,,,,mail.group_mail_template_editor,25,PRIVILEGE_PARTIAL;HAS_XMLID_19
85,115,Contratación: Rol Legal,Contratación,Legal,16,Receive notifications in Odoo,,,,,mail.group_mail_notification_type_inbox,25,PRIVILEGE_PARTIAL;HAS_XMLID_19
85,115,Contratación: Rol Legal,Contratación,Legal,25,Menus y Accesos Obsoletos,,,,,sicpro_app_administracion.grupo_app_administracion_obsoletos,25,PRIVILEGE_PARTIAL;HAS_XMLID_19
85,115,Contratación: Rol Legal,Contratación,Legal,26,Manage Multiple Units of Measure,,,,,uom.group_uom,25,PRIVILEGE_PARTIAL;HAS_XMLID_19
85,115,Contratación: Rol Legal,Contratación,Legal,27,Analytic Accounting,,,,,analytic.group_analytic_accounting,25,PRIVILEGE_PARTIAL;HAS_XMLID_19
85,115,Contratación: Rol Legal,Contratación,Legal,32,Use Stages on Project,,,,,project.group_project_stages,25,PRIVILEGE_PARTIAL;HAS_XMLID_19
85,115,Contratación: Rol Legal,Contratación,Legal,33,Use Recurring Tasks,,,,,project.group_project_recurring_tasks,25,PRIVILEGE_PARTIAL;HAS_XMLID_19
85,115,Contratación: Rol Legal,Contratación,Legal,34,Use Task Dependencies,,,,,project.group_project_task_dependencies,25,PRIVILEGE_PARTIAL;HAS_XMLID_19
85,115,Contratación: Rol Legal,Contratación,Legal,35,Use Milestones,,,,,project.group_project_milestone,25,PRIVILEGE_PARTIAL;HAS_XMLID_19
85,115,Contratación: Rol Legal,Contratación,Legal,44,Consultas Postgres,,,,,sicpro_modulo_querydb.group_querydeluxe,25,PRIVILEGE_PARTIAL;HAS_XMLID_19
85,115,Contratación: Rol Legal,Contratación,Legal,47,Ejecutor,15,CMI,108,Gestión de Producción,sicpro_app_cmi.grupo_app_cmi_ejecutor,10,IMPLIED_COMMON:usuarios;HAS_XMLID_19
85,115,Contratación: Rol Legal,Contratación,Legal,51,Ejecutor,16,Materiales e Insumos,102,Preparación Técnica,sicpro_app_materiales_insumos.grupo_app_materiales_insumos_ejecutor,10,IMPLIED_COMMON:usuarios;HAS_XMLID_19
85,115,Contratación: Rol Legal,Contratación,Legal,55,Todos los Trabajadores,17,Usuario del Proceso,97,Capital Humano,sicpro_app_trabajadores.grupo_app_trabajador_usuario_todos,10,IMPLIED_COMMON:usuarios;HAS_XMLID_19
85,115,Contratación: Rol Legal,Contratación,Legal,87,Ejecutor,29,Metrología,106,Activos y Herramientas,sicpro_app_metrologia.grupo_app_metrologia_ejecutor,10,IMPLIED_COMMON:usuarios;HAS_XMLID_19
85,115,Contratación: Rol Legal,Contratación,Legal,114,Ejecutor,36,Transporte,98,Transportación,sicpro_app_transporte.grupo_app_transporte_ejecutor,10,IMPLIED_COMMON:usuarios;HAS_XMLID_19
85,115,Contratación: Rol Legal,Contratación,Legal,118,Ejecutor,37,Piquera,98,Transportación,sicpro_app_transporte.grupo_app_transporte_piquera_ejecutor,10,IMPLIED_COMMON:usuarios;HAS_XMLID_19
85,115,Contratación: Rol Legal,Contratación,Legal,127,Ejecutor,40,Clientes,101,Solicitudes de Obras,sicpro_app_clientes.grupo_app_clientes_ejecutor,10,IMPLIED_COMMON:usuarios;HAS_XMLID_19
85,115,Contratación: Rol Legal,Contratación,Legal,131,Instructor,41,Instrucciones,97,Capital Humano,sicpro_app_instrucciones.grupo_app_instruciones_responsable,10,IMPLIED_COMMON:usuarios;HAS_XMLID_19
85,115,Contratación: Rol Legal,Contratación,Legal,142,Administrativos,44,Solicitudes,101,Solicitudes de Obras,sicpro_app_solicitudes.grupo_app_solicitud_usuario_vertodo,10,IMPLIED_COMMON:usuarios;HAS_XMLID_19
86,116,Contratación: Rol Economía Contratos,Contratación,Economía Contratos,138,Economía,43,Operaciones,110,Programa de la Vivienda,sicpro_app_programa_viviendas.grupo_app_vivienda_economia,35,ROLE_NAME_PARTIAL;HAS_XMLID_19
86,116,Contratación: Rol Economía Contratos,Contratación,Economía Contratos,1,Role / User,,,,,base.group_user,25,PRIVILEGE_PARTIAL;HAS_XMLID_19
86,116,Contratación: Rol Economía Contratos,Contratación,Economía Contratos,2,Access Rights,,,,,base.group_erp_manager,25,PRIVILEGE_PARTIAL;HAS_XMLID_19
86,116,Contratación: Rol Economía Contratos,Contratación,Economía Contratos,3,Bypass HTML Field Sanitize,,,,,base.group_sanitize_override,25,PRIVILEGE_PARTIAL;HAS_XMLID_19
86,116,Contratación: Rol Economía Contratos,Contratación,Economía Contratos,4,Role / Administrator,,,,,base.group_system,25,PRIVILEGE_PARTIAL;HAS_XMLID_19
86,116,Contratación: Rol Economía Contratos,Contratación,Economía Contratos,5,Multi Companies,,,,,base.group_multi_company,25,PRIVILEGE_PARTIAL;HAS_XMLID_19
86,116,Contratación: Rol Economía Contratos,Contratación,Economía Contratos,6,Multi Currencies,,,,,base.group_multi_currency,25,PRIVILEGE_PARTIAL;HAS_XMLID_19
86,116,Contratación: Rol Economía Contratos,Contratación,Economía Contratos,7,Technical Features,,,,,base.group_no_one,25,PRIVILEGE_PARTIAL;HAS_XMLID_19
86,116,Contratación: Rol Economía Contratos,Contratación,Economía Contratos,10,Role / Portal,,,,,base.group_portal,25,PRIVILEGE_PARTIAL;HAS_XMLID_19
86,116,Contratación: Rol Economía Contratos,Contratación,Economía Contratos,11,Role / Public,,,,,base.group_public,25,PRIVILEGE_PARTIAL;HAS_XMLID_19
86,116,Contratación: Rol Economía Contratos,Contratación,Economía Contratos,12,Default access for new users,,,,,base.default_user_group,25,PRIVILEGE_PARTIAL;HAS_XMLID_19
86,116,Contratación: Rol Economía Contratos,Contratación,Economía Contratos,13,Technical Documentation,,,,,api_doc.group_allow_doc,25,PRIVILEGE_PARTIAL;HAS_XMLID_19
86,116,Contratación: Rol Economía Contratos,Contratación,Economía Contratos,15,Mail Template Editor,,,,,mail.group_mail_template_editor,25,PRIVILEGE_PARTIAL;HAS_XMLID_19
86,116,Contratación: Rol Economía Contratos,Contratación,Economía Contratos,16,Receive notifications in Odoo,,,,,mail.group_mail_notification_type_inbox,25,PRIVILEGE_PARTIAL;HAS_XMLID_19
86,116,Contratación: Rol Economía Contratos,Contratación,Economía Contratos,25,Menus y Accesos Obsoletos,,,,,sicpro_app_administracion.grupo_app_administracion_obsoletos,25,PRIVILEGE_PARTIAL;HAS_XMLID_19
86,116,Contratación: Rol Economía Contratos,Contratación,Economía Contratos,26,Manage Multiple Units of Measure,,,,,uom.group_uom,25,PRIVILEGE_PARTIAL;HAS_XMLID_19
86,116,Contratación: Rol Economía Contratos,Contratación,Economía Contratos,27,Analytic Accounting,,,,,analytic.group_analytic_accounting,25,PRIVILEGE_PARTIAL;HAS_XMLID_19
86,116,Contratación: Rol Economía Contratos,Contratación,Economía Contratos,32,Use Stages on Project,,,,,project.group_project_stages,25,PRIVILEGE_PARTIAL;HAS_XMLID_19
86,116,Contratación: Rol Economía Contratos,Contratación,Economía Contratos,33,Use Recurring Tasks,,,,,project.group_project_recurring_tasks,25,PRIVILEGE_PARTIAL;HAS_XMLID_19
86,116,Contratación: Rol Economía Contratos,Contratación,Economía Contratos,34,Use Task Dependencies,,,,,project.group_project_task_dependencies,25,PRIVILEGE_PARTIAL;HAS_XMLID_19
86,116,Contratación: Rol Economía Contratos,Contratación,Economía Contratos,35,Use Milestones,,,,,project.group_project_milestone,25,PRIVILEGE_PARTIAL;HAS_XMLID_19
86,116,Contratación: Rol Economía Contratos,Contratación,Economía Contratos,44,Consultas Postgres,,,,,sicpro_modulo_querydb.group_querydeluxe,25,PRIVILEGE_PARTIAL;HAS_XMLID_19
86,116,Contratación: Rol Economía Contratos,Contratación,Economía Contratos,47,Ejecutor,15,CMI,108,Gestión de Producción,sicpro_app_cmi.grupo_app_cmi_ejecutor,10,IMPLIED_COMMON:usuarios;HAS_XMLID_19
86,116,Contratación: Rol Economía Contratos,Contratación,Economía Contratos,51,Ejecutor,16,Materiales e Insumos,102,Preparación Técnica,sicpro_app_materiales_insumos.grupo_app_materiales_insumos_ejecutor,10,IMPLIED_COMMON:usuarios;HAS_XMLID_19
86,116,Contratación: Rol Economía Contratos,Contratación,Economía Contratos,55,Todos los Trabajadores,17,Usuario del Proceso,97,Capital Humano,sicpro_app_trabajadores.grupo_app_trabajador_usuario_todos,10,IMPLIED_COMMON:usuarios;HAS_XMLID_19
86,116,Contratación: Rol Economía Contratos,Contratación,Economía Contratos,87,Ejecutor,29,Metrología,106,Activos y Herramientas,sicpro_app_metrologia.grupo_app_metrologia_ejecutor,10,IMPLIED_COMMON:usuarios;HAS_XMLID_19
86,116,Contratación: Rol Economía Contratos,Contratación,Economía Contratos,114,Ejecutor,36,Transporte,98,Transportación,sicpro_app_transporte.grupo_app_transporte_ejecutor,10,IMPLIED_COMMON:usuarios;HAS_XMLID_19
86,116,Contratación: Rol Economía Contratos,Contratación,Economía Contratos,118,Ejecutor,37,Piquera,98,Transportación,sicpro_app_transporte.grupo_app_transporte_piquera_ejecutor,10,IMPLIED_COMMON:usuarios;HAS_XMLID_19
86,116,Contratación: Rol Economía Contratos,Contratación,Economía Contratos,127,Ejecutor,40,Clientes,101,Solicitudes de Obras,sicpro_app_clientes.grupo_app_clientes_ejecutor,10,IMPLIED_COMMON:usuarios;HAS_XMLID_19
86,116,Contratación: Rol Economía Contratos,Contratación,Economía Contratos,131,Instructor,41,Instrucciones,97,Capital Humano,sicpro_app_instrucciones.grupo_app_instruciones_responsable,10,IMPLIED_COMMON:usuarios;HAS_XMLID_19
86,116,Contratación: Rol Economía Contratos,Contratación,Economía Contratos,142,Administrativos,44,Solicitudes,101,Solicitudes de Obras,sicpro_app_solicitudes.grupo_app_solicitud_usuario_vertodo,10,IMPLIED_COMMON:usuarios;HAS_XMLID_19
87,117,Contratación: Rol Económico,Contratación,Económico,1,Role / User,,,,,base.group_user,25,PRIVILEGE_PARTIAL;HAS_XMLID_19
87,117,Contratación: Rol Económico,Contratación,Económico,2,Access Rights,,,,,base.group_erp_manager,25,PRIVILEGE_PARTIAL;HAS_XMLID_19
87,117,Contratación: Rol Económico,Contratación,Económico,3,Bypass HTML Field Sanitize,,,,,base.group_sanitize_override,25,PRIVILEGE_PARTIAL;HAS_XMLID_19
87,117,Contratación: Rol Económico,Contratación,Económico,4,Role / Administrator,,,,,base.group_system,25,PRIVILEGE_PARTIAL;HAS_XMLID_19
87,117,Contratación: Rol Económico,Contratación,Económico,5,Multi Companies,,,,,base.group_multi_company,25,PRIVILEGE_PARTIAL;HAS_XMLID_19
87,117,Contratación: Rol Económico,Contratación,Económico,6,Multi Currencies,,,,,base.group_multi_currency,25,PRIVILEGE_PARTIAL;HAS_XMLID_19
87,117,Contratación: Rol Económico,Contratación,Económico,7,Technical Features,,,,,base.group_no_one,25,PRIVILEGE_PARTIAL;HAS_XMLID_19
87,117,Contratación: Rol Económico,Contratación,Económico,10,Role / Portal,,,,,base.group_portal,25,PRIVILEGE_PARTIAL;HAS_XMLID_19
87,117,Contratación: Rol Económico,Contratación,Económico,11,Role / Public,,,,,base.group_public,25,PRIVILEGE_PARTIAL;HAS_XMLID_19
87,117,Contratación: Rol Económico,Contratación,Económico,12,Default access for new users,,,,,base.default_user_group,25,PRIVILEGE_PARTIAL;HAS_XMLID_19
87,117,Contratación: Rol Económico,Contratación,Económico,13,Technical Documentation,,,,,api_doc.group_allow_doc,25,PRIVILEGE_PARTIAL;HAS_XMLID_19
87,117,Contratación: Rol Económico,Contratación,Económico,15,Mail Template Editor,,,,,mail.group_mail_template_editor,25,PRIVILEGE_PARTIAL;HAS_XMLID_19
87,117,Contratación: Rol Económico,Contratación,Económico,16,Receive notifications in Odoo,,,,,mail.group_mail_notification_type_inbox,25,PRIVILEGE_PARTIAL;HAS_XMLID_19
87,117,Contratación: Rol Económico,Contratación,Económico,25,Menus y Accesos Obsoletos,,,,,sicpro_app_administracion.grupo_app_administracion_obsoletos,25,PRIVILEGE_PARTIAL;HAS_XMLID_19
87,117,Contratación: Rol Económico,Contratación,Económico,26,Manage Multiple Units of Measure,,,,,uom.group_uom,25,PRIVILEGE_PARTIAL;HAS_XMLID_19
87,117,Contratación: Rol Económico,Contratación,Económico,27,Analytic Accounting,,,,,analytic.group_analytic_accounting,25,PRIVILEGE_PARTIAL;HAS_XMLID_19
87,117,Contratación: Rol Económico,Contratación,Económico,32,Use Stages on Project,,,,,project.group_project_stages,25,PRIVILEGE_PARTIAL;HAS_XMLID_19
87,117,Contratación: Rol Económico,Contratación,Económico,33,Use Recurring Tasks,,,,,project.group_project_recurring_tasks,25,PRIVILEGE_PARTIAL;HAS_XMLID_19
87,117,Contratación: Rol Económico,Contratación,Económico,34,Use Task Dependencies,,,,,project.group_project_task_dependencies,25,PRIVILEGE_PARTIAL;HAS_XMLID_19
87,117,Contratación: Rol Económico,Contratación,Económico,35,Use Milestones,,,,,project.group_project_milestone,25,PRIVILEGE_PARTIAL;HAS_XMLID_19
87,117,Contratación: Rol Económico,Contratación,Económico,44,Consultas Postgres,,,,,sicpro_modulo_querydb.group_querydeluxe,25,PRIVILEGE_PARTIAL;HAS_XMLID_19
87,117,Contratación: Rol Económico,Contratación,Económico,47,Ejecutor,15,CMI,108,Gestión de Producción,sicpro_app_cmi.grupo_app_cmi_ejecutor,10,IMPLIED_COMMON:usuarios;HAS_XMLID_19
87,117,Contratación: Rol Económico,Contratación,Económico,51,Ejecutor,16,Materiales e Insumos,102,Preparación Técnica,sicpro_app_materiales_insumos.grupo_app_materiales_insumos_ejecutor,10,IMPLIED_COMMON:usuarios;HAS_XMLID_19
87,117,Contratación: Rol Económico,Contratación,Económico,55,Todos los Trabajadores,17,Usuario del Proceso,97,Capital Humano,sicpro_app_trabajadores.grupo_app_trabajador_usuario_todos,10,IMPLIED_COMMON:usuarios;HAS_XMLID_19
87,117,Contratación: Rol Económico,Contratación,Económico,87,Ejecutor,29,Metrología,106,Activos y Herramientas,sicpro_app_metrologia.grupo_app_metrologia_ejecutor,10,IMPLIED_COMMON:usuarios;HAS_XMLID_19
87,117,Contratación: Rol Económico,Contratación,Económico,114,Ejecutor,36,Transporte,98,Transportación,sicpro_app_transporte.grupo_app_transporte_ejecutor,10,IMPLIED_COMMON:usuarios;HAS_XMLID_19
87,117,Contratación: Rol Económico,Contratación,Económico,118,Ejecutor,37,Piquera,98,Transportación,sicpro_app_transporte.grupo_app_transporte_piquera_ejecutor,10,IMPLIED_COMMON:usuarios;HAS_XMLID_19
87,117,Contratación: Rol Económico,Contratación,Económico,127,Ejecutor,40,Clientes,101,Solicitudes de Obras,sicpro_app_clientes.grupo_app_clientes_ejecutor,10,IMPLIED_COMMON:usuarios;HAS_XMLID_19
87,117,Contratación: Rol Económico,Contratación,Económico,131,Instructor,41,Instrucciones,97,Capital Humano,sicpro_app_instrucciones.grupo_app_instruciones_responsable,10,IMPLIED_COMMON:usuarios;HAS_XMLID_19
87,117,Contratación: Rol Económico,Contratación,Económico,142,Administrativos,44,Solicitudes,101,Solicitudes de Obras,sicpro_app_solicitudes.grupo_app_solicitud_usuario_vertodo,10,IMPLIED_COMMON:usuarios;HAS_XMLID_19
88,118,Contratación: Rol Responsable,Contratación,Responsable,39,Responsable,11,Salón de Clases,107,Servicios Corporativos,sicpro_app_salon_clases.grupo_app_salon_clases_responsable,60,ROLE_NAME_EXACT;HAS_XMLID_19
88,118,Contratación: Rol Responsable,Contratación,Responsable,48,Responsable,15,CMI,108,Gestión de Producción,sicpro_app_cmi.grupo_app_cmi_responsable,60,ROLE_NAME_EXACT;HAS_XMLID_19
88,118,Contratación: Rol Responsable,Contratación,Responsable,52,Responsable,16,Materiales e Insumos,102,Preparación Técnica,sicpro_app_materiales_insumos.grupo_app_materiales_insumos_responsable,60,ROLE_NAME_EXACT;HAS_XMLID_19
88,118,Contratación: Rol Responsable,Contratación,Responsable,57,Responsable,18,Trabajadores,97,Capital Humano,sicpro_app_trabajadores.grupo_app_trabajador_responsable,60,ROLE_NAME_EXACT;HAS_XMLID_19
88,118,Contratación: Rol Responsable,Contratación,Responsable,60,Responsable,19,Equipo Técnico,97,Capital Humano,sicpro_app_trabajadores.grupo_app_trabajador_equipos_responsable,60,ROLE_NAME_EXACT;HAS_XMLID_19
88,118,Contratación: Rol Responsable,Contratación,Responsable,65,Responsable,20,Disciplinarias,97,Capital Humano,sicpro_app_trabajadores.grupo_app_trabajador_disciplina_responsable,60,ROLE_NAME_EXACT;HAS_XMLID_19
88,118,Contratación: Rol Responsable,Contratación,Responsable,68,Responsable,21,Capacitación,97,Capital Humano,sicpro_app_trabajadores.grupo_app_trabajador_capacitacion_responsable,60,ROLE_NAME_EXACT;HAS_XMLID_19
88,118,Contratación: Rol Responsable,Contratación,Responsable,70,Responsable,22,Seguridad y Salud,97,Capital Humano,sicpro_app_trabajadores.grupo_app_trabajador_seguridad_salud_responsable,60,ROLE_NAME_EXACT;HAS_XMLID_19
88,118,Contratación: Rol Responsable,Contratación,Responsable,75,Responsable,25,Control,109,Control de la información,sicpro_app_control_informacion.grupo_control_informacion_responsable,60,ROLE_NAME_EXACT;HAS_XMLID_19
88,118,Contratación: Rol Responsable,Contratación,Responsable,78,Responsable,26,Credenciales,97,Capital Humano,sicpro_app_credenciales.grupo_app_credenciales_responsable,60,ROLE_NAME_EXACT;HAS_XMLID_19
88,118,Contratación: Rol Responsable,Contratación,Responsable,82,Responsable,27,Medios Informáticos,112,Informática,sicpro_app_medios_informaticos.grupo_app_medios_informaticos_responsable,60,ROLE_NAME_EXACT;HAS_XMLID_19
88,118,Contratación: Rol Responsable,Contratación,Responsable,88,Responsable,29,Metrología,106,Activos y Herramientas,sicpro_app_metrologia.grupo_app_metrologia_responsable,60,ROLE_NAME_EXACT;HAS_XMLID_19
88,118,Contratación: Rol Responsable,Contratación,Responsable,93,Responsable,30,Repositorio DVPE.,107,Servicios Corporativos,sicpro_app_repositorio_institucional.group_repositorio_institucional_responsable,60,ROLE_NAME_EXACT;HAS_XMLID_19
88,118,Contratación: Rol Responsable,Contratación,Responsable,98,Responsable,31,Reuniones,105,Gestión de Reuniones,sicpro_app_reuniones.group_reuniones_responsable,60,ROLE_NAME_EXACT;HAS_XMLID_19
88,118,Contratación: Rol Responsable,Contratación,Responsable,103,Responsable,32,Servicios Internos,107,Servicios Corporativos,sicpro_app_servicios_internos.grupo_app_internos_responsable,60,ROLE_NAME_EXACT;HAS_XMLID_19
88,118,Contratación: Rol Responsable,Contratación,Responsable,110,Responsable,34,Soporte,113,Soporte Técnico,sicpro_app_soporte.group_soporte_responsable,60,ROLE_NAME_EXACT;HAS_XMLID_19
88,118,Contratación: Rol Responsable,Contratación,Responsable,115,Responsable,36,Transporte,98,Transportación,sicpro_app_transporte.grupo_app_transporte_responsable,60,ROLE_NAME_EXACT;HAS_XMLID_19
88,118,Contratación: Rol Responsable,Contratación,Responsable,121,Responsable,38,Víveres Logística,111,Alimentación,sicpro_app_viveres.grupo_app_viveres_resumen_responsable,60,ROLE_NAME_EXACT;HAS_XMLID_19
88,118,Contratación: Rol Responsable,Contratación,Responsable,128,Responsable,40,Clientes,101,Solicitudes de Obras,sicpro_app_clientes.grupo_app_clientes_responsable,60,ROLE_NAME_EXACT;HAS_XMLID_19
88,118,Contratación: Rol Responsable,Contratación,Responsable,139,Responsable,43,Operaciones,110,Programa de la Vivienda,sicpro_app_programa_viviendas.grupo_app_vivienda_responsable,60,ROLE_NAME_EXACT;HAS_XMLID_19
88,118,Contratación: Rol Responsable,Contratación,Responsable,143,Responsable,44,Solicitudes,101,Solicitudes de Obras,sicpro_app_solicitudes.grupo_app_solicitud_responsable,60,ROLE_NAME_EXACT;HAS_XMLID_19
88,118,Contratación: Rol Responsable,Contratación,Responsable,151,Responsable,49,Especialista Ejecutor,101,Solicitudes de Obras,sicpro_app_solicitudes.grupo_app_grupos_ejecutor,60,ROLE_NAME_EXACT;HAS_XMLID_19
88,118,Contratación: Rol Responsable,Contratación,Responsable,154,Responsable,50,Usuarios Internos,103,Órdenes de Trabajo,sicpro_app_ordenes_trabajo.grupo_ordenes_responsable,60,ROLE_NAME_EXACT;HAS_XMLID_19
88,118,Contratación: Rol Responsable,Contratación,Responsable,167,Responsable,53,Transferencias,104,Gestión de Gastos,sicpro_app_transferencias_gastos.grupo_transferencias_responsable,60,ROLE_NAME_EXACT;HAS_XMLID_19
88,118,Contratación: Rol Responsable,Contratación,Responsable,1,Role / User,,,,,base.group_user,25,PRIVILEGE_PARTIAL;HAS_XMLID_19
88,118,Contratación: Rol Responsable,Contratación,Responsable,2,Access Rights,,,,,base.group_erp_manager,25,PRIVILEGE_PARTIAL;HAS_XMLID_19
88,118,Contratación: Rol Responsable,Contratación,Responsable,3,Bypass HTML Field Sanitize,,,,,base.group_sanitize_override,25,PRIVILEGE_PARTIAL;HAS_XMLID_19
88,118,Contratación: Rol Responsable,Contratación,Responsable,4,Role / Administrator,,,,,base.group_system,25,PRIVILEGE_PARTIAL;HAS_XMLID_19
88,118,Contratación: Rol Responsable,Contratación,Responsable,5,Multi Companies,,,,,base.group_multi_company,25,PRIVILEGE_PARTIAL;HAS_XMLID_19
88,118,Contratación: Rol Responsable,Contratación,Responsable,6,Multi Currencies,,,,,base.group_multi_currency,25,PRIVILEGE_PARTIAL;HAS_XMLID_19
88,118,Contratación: Rol Responsable,Contratación,Responsable,7,Technical Features,,,,,base.group_no_one,25,PRIVILEGE_PARTIAL;HAS_XMLID_19
88,118,Contratación: Rol Responsable,Contratación,Responsable,10,Role / Portal,,,,,base.group_portal,25,PRIVILEGE_PARTIAL;HAS_XMLID_19
88,118,Contratación: Rol Responsable,Contratación,Responsable,11,Role / Public,,,,,base.group_public,25,PRIVILEGE_PARTIAL;HAS_XMLID_19
88,118,Contratación: Rol Responsable,Contratación,Responsable,12,Default access for new users,,,,,base.default_user_group,25,PRIVILEGE_PARTIAL;HAS_XMLID_19
88,118,Contratación: Rol Responsable,Contratación,Responsable,13,Technical Documentation,,,,,api_doc.group_allow_doc,25,PRIVILEGE_PARTIAL;HAS_XMLID_19
88,118,Contratación: Rol Responsable,Contratación,Responsable,15,Mail Template Editor,,,,,mail.group_mail_template_editor,25,PRIVILEGE_PARTIAL;HAS_XMLID_19
88,118,Contratación: Rol Responsable,Contratación,Responsable,16,Receive notifications in Odoo,,,,,mail.group_mail_notification_type_inbox,25,PRIVILEGE_PARTIAL;HAS_XMLID_19
88,118,Contratación: Rol Responsable,Contratación,Responsable,25,Menus y Accesos Obsoletos,,,,,sicpro_app_administracion.grupo_app_administracion_obsoletos,25,PRIVILEGE_PARTIAL;HAS_XMLID_19
88,118,Contratación: Rol Responsable,Contratación,Responsable,26,Manage Multiple Units of Measure,,,,,uom.group_uom,25,PRIVILEGE_PARTIAL;HAS_XMLID_19
88,118,Contratación: Rol Responsable,Contratación,Responsable,27,Analytic Accounting,,,,,analytic.group_analytic_accounting,25,PRIVILEGE_PARTIAL;HAS_XMLID_19
88,118,Contratación: Rol Responsable,Contratación,Responsable,32,Use Stages on Project,,,,,project.group_project_stages,25,PRIVILEGE_PARTIAL;HAS_XMLID_19
88,118,Contratación: Rol Responsable,Contratación,Responsable,33,Use Recurring Tasks,,,,,project.group_project_recurring_tasks,25,PRIVILEGE_PARTIAL;HAS_XMLID_19
88,118,Contratación: Rol Responsable,Contratación,Responsable,34,Use Task Dependencies,,,,,project.group_project_task_dependencies,25,PRIVILEGE_PARTIAL;HAS_XMLID_19
88,118,Contratación: Rol Responsable,Contratación,Responsable,35,Use Milestones,,,,,project.group_project_milestone,25,PRIVILEGE_PARTIAL;HAS_XMLID_19
88,118,Contratación: Rol Responsable,Contratación,Responsable,44,Consultas Postgres,,,,,sicpro_modulo_querydb.group_querydeluxe,25,PRIVILEGE_PARTIAL;HAS_XMLID_19
88,118,Contratación: Rol Responsable,Contratación,Responsable,47,Ejecutor,15,CMI,108,Gestión de Producción,sicpro_app_cmi.grupo_app_cmi_ejecutor,10,IMPLIED_COMMON:usuarios;HAS_XMLID_19
88,118,Contratación: Rol Responsable,Contratación,Responsable,51,Ejecutor,16,Materiales e Insumos,102,Preparación Técnica,sicpro_app_materiales_insumos.grupo_app_materiales_insumos_ejecutor,10,IMPLIED_COMMON:usuarios;HAS_XMLID_19
88,118,Contratación: Rol Responsable,Contratación,Responsable,55,Todos los Trabajadores,17,Usuario del Proceso,97,Capital Humano,sicpro_app_trabajadores.grupo_app_trabajador_usuario_todos,10,IMPLIED_COMMON:usuarios;HAS_XMLID_19
88,118,Contratación: Rol Responsable,Contratación,Responsable,87,Ejecutor,29,Metrología,106,Activos y Herramientas,sicpro_app_metrologia.grupo_app_metrologia_ejecutor,10,IMPLIED_COMMON:usuarios;HAS_XMLID_19
88,118,Contratación: Rol Responsable,Contratación,Responsable,114,Ejecutor,36,Transporte,98,Transportación,sicpro_app_transporte.grupo_app_transporte_ejecutor,10,IMPLIED_COMMON:usuarios;HAS_XMLID_19
88,118,Contratación: Rol Responsable,Contratación,Responsable,118,Ejecutor,37,Piquera,98,Transportación,sicpro_app_transporte.grupo_app_transporte_piquera_ejecutor,10,IMPLIED_COMMON:usuarios;HAS_XMLID_19
88,118,Contratación: Rol Responsable,Contratación,Responsable,127,Ejecutor,40,Clientes,101,Solicitudes de Obras,sicpro_app_clientes.grupo_app_clientes_ejecutor,10,IMPLIED_COMMON:usuarios;HAS_XMLID_19
88,118,Contratación: Rol Responsable,Contratación,Responsable,131,Instructor,41,Instrucciones,97,Capital Humano,sicpro_app_instrucciones.grupo_app_instruciones_responsable,10,IMPLIED_COMMON:usuarios;HAS_XMLID_19
88,118,Contratación: Rol Responsable,Contratación,Responsable,142,Administrativos,44,Solicitudes,101,Solicitudes de Obras,sicpro_app_solicitudes.grupo_app_solicitud_usuario_vertodo,10,IMPLIED_COMMON:usuarios;HAS_XMLID_19
89,119,Contratación: Rol Administrador,Contratación,Administrador,17,Administrador,4,Administrar SICPRO,94,Administración SICPRO ERP,sicpro_app_administracion.grupo_app_administracion_admin,60,ROLE_NAME_EXACT;HAS_XMLID_19
89,119,Contratación: Rol Administrador,Contratación,Administrador,40,Administrador,11,Salón de Clases,107,Servicios Corporativos,sicpro_app_salon_clases.grupo_app_salon_clases_admin,60,ROLE_NAME_EXACT;HAS_XMLID_19
89,119,Contratación: Rol Administrador,Contratación,Administrador,42,Administrador,12,Registros de auditoría,115,Registro de auditoría,sicpro_modulo_auditorias.group_auditlog_manager,60,ROLE_NAME_EXACT;HAS_XMLID_19
89,119,Contratación: Rol Administrador,Contratación,Administrador,43,Administrador,13,Nomencladores,94,Administración SICPRO ERP,sicpro_modulo_nomencladores.grupo_sicpro_nomencladores_admin,60,ROLE_NAME_EXACT;HAS_XMLID_19
89,119,Contratación: Rol Administrador,Contratación,Administrador,49,Administrador,15,CMI,108,Gestión de Producción,sicpro_app_cmi.grupo_app_cmi_admin,60,ROLE_NAME_EXACT;HAS_XMLID_19
89,119,Contratación: Rol Administrador,Contratación,Administrador,53,Administrador,16,Materiales e Insumos,102,Preparación Técnica,sicpro_app_materiales_insumos.grupo_app_materiales_insumos_admin,60,ROLE_NAME_EXACT;HAS_XMLID_19
89,119,Contratación: Rol Administrador,Contratación,Administrador,58,Administrador,18,Trabajadores,97,Capital Humano,sicpro_app_trabajadores.grupo_app_trabajador_admin,60,ROLE_NAME_EXACT;HAS_XMLID_19
89,119,Contratación: Rol Administrador,Contratación,Administrador,61,Administrador,19,Equipo Técnico,97,Capital Humano,sicpro_app_trabajadores.grupo_app_trabajador_equipos_admin,60,ROLE_NAME_EXACT;HAS_XMLID_19
89,119,Contratación: Rol Administrador,Contratación,Administrador,66,Administrador,20,Disciplinarias,97,Capital Humano,sicpro_app_trabajadores.grupo_app_trabajador_disciplina_admin,60,ROLE_NAME_EXACT;HAS_XMLID_19
89,119,Contratación: Rol Administrador,Contratación,Administrador,76,Administrador,25,Control,109,Control de la información,sicpro_app_control_informacion.grupo_control_informacion_admin,60,ROLE_NAME_EXACT;HAS_XMLID_19
89,119,Contratación: Rol Administrador,Contratación,Administrador,79,Administrador,26,Credenciales,97,Capital Humano,sicpro_app_credenciales.grupo_app_credenciales_admin,60,ROLE_NAME_EXACT;HAS_XMLID_19
89,119,Contratación: Rol Administrador,Contratación,Administrador,83,Administrador,27,Medios Informáticos,112,Informática,sicpro_app_medios_informaticos.grupo_app_medios_informaticos_admin,60,ROLE_NAME_EXACT;HAS_XMLID_19
89,119,Contratación: Rol Administrador,Contratación,Administrador,89,Administrador,29,Metrología,106,Activos y Herramientas,sicpro_app_metrologia.grupo_app_metrologia_admin,60,ROLE_NAME_EXACT;HAS_XMLID_19
89,119,Contratación: Rol Administrador,Contratación,Administrador,94,Administrador,30,Repositorio DVPE.,107,Servicios Corporativos,sicpro_app_repositorio_institucional.group_repositorio_institucional_admin,60,ROLE_NAME_EXACT;HAS_XMLID_19
89,119,Contratación: Rol Administrador,Contratación,Administrador,104,Administrador,32,Servicios Internos,107,Servicios Corporativos,sicpro_app_servicios_internos.grupo_app_internos_admin,60,ROLE_NAME_EXACT;HAS_XMLID_19
89,119,Contratación: Rol Administrador,Contratación,Administrador,111,Administrador,34,Soporte,113,Soporte Técnico,sicpro_app_soporte.group_soporte_admin,60,ROLE_NAME_EXACT;HAS_XMLID_19
89,119,Contratación: Rol Administrador,Contratación,Administrador,116,Administrador,36,Transporte,98,Transportación,sicpro_app_transporte.grupo_app_transporte_admin,60,ROLE_NAME_EXACT;HAS_XMLID_19
89,119,Contratación: Rol Administrador,Contratación,Administrador,122,Administrador,38,Víveres Logística,111,Alimentación,sicpro_app_viveres.grupo_app_viveres_admin,60,ROLE_NAME_EXACT;HAS_XMLID_19
89,119,Contratación: Rol Administrador,Contratación,Administrador,129,Administrador,40,Clientes,101,Solicitudes de Obras,sicpro_app_clientes.grupo_app_clientes_admin,60,ROLE_NAME_EXACT;HAS_XMLID_19
89,119,Contratación: Rol Administrador,Contratación,Administrador,132,Administrador,41,Instrucciones,97,Capital Humano,sicpro_app_instrucciones.grupo_app_instruciones_admin,60,ROLE_NAME_EXACT;HAS_XMLID_19
89,119,Contratación: Rol Administrador,Contratación,Administrador,140,Administrador,43,Operaciones,110,Programa de la Vivienda,sicpro_app_programa_viviendas.grupo_app_vivienda_admin,60,ROLE_NAME_EXACT;HAS_XMLID_19
89,119,Contratación: Rol Administrador,Contratación,Administrador,144,Administrador,44,Solicitudes,101,Solicitudes de Obras,sicpro_app_solicitudes.grupo_app_solicitud_admin,60,ROLE_NAME_EXACT;HAS_XMLID_19
89,119,Contratación: Rol Administrador,Contratación,Administrador,155,Administrador,50,Usuarios Internos,103,Órdenes de Trabajo,sicpro_app_ordenes_trabajo.grupo_ordenes_admin,60,ROLE_NAME_EXACT;HAS_XMLID_19
89,119,Contratación: Rol Administrador,Contratación,Administrador,168,Administrador,53,Transferencias,104,Gestión de Gastos,sicpro_app_transferencias_gastos.grupo_transferencias_admin,60,ROLE_NAME_EXACT;HAS_XMLID_19
89,119,Contratación: Rol Administrador,Contratación,Administrador,4,Role / Administrator,,,,,base.group_system,35,PRIVILEGE_PARTIAL;IMPLIED_COMMON:administrador;HAS_XMLID_19
89,119,Contratación: Rol Administrador,Contratación,Administrador,1,Role / User,,,,,base.group_user,25,PRIVILEGE_PARTIAL;HAS_XMLID_19
89,119,Contratación: Rol Administrador,Contratación,Administrador,2,Access Rights,,,,,base.group_erp_manager,25,PRIVILEGE_PARTIAL;HAS_XMLID_19
89,119,Contratación: Rol Administrador,Contratación,Administrador,3,Bypass HTML Field Sanitize,,,,,base.group_sanitize_override,25,PRIVILEGE_PARTIAL;HAS_XMLID_19
89,119,Contratación: Rol Administrador,Contratación,Administrador,5,Multi Companies,,,,,base.group_multi_company,25,PRIVILEGE_PARTIAL;HAS_XMLID_19
89,119,Contratación: Rol Administrador,Contratación,Administrador,6,Multi Currencies,,,,,base.group_multi_currency,25,PRIVILEGE_PARTIAL;HAS_XMLID_19
89,119,Contratación: Rol Administrador,Contratación,Administrador,7,Technical Features,,,,,base.group_no_one,25,PRIVILEGE_PARTIAL;HAS_XMLID_19
89,119,Contratación: Rol Administrador,Contratación,Administrador,10,Role / Portal,,,,,base.group_portal,25,PRIVILEGE_PARTIAL;HAS_XMLID_19
89,119,Contratación: Rol Administrador,Contratación,Administrador,11,Role / Public,,,,,base.group_public,25,PRIVILEGE_PARTIAL;HAS_XMLID_19
89,119,Contratación: Rol Administrador,Contratación,Administrador,12,Default access for new users,,,,,base.default_user_group,25,PRIVILEGE_PARTIAL;HAS_XMLID_19
89,119,Contratación: Rol Administrador,Contratación,Administrador,13,Technical Documentation,,,,,api_doc.group_allow_doc,25,PRIVILEGE_PARTIAL;HAS_XMLID_19
89,119,Contratación: Rol Administrador,Contratación,Administrador,15,Mail Template Editor,,,,,mail.group_mail_template_editor,25,PRIVILEGE_PARTIAL;HAS_XMLID_19
89,119,Contratación: Rol Administrador,Contratación,Administrador,16,Receive notifications in Odoo,,,,,mail.group_mail_notification_type_inbox,25,PRIVILEGE_PARTIAL;HAS_XMLID_19
89,119,Contratación: Rol Administrador,Contratación,Administrador,25,Menus y Accesos Obsoletos,,,,,sicpro_app_administracion.grupo_app_administracion_obsoletos,25,PRIVILEGE_PARTIAL;HAS_XMLID_19
89,119,Contratación: Rol Administrador,Contratación,Administrador,26,Manage Multiple Units of Measure,,,,,uom.group_uom,25,PRIVILEGE_PARTIAL;HAS_XMLID_19
89,119,Contratación: Rol Administrador,Contratación,Administrador,27,Analytic Accounting,,,,,analytic.group_analytic_accounting,25,PRIVILEGE_PARTIAL;HAS_XMLID_19
89,119,Contratación: Rol Administrador,Contratación,Administrador,32,Use Stages on Project,,,,,project.group_project_stages,25,PRIVILEGE_PARTIAL;HAS_XMLID_19
89,119,Contratación: Rol Administrador,Contratación,Administrador,33,Use Recurring Tasks,,,,,project.group_project_recurring_tasks,25,PRIVILEGE_PARTIAL;HAS_XMLID_19
89,119,Contratación: Rol Administrador,Contratación,Administrador,34,Use Task Dependencies,,,,,project.group_project_task_dependencies,25,PRIVILEGE_PARTIAL;HAS_XMLID_19
89,119,Contratación: Rol Administrador,Contratación,Administrador,35,Use Milestones,,,,,project.group_project_milestone,25,PRIVILEGE_PARTIAL;HAS_XMLID_19
89,119,Contratación: Rol Administrador,Contratación,Administrador,44,Consultas Postgres,,,,,sicpro_modulo_querydb.group_querydeluxe,25,PRIVILEGE_PARTIAL;HAS_XMLID_19
90,120,Trabajadores: Rol Usuarios de Procesos,Trabajadores,Usuarios de Procesos,56,Técnicos,18,Trabajadores,97,Capital Humano,sicpro_app_trabajadores.grupo_app_trabajador_ejecutor,50,PRIVILEGE_EXACT;HAS_XMLID_19
90,120,Trabajadores: Rol Usuarios de Procesos,Trabajadores,Usuarios de Procesos,57,Responsable,18,Trabajadores,97,Capital Humano,sicpro_app_trabajadores.grupo_app_trabajador_responsable,50,PRIVILEGE_EXACT;HAS_XMLID_19
90,120,Trabajadores: Rol Usuarios de Procesos,Trabajadores,Usuarios de Procesos,58,Administrador,18,Trabajadores,97,Capital Humano,sicpro_app_trabajadores.grupo_app_trabajador_admin,50,PRIVILEGE_EXACT;HAS_XMLID_19
90,120,Trabajadores: Rol Usuarios de Procesos,Trabajadores,Usuarios de Procesos,36,Usuario,10,Gestor Documental,107,Servicios Corporativos,sicpro_app_gestor_documental.group_document_user,35,ROLE_NAME_PARTIAL;HAS_XMLID_19
90,120,Trabajadores: Rol Usuarios de Procesos,Trabajadores,Usuarios de Procesos,38,Usuario,11,Salón de Clases,107,Servicios Corporativos,sicpro_app_salon_clases.grupo_app_salon_clases_usuario,35,ROLE_NAME_PARTIAL;HAS_XMLID_19
90,120,Trabajadores: Rol Usuarios de Procesos,Trabajadores,Usuarios de Procesos,41,Usuario,12,Registros de auditoría,115,Registro de auditoría,sicpro_modulo_auditorias.group_auditlog_user,35,ROLE_NAME_PARTIAL;HAS_XMLID_19
90,120,Trabajadores: Rol Usuarios de Procesos,Trabajadores,Usuarios de Procesos,46,Usuarios,15,CMI,108,Gestión de Producción,sicpro_app_cmi.grupo_app_cmi_usuario,35,ROLE_NAME_PARTIAL;HAS_XMLID_19
90,120,Trabajadores: Rol Usuarios de Procesos,Trabajadores,Usuarios de Procesos,50,Usuarios,16,Materiales e Insumos,102,Preparación Técnica,sicpro_app_materiales_insumos.grupo_app_materiales_insumos_usuario,35,ROLE_NAME_PARTIAL;HAS_XMLID_19
90,120,Trabajadores: Rol Usuarios de Procesos,Trabajadores,Usuarios de Procesos,54,Usuarios,17,Usuario del Proceso,97,Capital Humano,sicpro_app_trabajadores.grupo_app_trabajador_usuario_proceso,35,ROLE_NAME_PARTIAL;HAS_XMLID_19
90,120,Trabajadores: Rol Usuarios de Procesos,Trabajadores,Usuarios de Procesos,86,Usuarios,29,Metrología,106,Activos y Herramientas,sicpro_app_metrologia.grupo_app_metrologia_usuario,35,ROLE_NAME_PARTIAL;HAS_XMLID_19
90,120,Trabajadores: Rol Usuarios de Procesos,Trabajadores,Usuarios de Procesos,90,Usuario,30,Repositorio DVPE.,107,Servicios Corporativos,sicpro_app_repositorio_institucional.group_repositorio_institucional_user,35,ROLE_NAME_PARTIAL;HAS_XMLID_19
90,120,Trabajadores: Rol Usuarios de Procesos,Trabajadores,Usuarios de Procesos,95,Usuario,31,Reuniones,105,Gestión de Reuniones,sicpro_app_reuniones.group_reuniones_usuario,35,ROLE_NAME_PARTIAL;HAS_XMLID_19
90,120,Trabajadores: Rol Usuarios de Procesos,Trabajadores,Usuarios de Procesos,100,Usuario,32,Servicios Internos,107,Servicios Corporativos,sicpro_app_servicios_internos.grupo_app_internos_usuario,35,ROLE_NAME_PARTIAL;HAS_XMLID_19
90,120,Trabajadores: Rol Usuarios de Procesos,Trabajadores,Usuarios de Procesos,105,Usuario,33,Solicitudes de S.I.,107,Servicios Corporativos,sicpro_app_servicios_internos.grupo_app_internos_solicitudes_usuario,35,ROLE_NAME_PARTIAL;HAS_XMLID_19
90,120,Trabajadores: Rol Usuarios de Procesos,Trabajadores,Usuarios de Procesos,113,Usuarios,36,Transporte,98,Transportación,sicpro_app_transporte.grupo_app_transporte_usuario,35,ROLE_NAME_PARTIAL;HAS_XMLID_19
90,120,Trabajadores: Rol Usuarios de Procesos,Trabajadores,Usuarios de Procesos,117,Usuarios,37,Piquera,98,Transportación,sicpro_app_transporte.grupo_app_transporte_piquera_usuario,35,ROLE_NAME_PARTIAL;HAS_XMLID_19
90,120,Trabajadores: Rol Usuarios de Procesos,Trabajadores,Usuarios de Procesos,126,Usuarios,40,Clientes,101,Solicitudes de Obras,sicpro_app_clientes.grupo_app_clientes_usuario,35,ROLE_NAME_PARTIAL;HAS_XMLID_19
90,120,Trabajadores: Rol Usuarios de Procesos,Trabajadores,Usuarios de Procesos,130,Usuarios,41,Instrucciones,97,Capital Humano,sicpro_app_instrucciones.grupo_app_instruciones_usuario,35,ROLE_NAME_PARTIAL;HAS_XMLID_19
90,120,Trabajadores: Rol Usuarios de Procesos,Trabajadores,Usuarios de Procesos,134,Usuario,43,Operaciones,110,Programa de la Vivienda,sicpro_app_programa_viviendas.grupo_app_vivienda_visualizar,35,ROLE_NAME_PARTIAL;HAS_XMLID_19
90,120,Trabajadores: Rol Usuarios de Procesos,Trabajadores,Usuarios de Procesos,141,Usuarios,44,Solicitudes,101,Solicitudes de Obras,sicpro_app_solicitudes.grupo_app_solicitud_usuario,35,ROLE_NAME_PARTIAL;HAS_XMLID_19
90,120,Trabajadores: Rol Usuarios de Procesos,Trabajadores,Usuarios de Procesos,1,Role / User,,,,,base.group_user,25,PRIVILEGE_PARTIAL;HAS_XMLID_19
90,120,Trabajadores: Rol Usuarios de Procesos,Trabajadores,Usuarios de Procesos,2,Access Rights,,,,,base.group_erp_manager,25,PRIVILEGE_PARTIAL;HAS_XMLID_19
90,120,Trabajadores: Rol Usuarios de Procesos,Trabajadores,Usuarios de Procesos,3,Bypass HTML Field Sanitize,,,,,base.group_sanitize_override,25,PRIVILEGE_PARTIAL;HAS_XMLID_19
90,120,Trabajadores: Rol Usuarios de Procesos,Trabajadores,Usuarios de Procesos,4,Role / Administrator,,,,,base.group_system,25,PRIVILEGE_PARTIAL;HAS_XMLID_19
90,120,Trabajadores: Rol Usuarios de Procesos,Trabajadores,Usuarios de Procesos,5,Multi Companies,,,,,base.group_multi_company,25,PRIVILEGE_PARTIAL;HAS_XMLID_19
90,120,Trabajadores: Rol Usuarios de Procesos,Trabajadores,Usuarios de Procesos,6,Multi Currencies,,,,,base.group_multi_currency,25,PRIVILEGE_PARTIAL;HAS_XMLID_19
90,120,Trabajadores: Rol Usuarios de Procesos,Trabajadores,Usuarios de Procesos,7,Technical Features,,,,,base.group_no_one,25,PRIVILEGE_PARTIAL;HAS_XMLID_19
90,120,Trabajadores: Rol Usuarios de Procesos,Trabajadores,Usuarios de Procesos,10,Role / Portal,,,,,base.group_portal,25,PRIVILEGE_PARTIAL;HAS_XMLID_19
90,120,Trabajadores: Rol Usuarios de Procesos,Trabajadores,Usuarios de Procesos,11,Role / Public,,,,,base.group_public,25,PRIVILEGE_PARTIAL;HAS_XMLID_19
90,120,Trabajadores: Rol Usuarios de Procesos,Trabajadores,Usuarios de Procesos,12,Default access for new users,,,,,base.default_user_group,25,PRIVILEGE_PARTIAL;HAS_XMLID_19
90,120,Trabajadores: Rol Usuarios de Procesos,Trabajadores,Usuarios de Procesos,13,Technical Documentation,,,,,api_doc.group_allow_doc,25,PRIVILEGE_PARTIAL;HAS_XMLID_19
90,120,Trabajadores: Rol Usuarios de Procesos,Trabajadores,Usuarios de Procesos,15,Mail Template Editor,,,,,mail.group_mail_template_editor,25,PRIVILEGE_PARTIAL;HAS_XMLID_19
90,120,Trabajadores: Rol Usuarios de Procesos,Trabajadores,Usuarios de Procesos,16,Receive notifications in Odoo,,,,,mail.group_mail_notification_type_inbox,25,PRIVILEGE_PARTIAL;HAS_XMLID_19
90,120,Trabajadores: Rol Usuarios de Procesos,Trabajadores,Usuarios de Procesos,25,Menus y Accesos Obsoletos,,,,,sicpro_app_administracion.grupo_app_administracion_obsoletos,25,PRIVILEGE_PARTIAL;HAS_XMLID_19
90,120,Trabajadores: Rol Usuarios de Procesos,Trabajadores,Usuarios de Procesos,26,Manage Multiple Units of Measure,,,,,uom.group_uom,25,PRIVILEGE_PARTIAL;HAS_XMLID_19
90,120,Trabajadores: Rol Usuarios de Procesos,Trabajadores,Usuarios de Procesos,27,Analytic Accounting,,,,,analytic.group_analytic_accounting,25,PRIVILEGE_PARTIAL;HAS_XMLID_19
90,120,Trabajadores: Rol Usuarios de Procesos,Trabajadores,Usuarios de Procesos,32,Use Stages on Project,,,,,project.group_project_stages,25,PRIVILEGE_PARTIAL;HAS_XMLID_19
90,120,Trabajadores: Rol Usuarios de Procesos,Trabajadores,Usuarios de Procesos,33,Use Recurring Tasks,,,,,project.group_project_recurring_tasks,25,PRIVILEGE_PARTIAL;HAS_XMLID_19
90,120,Trabajadores: Rol Usuarios de Procesos,Trabajadores,Usuarios de Procesos,34,Use Task Dependencies,,,,,project.group_project_task_dependencies,25,PRIVILEGE_PARTIAL;HAS_XMLID_19
90,120,Trabajadores: Rol Usuarios de Procesos,Trabajadores,Usuarios de Procesos,35,Use Milestones,,,,,project.group_project_milestone,25,PRIVILEGE_PARTIAL;HAS_XMLID_19
90,120,Trabajadores: Rol Usuarios de Procesos,Trabajadores,Usuarios de Procesos,44,Consultas Postgres,,,,,sicpro_modulo_querydb.group_querydeluxe,25,PRIVILEGE_PARTIAL;HAS_XMLID_19
90,120,Trabajadores: Rol Usuarios de Procesos,Trabajadores,Usuarios de Procesos,47,Ejecutor,15,CMI,108,Gestión de Producción,sicpro_app_cmi.grupo_app_cmi_ejecutor,10,IMPLIED_COMMON:usuarios;HAS_XMLID_19
90,120,Trabajadores: Rol Usuarios de Procesos,Trabajadores,Usuarios de Procesos,51,Ejecutor,16,Materiales e Insumos,102,Preparación Técnica,sicpro_app_materiales_insumos.grupo_app_materiales_insumos_ejecutor,10,IMPLIED_COMMON:usuarios;HAS_XMLID_19
90,120,Trabajadores: Rol Usuarios de Procesos,Trabajadores,Usuarios de Procesos,55,Todos los Trabajadores,17,Usuario del Proceso,97,Capital Humano,sicpro_app_trabajadores.grupo_app_trabajador_usuario_todos,10,IMPLIED_COMMON:usuarios;HAS_XMLID_19
90,120,Trabajadores: Rol Usuarios de Procesos,Trabajadores,Usuarios de Procesos,87,Ejecutor,29,Metrología,106,Activos y Herramientas,sicpro_app_metrologia.grupo_app_metrologia_ejecutor,10,IMPLIED_COMMON:usuarios;HAS_XMLID_19
90,120,Trabajadores: Rol Usuarios de Procesos,Trabajadores,Usuarios de Procesos,114,Ejecutor,36,Transporte,98,Transportación,sicpro_app_transporte.grupo_app_transporte_ejecutor,10,IMPLIED_COMMON:usuarios;HAS_XMLID_19
90,120,Trabajadores: Rol Usuarios de Procesos,Trabajadores,Usuarios de Procesos,118,Ejecutor,37,Piquera,98,Transportación,sicpro_app_transporte.grupo_app_transporte_piquera_ejecutor,10,IMPLIED_COMMON:usuarios;HAS_XMLID_19
90,120,Trabajadores: Rol Usuarios de Procesos,Trabajadores,Usuarios de Procesos,127,Ejecutor,40,Clientes,101,Solicitudes de Obras,sicpro_app_clientes.grupo_app_clientes_ejecutor,10,IMPLIED_COMMON:usuarios;HAS_XMLID_19
90,120,Trabajadores: Rol Usuarios de Procesos,Trabajadores,Usuarios de Procesos,131,Instructor,41,Instrucciones,97,Capital Humano,sicpro_app_instrucciones.grupo_app_instruciones_responsable,10,IMPLIED_COMMON:usuarios;HAS_XMLID_19
90,120,Trabajadores: Rol Usuarios de Procesos,Trabajadores,Usuarios de Procesos,142,Administrativos,44,Solicitudes,101,Solicitudes de Obras,sicpro_app_solicitudes.grupo_app_solicitud_usuario_vertodo,10,IMPLIED_COMMON:usuarios;HAS_XMLID_19
91,121,Trabajadores: Rol Técnicos,Trabajadores,Técnicos,56,Técnicos,18,Trabajadores,97,Capital Humano,sicpro_app_trabajadores.grupo_app_trabajador_ejecutor,110,ROLE_NAME_EXACT;PRIVILEGE_EXACT;HAS_XMLID_19
91,121,Trabajadores: Rol Técnicos,Trabajadores,Técnicos,57,Responsable,18,Trabajadores,97,Capital Humano,sicpro_app_trabajadores.grupo_app_trabajador_responsable,60,PRIVILEGE_EXACT;IMPLIED_COMMON:tecnicos;HAS_XMLID_19
91,121,Trabajadores: Rol Técnicos,Trabajadores,Técnicos,59,Técnicos,19,Equipo Técnico,97,Capital Humano,sicpro_app_trabajadores.grupo_app_trabajador_equipos_usuario,60,ROLE_NAME_EXACT;HAS_XMLID_19
91,121,Trabajadores: Rol Técnicos,Trabajadores,Técnicos,63,Técnicos,20,Disciplinarias,97,Capital Humano,sicpro_app_trabajadores.grupo_app_trabajador_disciplina_usuario,60,ROLE_NAME_EXACT;HAS_XMLID_19
91,121,Trabajadores: Rol Técnicos,Trabajadores,Técnicos,77,Técnicos,26,Credenciales,97,Capital Humano,sicpro_app_credenciales.grupo_app_credenciales_ejecutor,60,ROLE_NAME_EXACT;HAS_XMLID_19
91,121,Trabajadores: Rol Técnicos,Trabajadores,Técnicos,58,Administrador,18,Trabajadores,97,Capital Humano,sicpro_app_trabajadores.grupo_app_trabajador_admin,50,PRIVILEGE_EXACT;HAS_XMLID_19
91,121,Trabajadores: Rol Técnicos,Trabajadores,Técnicos,81,Técnico,27,Medios Informáticos,112,Informática,sicpro_app_medios_informaticos.grupo_app_medios_informaticos_inventario_tecnico,35,ROLE_NAME_PARTIAL;HAS_XMLID_19
91,121,Trabajadores: Rol Técnicos,Trabajadores,Técnicos,85,Técnico,28,Taller,112,Informática,sicpro_app_medios_informaticos.grupo_app_medios_informaticos_taller_tecnico,35,ROLE_NAME_PARTIAL;HAS_XMLID_19
91,121,Trabajadores: Rol Técnicos,Trabajadores,Técnicos,1,Role / User,,,,,base.group_user,25,PRIVILEGE_PARTIAL;HAS_XMLID_19
91,121,Trabajadores: Rol Técnicos,Trabajadores,Técnicos,2,Access Rights,,,,,base.group_erp_manager,25,PRIVILEGE_PARTIAL;HAS_XMLID_19
91,121,Trabajadores: Rol Técnicos,Trabajadores,Técnicos,3,Bypass HTML Field Sanitize,,,,,base.group_sanitize_override,25,PRIVILEGE_PARTIAL;HAS_XMLID_19
91,121,Trabajadores: Rol Técnicos,Trabajadores,Técnicos,4,Role / Administrator,,,,,base.group_system,25,PRIVILEGE_PARTIAL;HAS_XMLID_19
91,121,Trabajadores: Rol Técnicos,Trabajadores,Técnicos,5,Multi Companies,,,,,base.group_multi_company,25,PRIVILEGE_PARTIAL;HAS_XMLID_19
91,121,Trabajadores: Rol Técnicos,Trabajadores,Técnicos,6,Multi Currencies,,,,,base.group_multi_currency,25,PRIVILEGE_PARTIAL;HAS_XMLID_19
91,121,Trabajadores: Rol Técnicos,Trabajadores,Técnicos,7,Technical Features,,,,,base.group_no_one,25,PRIVILEGE_PARTIAL;HAS_XMLID_19
91,121,Trabajadores: Rol Técnicos,Trabajadores,Técnicos,10,Role / Portal,,,,,base.group_portal,25,PRIVILEGE_PARTIAL;HAS_XMLID_19
91,121,Trabajadores: Rol Técnicos,Trabajadores,Técnicos,11,Role / Public,,,,,base.group_public,25,PRIVILEGE_PARTIAL;HAS_XMLID_19
91,121,Trabajadores: Rol Técnicos,Trabajadores,Técnicos,12,Default access for new users,,,,,base.default_user_group,25,PRIVILEGE_PARTIAL;HAS_XMLID_19
91,121,Trabajadores: Rol Técnicos,Trabajadores,Técnicos,13,Technical Documentation,,,,,api_doc.group_allow_doc,25,PRIVILEGE_PARTIAL;HAS_XMLID_19
91,121,Trabajadores: Rol Técnicos,Trabajadores,Técnicos,15,Mail Template Editor,,,,,mail.group_mail_template_editor,25,PRIVILEGE_PARTIAL;HAS_XMLID_19
91,121,Trabajadores: Rol Técnicos,Trabajadores,Técnicos,16,Receive notifications in Odoo,,,,,mail.group_mail_notification_type_inbox,25,PRIVILEGE_PARTIAL;HAS_XMLID_19
91,121,Trabajadores: Rol Técnicos,Trabajadores,Técnicos,25,Menus y Accesos Obsoletos,,,,,sicpro_app_administracion.grupo_app_administracion_obsoletos,25,PRIVILEGE_PARTIAL;HAS_XMLID_19
91,121,Trabajadores: Rol Técnicos,Trabajadores,Técnicos,26,Manage Multiple Units of Measure,,,,,uom.group_uom,25,PRIVILEGE_PARTIAL;HAS_XMLID_19
91,121,Trabajadores: Rol Técnicos,Trabajadores,Técnicos,27,Analytic Accounting,,,,,analytic.group_analytic_accounting,25,PRIVILEGE_PARTIAL;HAS_XMLID_19
91,121,Trabajadores: Rol Técnicos,Trabajadores,Técnicos,32,Use Stages on Project,,,,,project.group_project_stages,25,PRIVILEGE_PARTIAL;HAS_XMLID_19
91,121,Trabajadores: Rol Técnicos,Trabajadores,Técnicos,33,Use Recurring Tasks,,,,,project.group_project_recurring_tasks,25,PRIVILEGE_PARTIAL;HAS_XMLID_19
91,121,Trabajadores: Rol Técnicos,Trabajadores,Técnicos,34,Use Task Dependencies,,,,,project.group_project_task_dependencies,25,PRIVILEGE_PARTIAL;HAS_XMLID_19
91,121,Trabajadores: Rol Técnicos,Trabajadores,Técnicos,35,Use Milestones,,,,,project.group_project_milestone,25,PRIVILEGE_PARTIAL;HAS_XMLID_19
91,121,Trabajadores: Rol Técnicos,Trabajadores,Técnicos,44,Consultas Postgres,,,,,sicpro_modulo_querydb.group_querydeluxe,25,PRIVILEGE_PARTIAL;HAS_XMLID_19
91,121,Trabajadores: Rol Técnicos,Trabajadores,Técnicos,60,Responsable,19,Equipo Técnico,97,Capital Humano,sicpro_app_trabajadores.grupo_app_trabajador_equipos_responsable,10,IMPLIED_COMMON:tecnicos;HAS_XMLID_19
91,121,Trabajadores: Rol Técnicos,Trabajadores,Técnicos,64,Acción Legal,20,Disciplinarias,97,Capital Humano,sicpro_app_trabajadores.grupo_app_trabajador_disciplina_legal,10,IMPLIED_COMMON:tecnicos;HAS_XMLID_19
91,121,Trabajadores: Rol Técnicos,Trabajadores,Técnicos,78,Responsable,26,Credenciales,97,Capital Humano,sicpro_app_credenciales.grupo_app_credenciales_responsable,10,IMPLIED_COMMON:tecnicos;HAS_XMLID_19
92,122,Trabajadores: Rol Jefe de Procesos,Trabajadores,Jefe de Procesos,56,Técnicos,18,Trabajadores,97,Capital Humano,sicpro_app_trabajadores.grupo_app_trabajador_ejecutor,50,PRIVILEGE_EXACT;HAS_XMLID_19
92,122,Trabajadores: Rol Jefe de Procesos,Trabajadores,Jefe de Procesos,57,Responsable,18,Trabajadores,97,Capital Humano,sicpro_app_trabajadores.grupo_app_trabajador_responsable,50,PRIVILEGE_EXACT;HAS_XMLID_19
92,122,Trabajadores: Rol Jefe de Procesos,Trabajadores,Jefe de Procesos,58,Administrador,18,Trabajadores,97,Capital Humano,sicpro_app_trabajadores.grupo_app_trabajador_admin,50,PRIVILEGE_EXACT;HAS_XMLID_19
92,122,Trabajadores: Rol Jefe de Procesos,Trabajadores,Jefe de Procesos,125,Jefe,39,Víveres Áreas,111,Alimentación,sicpro_app_viveres.grupo_app_viveres_areas_responsable,35,ROLE_NAME_PARTIAL;HAS_XMLID_19
92,122,Trabajadores: Rol Jefe de Procesos,Trabajadores,Jefe de Procesos,1,Role / User,,,,,base.group_user,25,PRIVILEGE_PARTIAL;HAS_XMLID_19
92,122,Trabajadores: Rol Jefe de Procesos,Trabajadores,Jefe de Procesos,2,Access Rights,,,,,base.group_erp_manager,25,PRIVILEGE_PARTIAL;HAS_XMLID_19
92,122,Trabajadores: Rol Jefe de Procesos,Trabajadores,Jefe de Procesos,3,Bypass HTML Field Sanitize,,,,,base.group_sanitize_override,25,PRIVILEGE_PARTIAL;HAS_XMLID_19
92,122,Trabajadores: Rol Jefe de Procesos,Trabajadores,Jefe de Procesos,4,Role / Administrator,,,,,base.group_system,25,PRIVILEGE_PARTIAL;HAS_XMLID_19
92,122,Trabajadores: Rol Jefe de Procesos,Trabajadores,Jefe de Procesos,5,Multi Companies,,,,,base.group_multi_company,25,PRIVILEGE_PARTIAL;HAS_XMLID_19
92,122,Trabajadores: Rol Jefe de Procesos,Trabajadores,Jefe de Procesos,6,Multi Currencies,,,,,base.group_multi_currency,25,PRIVILEGE_PARTIAL;HAS_XMLID_19
92,122,Trabajadores: Rol Jefe de Procesos,Trabajadores,Jefe de Procesos,7,Technical Features,,,,,base.group_no_one,25,PRIVILEGE_PARTIAL;HAS_XMLID_19
92,122,Trabajadores: Rol Jefe de Procesos,Trabajadores,Jefe de Procesos,10,Role / Portal,,,,,base.group_portal,25,PRIVILEGE_PARTIAL;HAS_XMLID_19
92,122,Trabajadores: Rol Jefe de Procesos,Trabajadores,Jefe de Procesos,11,Role / Public,,,,,base.group_public,25,PRIVILEGE_PARTIAL;HAS_XMLID_19
92,122,Trabajadores: Rol Jefe de Procesos,Trabajadores,Jefe de Procesos,12,Default access for new users,,,,,base.default_user_group,25,PRIVILEGE_PARTIAL;HAS_XMLID_19
92,122,Trabajadores: Rol Jefe de Procesos,Trabajadores,Jefe de Procesos,13,Technical Documentation,,,,,api_doc.group_allow_doc,25,PRIVILEGE_PARTIAL;HAS_XMLID_19
92,122,Trabajadores: Rol Jefe de Procesos,Trabajadores,Jefe de Procesos,15,Mail Template Editor,,,,,mail.group_mail_template_editor,25,PRIVILEGE_PARTIAL;HAS_XMLID_19
92,122,Trabajadores: Rol Jefe de Procesos,Trabajadores,Jefe de Procesos,16,Receive notifications in Odoo,,,,,mail.group_mail_notification_type_inbox,25,PRIVILEGE_PARTIAL;HAS_XMLID_19
92,122,Trabajadores: Rol Jefe de Procesos,Trabajadores,Jefe de Procesos,25,Menus y Accesos Obsoletos,,,,,sicpro_app_administracion.grupo_app_administracion_obsoletos,25,PRIVILEGE_PARTIAL;HAS_XMLID_19
92,122,Trabajadores: Rol Jefe de Procesos,Trabajadores,Jefe de Procesos,26,Manage Multiple Units of Measure,,,,,uom.group_uom,25,PRIVILEGE_PARTIAL;HAS_XMLID_19
92,122,Trabajadores: Rol Jefe de Procesos,Trabajadores,Jefe de Procesos,27,Analytic Accounting,,,,,analytic.group_analytic_accounting,25,PRIVILEGE_PARTIAL;HAS_XMLID_19
92,122,Trabajadores: Rol Jefe de Procesos,Trabajadores,Jefe de Procesos,32,Use Stages on Project,,,,,project.group_project_stages,25,PRIVILEGE_PARTIAL;HAS_XMLID_19
92,122,Trabajadores: Rol Jefe de Procesos,Trabajadores,Jefe de Procesos,33,Use Recurring Tasks,,,,,project.group_project_recurring_tasks,25,PRIVILEGE_PARTIAL;HAS_XMLID_19
92,122,Trabajadores: Rol Jefe de Procesos,Trabajadores,Jefe de Procesos,34,Use Task Dependencies,,,,,project.group_project_task_dependencies,25,PRIVILEGE_PARTIAL;HAS_XMLID_19
92,122,Trabajadores: Rol Jefe de Procesos,Trabajadores,Jefe de Procesos,35,Use Milestones,,,,,project.group_project_milestone,25,PRIVILEGE_PARTIAL;HAS_XMLID_19
92,122,Trabajadores: Rol Jefe de Procesos,Trabajadores,Jefe de Procesos,44,Consultas Postgres,,,,,sicpro_modulo_querydb.group_querydeluxe,25,PRIVILEGE_PARTIAL;HAS_XMLID_19
92,122,Trabajadores: Rol Jefe de Procesos,Trabajadores,Jefe de Procesos,47,Ejecutor,15,CMI,108,Gestión de Producción,sicpro_app_cmi.grupo_app_cmi_ejecutor,10,IMPLIED_COMMON:usuarios;HAS_XMLID_19
92,122,Trabajadores: Rol Jefe de Procesos,Trabajadores,Jefe de Procesos,51,Ejecutor,16,Materiales e Insumos,102,Preparación Técnica,sicpro_app_materiales_insumos.grupo_app_materiales_insumos_ejecutor,10,IMPLIED_COMMON:usuarios;HAS_XMLID_19
92,122,Trabajadores: Rol Jefe de Procesos,Trabajadores,Jefe de Procesos,55,Todos los Trabajadores,17,Usuario del Proceso,97,Capital Humano,sicpro_app_trabajadores.grupo_app_trabajador_usuario_todos,10,IMPLIED_COMMON:usuarios;HAS_XMLID_19
92,122,Trabajadores: Rol Jefe de Procesos,Trabajadores,Jefe de Procesos,63,Técnicos,20,Disciplinarias,97,Capital Humano,sicpro_app_trabajadores.grupo_app_trabajador_disciplina_usuario,10,IMPLIED_COMMON:jefe del proceso;HAS_XMLID_19
92,122,Trabajadores: Rol Jefe de Procesos,Trabajadores,Jefe de Procesos,87,Ejecutor,29,Metrología,106,Activos y Herramientas,sicpro_app_metrologia.grupo_app_metrologia_ejecutor,10,IMPLIED_COMMON:usuarios;HAS_XMLID_19
92,122,Trabajadores: Rol Jefe de Procesos,Trabajadores,Jefe de Procesos,114,Ejecutor,36,Transporte,98,Transportación,sicpro_app_transporte.grupo_app_transporte_ejecutor,10,IMPLIED_COMMON:usuarios;HAS_XMLID_19
92,122,Trabajadores: Rol Jefe de Procesos,Trabajadores,Jefe de Procesos,118,Ejecutor,37,Piquera,98,Transportación,sicpro_app_transporte.grupo_app_transporte_piquera_ejecutor,10,IMPLIED_COMMON:usuarios;HAS_XMLID_19
92,122,Trabajadores: Rol Jefe de Procesos,Trabajadores,Jefe de Procesos,127,Ejecutor,40,Clientes,101,Solicitudes de Obras,sicpro_app_clientes.grupo_app_clientes_ejecutor,10,IMPLIED_COMMON:usuarios;HAS_XMLID_19
92,122,Trabajadores: Rol Jefe de Procesos,Trabajadores,Jefe de Procesos,131,Instructor,41,Instrucciones,97,Capital Humano,sicpro_app_instrucciones.grupo_app_instruciones_responsable,10,IMPLIED_COMMON:usuarios;HAS_XMLID_19
92,122,Trabajadores: Rol Jefe de Procesos,Trabajadores,Jefe de Procesos,142,Administrativos,44,Solicitudes,101,Solicitudes de Obras,sicpro_app_solicitudes.grupo_app_solicitud_usuario_vertodo,10,IMPLIED_COMMON:usuarios;HAS_XMLID_19
93,123,Trabajadores: Rol Legal,Trabajadores,Legal,58,Administrador,18,Trabajadores,97,Capital Humano,sicpro_app_trabajadores.grupo_app_trabajador_admin,60,PRIVILEGE_EXACT;IMPLIED_COMMON:responsable;HAS_XMLID_19
93,123,Trabajadores: Rol Legal,Trabajadores,Legal,56,Técnicos,18,Trabajadores,97,Capital Humano,sicpro_app_trabajadores.grupo_app_trabajador_ejecutor,50,PRIVILEGE_EXACT;HAS_XMLID_19
93,123,Trabajadores: Rol Legal,Trabajadores,Legal,57,Responsable,18,Trabajadores,97,Capital Humano,sicpro_app_trabajadores.grupo_app_trabajador_responsable,50,PRIVILEGE_EXACT;HAS_XMLID_19
93,123,Trabajadores: Rol Legal,Trabajadores,Legal,64,Acción Legal,20,Disciplinarias,97,Capital Humano,sicpro_app_trabajadores.grupo_app_trabajador_disciplina_legal,35,ROLE_NAME_PARTIAL;HAS_XMLID_19
93,123,Trabajadores: Rol Legal,Trabajadores,Legal,1,Role / User,,,,,base.group_user,25,PRIVILEGE_PARTIAL;HAS_XMLID_19
93,123,Trabajadores: Rol Legal,Trabajadores,Legal,2,Access Rights,,,,,base.group_erp_manager,25,PRIVILEGE_PARTIAL;HAS_XMLID_19
93,123,Trabajadores: Rol Legal,Trabajadores,Legal,3,Bypass HTML Field Sanitize,,,,,base.group_sanitize_override,25,PRIVILEGE_PARTIAL;HAS_XMLID_19
93,123,Trabajadores: Rol Legal,Trabajadores,Legal,4,Role / Administrator,,,,,base.group_system,25,PRIVILEGE_PARTIAL;HAS_XMLID_19
93,123,Trabajadores: Rol Legal,Trabajadores,Legal,5,Multi Companies,,,,,base.group_multi_company,25,PRIVILEGE_PARTIAL;HAS_XMLID_19
93,123,Trabajadores: Rol Legal,Trabajadores,Legal,6,Multi Currencies,,,,,base.group_multi_currency,25,PRIVILEGE_PARTIAL;HAS_XMLID_19
93,123,Trabajadores: Rol Legal,Trabajadores,Legal,7,Technical Features,,,,,base.group_no_one,25,PRIVILEGE_PARTIAL;HAS_XMLID_19
93,123,Trabajadores: Rol Legal,Trabajadores,Legal,10,Role / Portal,,,,,base.group_portal,25,PRIVILEGE_PARTIAL;HAS_XMLID_19
93,123,Trabajadores: Rol Legal,Trabajadores,Legal,11,Role / Public,,,,,base.group_public,25,PRIVILEGE_PARTIAL;HAS_XMLID_19
93,123,Trabajadores: Rol Legal,Trabajadores,Legal,12,Default access for new users,,,,,base.default_user_group,25,PRIVILEGE_PARTIAL;HAS_XMLID_19
93,123,Trabajadores: Rol Legal,Trabajadores,Legal,13,Technical Documentation,,,,,api_doc.group_allow_doc,25,PRIVILEGE_PARTIAL;HAS_XMLID_19
93,123,Trabajadores: Rol Legal,Trabajadores,Legal,15,Mail Template Editor,,,,,mail.group_mail_template_editor,25,PRIVILEGE_PARTIAL;HAS_XMLID_19
93,123,Trabajadores: Rol Legal,Trabajadores,Legal,16,Receive notifications in Odoo,,,,,mail.group_mail_notification_type_inbox,25,PRIVILEGE_PARTIAL;HAS_XMLID_19
93,123,Trabajadores: Rol Legal,Trabajadores,Legal,25,Menus y Accesos Obsoletos,,,,,sicpro_app_administracion.grupo_app_administracion_obsoletos,25,PRIVILEGE_PARTIAL;HAS_XMLID_19
93,123,Trabajadores: Rol Legal,Trabajadores,Legal,26,Manage Multiple Units of Measure,,,,,uom.group_uom,25,PRIVILEGE_PARTIAL;HAS_XMLID_19
93,123,Trabajadores: Rol Legal,Trabajadores,Legal,27,Analytic Accounting,,,,,analytic.group_analytic_accounting,25,PRIVILEGE_PARTIAL;HAS_XMLID_19
93,123,Trabajadores: Rol Legal,Trabajadores,Legal,32,Use Stages on Project,,,,,project.group_project_stages,25,PRIVILEGE_PARTIAL;HAS_XMLID_19
93,123,Trabajadores: Rol Legal,Trabajadores,Legal,33,Use Recurring Tasks,,,,,project.group_project_recurring_tasks,25,PRIVILEGE_PARTIAL;HAS_XMLID_19
93,123,Trabajadores: Rol Legal,Trabajadores,Legal,34,Use Task Dependencies,,,,,project.group_project_task_dependencies,25,PRIVILEGE_PARTIAL;HAS_XMLID_19
93,123,Trabajadores: Rol Legal,Trabajadores,Legal,35,Use Milestones,,,,,project.group_project_milestone,25,PRIVILEGE_PARTIAL;HAS_XMLID_19
93,123,Trabajadores: Rol Legal,Trabajadores,Legal,44,Consultas Postgres,,,,,sicpro_modulo_querydb.group_querydeluxe,25,PRIVILEGE_PARTIAL;HAS_XMLID_19
93,123,Trabajadores: Rol Legal,Trabajadores,Legal,40,Administrador,11,Salón de Clases,107,Servicios Corporativos,sicpro_app_salon_clases.grupo_app_salon_clases_admin,10,IMPLIED_COMMON:responsable;HAS_XMLID_19
93,123,Trabajadores: Rol Legal,Trabajadores,Legal,47,Ejecutor,15,CMI,108,Gestión de Producción,sicpro_app_cmi.grupo_app_cmi_ejecutor,10,IMPLIED_COMMON:usuarios;HAS_XMLID_19
93,123,Trabajadores: Rol Legal,Trabajadores,Legal,49,Administrador,15,CMI,108,Gestión de Producción,sicpro_app_cmi.grupo_app_cmi_admin,10,IMPLIED_COMMON:responsable;HAS_XMLID_19
93,123,Trabajadores: Rol Legal,Trabajadores,Legal,51,Ejecutor,16,Materiales e Insumos,102,Preparación Técnica,sicpro_app_materiales_insumos.grupo_app_materiales_insumos_ejecutor,10,IMPLIED_COMMON:usuarios;HAS_XMLID_19
93,123,Trabajadores: Rol Legal,Trabajadores,Legal,53,Administrador,16,Materiales e Insumos,102,Preparación Técnica,sicpro_app_materiales_insumos.grupo_app_materiales_insumos_admin,10,IMPLIED_COMMON:responsable;HAS_XMLID_19
93,123,Trabajadores: Rol Legal,Trabajadores,Legal,55,Todos los Trabajadores,17,Usuario del Proceso,97,Capital Humano,sicpro_app_trabajadores.grupo_app_trabajador_usuario_todos,10,IMPLIED_COMMON:usuarios;HAS_XMLID_19
93,123,Trabajadores: Rol Legal,Trabajadores,Legal,61,Administrador,19,Equipo Técnico,97,Capital Humano,sicpro_app_trabajadores.grupo_app_trabajador_equipos_admin,10,IMPLIED_COMMON:responsable;HAS_XMLID_19
93,123,Trabajadores: Rol Legal,Trabajadores,Legal,65,Responsable,20,Disciplinarias,97,Capital Humano,sicpro_app_trabajadores.grupo_app_trabajador_disciplina_responsable,10,IMPLIED_COMMON:accion legal;HAS_XMLID_19
93,123,Trabajadores: Rol Legal,Trabajadores,Legal,66,Administrador,20,Disciplinarias,97,Capital Humano,sicpro_app_trabajadores.grupo_app_trabajador_disciplina_admin,10,IMPLIED_COMMON:responsable;HAS_XMLID_19
93,123,Trabajadores: Rol Legal,Trabajadores,Legal,76,Administrador,25,Control,109,Control de la información,sicpro_app_control_informacion.grupo_control_informacion_admin,10,IMPLIED_COMMON:responsable;HAS_XMLID_19
93,123,Trabajadores: Rol Legal,Trabajadores,Legal,79,Administrador,26,Credenciales,97,Capital Humano,sicpro_app_credenciales.grupo_app_credenciales_admin,10,IMPLIED_COMMON:responsable;HAS_XMLID_19
93,123,Trabajadores: Rol Legal,Trabajadores,Legal,83,Administrador,27,Medios Informáticos,112,Informática,sicpro_app_medios_informaticos.grupo_app_medios_informaticos_admin,10,IMPLIED_COMMON:responsable;HAS_XMLID_19
93,123,Trabajadores: Rol Legal,Trabajadores,Legal,87,Ejecutor,29,Metrología,106,Activos y Herramientas,sicpro_app_metrologia.grupo_app_metrologia_ejecutor,10,IMPLIED_COMMON:usuarios;HAS_XMLID_19
93,123,Trabajadores: Rol Legal,Trabajadores,Legal,89,Administrador,29,Metrología,106,Activos y Herramientas,sicpro_app_metrologia.grupo_app_metrologia_admin,10,IMPLIED_COMMON:responsable;HAS_XMLID_19
93,123,Trabajadores: Rol Legal,Trabajadores,Legal,94,Administrador,30,Repositorio DVPE.,107,Servicios Corporativos,sicpro_app_repositorio_institucional.group_repositorio_institucional_admin,10,IMPLIED_COMMON:responsable;HAS_XMLID_19
93,123,Trabajadores: Rol Legal,Trabajadores,Legal,99,Administrator,31,Reuniones,105,Gestión de Reuniones,sicpro_app_reuniones.group_reuniones_admin,10,IMPLIED_COMMON:responsable;HAS_XMLID_19
93,123,Trabajadores: Rol Legal,Trabajadores,Legal,104,Administrador,32,Servicios Internos,107,Servicios Corporativos,sicpro_app_servicios_internos.grupo_app_internos_admin,10,IMPLIED_COMMON:responsable;HAS_XMLID_19
93,123,Trabajadores: Rol Legal,Trabajadores,Legal,111,Administrador,34,Soporte,113,Soporte Técnico,sicpro_app_soporte.group_soporte_admin,10,IMPLIED_COMMON:responsable;HAS_XMLID_19
93,123,Trabajadores: Rol Legal,Trabajadores,Legal,114,Ejecutor,36,Transporte,98,Transportación,sicpro_app_transporte.grupo_app_transporte_ejecutor,10,IMPLIED_COMMON:usuarios;HAS_XMLID_19
93,123,Trabajadores: Rol Legal,Trabajadores,Legal,116,Administrador,36,Transporte,98,Transportación,sicpro_app_transporte.grupo_app_transporte_admin,10,IMPLIED_COMMON:responsable;HAS_XMLID_19
93,123,Trabajadores: Rol Legal,Trabajadores,Legal,118,Ejecutor,37,Piquera,98,Transportación,sicpro_app_transporte.grupo_app_transporte_piquera_ejecutor,10,IMPLIED_COMMON:usuarios;HAS_XMLID_19
93,123,Trabajadores: Rol Legal,Trabajadores,Legal,122,Administrador,38,Víveres Logística,111,Alimentación,sicpro_app_viveres.grupo_app_viveres_admin,10,IMPLIED_COMMON:responsable;HAS_XMLID_19
93,123,Trabajadores: Rol Legal,Trabajadores,Legal,127,Ejecutor,40,Clientes,101,Solicitudes de Obras,sicpro_app_clientes.grupo_app_clientes_ejecutor,10,IMPLIED_COMMON:usuarios;HAS_XMLID_19
93,123,Trabajadores: Rol Legal,Trabajadores,Legal,129,Administrador,40,Clientes,101,Solicitudes de Obras,sicpro_app_clientes.grupo_app_clientes_admin,10,IMPLIED_COMMON:responsable;HAS_XMLID_19
93,123,Trabajadores: Rol Legal,Trabajadores,Legal,131,Instructor,41,Instrucciones,97,Capital Humano,sicpro_app_instrucciones.grupo_app_instruciones_responsable,10,IMPLIED_COMMON:usuarios;HAS_XMLID_19
93,123,Trabajadores: Rol Legal,Trabajadores,Legal,140,Administrador,43,Operaciones,110,Programa de la Vivienda,sicpro_app_programa_viviendas.grupo_app_vivienda_admin,10,IMPLIED_COMMON:responsable;HAS_XMLID_19
93,123,Trabajadores: Rol Legal,Trabajadores,Legal,142,Administrativos,44,Solicitudes,101,Solicitudes de Obras,sicpro_app_solicitudes.grupo_app_solicitud_usuario_vertodo,10,IMPLIED_COMMON:usuarios;HAS_XMLID_19
93,123,Trabajadores: Rol Legal,Trabajadores,Legal,144,Administrador,44,Solicitudes,101,Solicitudes de Obras,sicpro_app_solicitudes.grupo_app_solicitud_admin,10,IMPLIED_COMMON:responsable;HAS_XMLID_19
93,123,Trabajadores: Rol Legal,Trabajadores,Legal,155,Administrador,50,Usuarios Internos,103,Órdenes de Trabajo,sicpro_app_ordenes_trabajo.grupo_ordenes_admin,10,IMPLIED_COMMON:responsable;HAS_XMLID_19
93,123,Trabajadores: Rol Legal,Trabajadores,Legal,168,Administrador,53,Transferencias,104,Gestión de Gastos,sicpro_app_transferencias_gastos.grupo_transferencias_admin,10,IMPLIED_COMMON:responsable;HAS_XMLID_19
94,124,Trabajadores: Rol Capacitador,Trabajadores,Capacitador,57,Responsable,18,Trabajadores,97,Capital Humano,sicpro_app_trabajadores.grupo_app_trabajador_responsable,60,PRIVILEGE_EXACT;IMPLIED_COMMON:tecnicos;HAS_XMLID_19
94,124,Trabajadores: Rol Capacitador,Trabajadores,Capacitador,67,Capacitador,21,Capacitación,97,Capital Humano,sicpro_app_trabajadores.grupo_app_trabajador_capacitacion,60,ROLE_NAME_EXACT;HAS_XMLID_19
94,124,Trabajadores: Rol Capacitador,Trabajadores,Capacitador,56,Técnicos,18,Trabajadores,97,Capital Humano,sicpro_app_trabajadores.grupo_app_trabajador_ejecutor,50,PRIVILEGE_EXACT;HAS_XMLID_19
94,124,Trabajadores: Rol Capacitador,Trabajadores,Capacitador,58,Administrador,18,Trabajadores,97,Capital Humano,sicpro_app_trabajadores.grupo_app_trabajador_admin,50,PRIVILEGE_EXACT;HAS_XMLID_19
94,124,Trabajadores: Rol Capacitador,Trabajadores,Capacitador,1,Role / User,,,,,base.group_user,25,PRIVILEGE_PARTIAL;HAS_XMLID_19
94,124,Trabajadores: Rol Capacitador,Trabajadores,Capacitador,2,Access Rights,,,,,base.group_erp_manager,25,PRIVILEGE_PARTIAL;HAS_XMLID_19
94,124,Trabajadores: Rol Capacitador,Trabajadores,Capacitador,3,Bypass HTML Field Sanitize,,,,,base.group_sanitize_override,25,PRIVILEGE_PARTIAL;HAS_XMLID_19
94,124,Trabajadores: Rol Capacitador,Trabajadores,Capacitador,4,Role / Administrator,,,,,base.group_system,25,PRIVILEGE_PARTIAL;HAS_XMLID_19
94,124,Trabajadores: Rol Capacitador,Trabajadores,Capacitador,5,Multi Companies,,,,,base.group_multi_company,25,PRIVILEGE_PARTIAL;HAS_XMLID_19
94,124,Trabajadores: Rol Capacitador,Trabajadores,Capacitador,6,Multi Currencies,,,,,base.group_multi_currency,25,PRIVILEGE_PARTIAL;HAS_XMLID_19
94,124,Trabajadores: Rol Capacitador,Trabajadores,Capacitador,7,Technical Features,,,,,base.group_no_one,25,PRIVILEGE_PARTIAL;HAS_XMLID_19
94,124,Trabajadores: Rol Capacitador,Trabajadores,Capacitador,10,Role / Portal,,,,,base.group_portal,25,PRIVILEGE_PARTIAL;HAS_XMLID_19
94,124,Trabajadores: Rol Capacitador,Trabajadores,Capacitador,11,Role / Public,,,,,base.group_public,25,PRIVILEGE_PARTIAL;HAS_XMLID_19
94,124,Trabajadores: Rol Capacitador,Trabajadores,Capacitador,12,Default access for new users,,,,,base.default_user_group,25,PRIVILEGE_PARTIAL;HAS_XMLID_19
94,124,Trabajadores: Rol Capacitador,Trabajadores,Capacitador,13,Technical Documentation,,,,,api_doc.group_allow_doc,25,PRIVILEGE_PARTIAL;HAS_XMLID_19
94,124,Trabajadores: Rol Capacitador,Trabajadores,Capacitador,15,Mail Template Editor,,,,,mail.group_mail_template_editor,25,PRIVILEGE_PARTIAL;HAS_XMLID_19
94,124,Trabajadores: Rol Capacitador,Trabajadores,Capacitador,16,Receive notifications in Odoo,,,,,mail.group_mail_notification_type_inbox,25,PRIVILEGE_PARTIAL;HAS_XMLID_19
94,124,Trabajadores: Rol Capacitador,Trabajadores,Capacitador,25,Menus y Accesos Obsoletos,,,,,sicpro_app_administracion.grupo_app_administracion_obsoletos,25,PRIVILEGE_PARTIAL;HAS_XMLID_19
94,124,Trabajadores: Rol Capacitador,Trabajadores,Capacitador,26,Manage Multiple Units of Measure,,,,,uom.group_uom,25,PRIVILEGE_PARTIAL;HAS_XMLID_19
94,124,Trabajadores: Rol Capacitador,Trabajadores,Capacitador,27,Analytic Accounting,,,,,analytic.group_analytic_accounting,25,PRIVILEGE_PARTIAL;HAS_XMLID_19
94,124,Trabajadores: Rol Capacitador,Trabajadores,Capacitador,32,Use Stages on Project,,,,,project.group_project_stages,25,PRIVILEGE_PARTIAL;HAS_XMLID_19
94,124,Trabajadores: Rol Capacitador,Trabajadores,Capacitador,33,Use Recurring Tasks,,,,,project.group_project_recurring_tasks,25,PRIVILEGE_PARTIAL;HAS_XMLID_19
94,124,Trabajadores: Rol Capacitador,Trabajadores,Capacitador,34,Use Task Dependencies,,,,,project.group_project_task_dependencies,25,PRIVILEGE_PARTIAL;HAS_XMLID_19
94,124,Trabajadores: Rol Capacitador,Trabajadores,Capacitador,35,Use Milestones,,,,,project.group_project_milestone,25,PRIVILEGE_PARTIAL;HAS_XMLID_19
94,124,Trabajadores: Rol Capacitador,Trabajadores,Capacitador,44,Consultas Postgres,,,,,sicpro_modulo_querydb.group_querydeluxe,25,PRIVILEGE_PARTIAL;HAS_XMLID_19
94,124,Trabajadores: Rol Capacitador,Trabajadores,Capacitador,60,Responsable,19,Equipo Técnico,97,Capital Humano,sicpro_app_trabajadores.grupo_app_trabajador_equipos_responsable,10,IMPLIED_COMMON:tecnicos;HAS_XMLID_19
94,124,Trabajadores: Rol Capacitador,Trabajadores,Capacitador,64,Acción Legal,20,Disciplinarias,97,Capital Humano,sicpro_app_trabajadores.grupo_app_trabajador_disciplina_legal,10,IMPLIED_COMMON:tecnicos;HAS_XMLID_19
94,124,Trabajadores: Rol Capacitador,Trabajadores,Capacitador,68,Responsable,21,Capacitación,97,Capital Humano,sicpro_app_trabajadores.grupo_app_trabajador_capacitacion_responsable,10,IMPLIED_COMMON:capacitador;HAS_XMLID_19
94,124,Trabajadores: Rol Capacitador,Trabajadores,Capacitador,78,Responsable,26,Credenciales,97,Capital Humano,sicpro_app_credenciales.grupo_app_credenciales_responsable,10,IMPLIED_COMMON:tecnicos;HAS_XMLID_19
95,125,Trabajadores: Rol Responsable,Trabajadores,Responsable,57,Responsable,18,Trabajadores,97,Capital Humano,sicpro_app_trabajadores.grupo_app_trabajador_responsable,110,ROLE_NAME_EXACT;PRIVILEGE_EXACT;HAS_XMLID_19
95,125,Trabajadores: Rol Responsable,Trabajadores,Responsable,39,Responsable,11,Salón de Clases,107,Servicios Corporativos,sicpro_app_salon_clases.grupo_app_salon_clases_responsable,60,ROLE_NAME_EXACT;HAS_XMLID_19
95,125,Trabajadores: Rol Responsable,Trabajadores,Responsable,48,Responsable,15,CMI,108,Gestión de Producción,sicpro_app_cmi.grupo_app_cmi_responsable,60,ROLE_NAME_EXACT;HAS_XMLID_19
95,125,Trabajadores: Rol Responsable,Trabajadores,Responsable,52,Responsable,16,Materiales e Insumos,102,Preparación Técnica,sicpro_app_materiales_insumos.grupo_app_materiales_insumos_responsable,60,ROLE_NAME_EXACT;HAS_XMLID_19
95,125,Trabajadores: Rol Responsable,Trabajadores,Responsable,58,Administrador,18,Trabajadores,97,Capital Humano,sicpro_app_trabajadores.grupo_app_trabajador_admin,60,PRIVILEGE_EXACT;IMPLIED_COMMON:responsable;HAS_XMLID_19
95,125,Trabajadores: Rol Responsable,Trabajadores,Responsable,60,Responsable,19,Equipo Técnico,97,Capital Humano,sicpro_app_trabajadores.grupo_app_trabajador_equipos_responsable,60,ROLE_NAME_EXACT;HAS_XMLID_19
95,125,Trabajadores: Rol Responsable,Trabajadores,Responsable,65,Responsable,20,Disciplinarias,97,Capital Humano,sicpro_app_trabajadores.grupo_app_trabajador_disciplina_responsable,60,ROLE_NAME_EXACT;HAS_XMLID_19
95,125,Trabajadores: Rol Responsable,Trabajadores,Responsable,68,Responsable,21,Capacitación,97,Capital Humano,sicpro_app_trabajadores.grupo_app_trabajador_capacitacion_responsable,60,ROLE_NAME_EXACT;HAS_XMLID_19
95,125,Trabajadores: Rol Responsable,Trabajadores,Responsable,70,Responsable,22,Seguridad y Salud,97,Capital Humano,sicpro_app_trabajadores.grupo_app_trabajador_seguridad_salud_responsable,60,ROLE_NAME_EXACT;HAS_XMLID_19
95,125,Trabajadores: Rol Responsable,Trabajadores,Responsable,75,Responsable,25,Control,109,Control de la información,sicpro_app_control_informacion.grupo_control_informacion_responsable,60,ROLE_NAME_EXACT;HAS_XMLID_19
95,125,Trabajadores: Rol Responsable,Trabajadores,Responsable,78,Responsable,26,Credenciales,97,Capital Humano,sicpro_app_credenciales.grupo_app_credenciales_responsable,60,ROLE_NAME_EXACT;HAS_XMLID_19
95,125,Trabajadores: Rol Responsable,Trabajadores,Responsable,82,Responsable,27,Medios Informáticos,112,Informática,sicpro_app_medios_informaticos.grupo_app_medios_informaticos_responsable,60,ROLE_NAME_EXACT;HAS_XMLID_19
95,125,Trabajadores: Rol Responsable,Trabajadores,Responsable,88,Responsable,29,Metrología,106,Activos y Herramientas,sicpro_app_metrologia.grupo_app_metrologia_responsable,60,ROLE_NAME_EXACT;HAS_XMLID_19
95,125,Trabajadores: Rol Responsable,Trabajadores,Responsable,93,Responsable,30,Repositorio DVPE.,107,Servicios Corporativos,sicpro_app_repositorio_institucional.group_repositorio_institucional_responsable,60,ROLE_NAME_EXACT;HAS_XMLID_19
95,125,Trabajadores: Rol Responsable,Trabajadores,Responsable,98,Responsable,31,Reuniones,105,Gestión de Reuniones,sicpro_app_reuniones.group_reuniones_responsable,60,ROLE_NAME_EXACT;HAS_XMLID_19
95,125,Trabajadores: Rol Responsable,Trabajadores,Responsable,103,Responsable,32,Servicios Internos,107,Servicios Corporativos,sicpro_app_servicios_internos.grupo_app_internos_responsable,60,ROLE_NAME_EXACT;HAS_XMLID_19
95,125,Trabajadores: Rol Responsable,Trabajadores,Responsable,110,Responsable,34,Soporte,113,Soporte Técnico,sicpro_app_soporte.group_soporte_responsable,60,ROLE_NAME_EXACT;HAS_XMLID_19
95,125,Trabajadores: Rol Responsable,Trabajadores,Responsable,115,Responsable,36,Transporte,98,Transportación,sicpro_app_transporte.grupo_app_transporte_responsable,60,ROLE_NAME_EXACT;HAS_XMLID_19
95,125,Trabajadores: Rol Responsable,Trabajadores,Responsable,121,Responsable,38,Víveres Logística,111,Alimentación,sicpro_app_viveres.grupo_app_viveres_resumen_responsable,60,ROLE_NAME_EXACT;HAS_XMLID_19
95,125,Trabajadores: Rol Responsable,Trabajadores,Responsable,128,Responsable,40,Clientes,101,Solicitudes de Obras,sicpro_app_clientes.grupo_app_clientes_responsable,60,ROLE_NAME_EXACT;HAS_XMLID_19
95,125,Trabajadores: Rol Responsable,Trabajadores,Responsable,139,Responsable,43,Operaciones,110,Programa de la Vivienda,sicpro_app_programa_viviendas.grupo_app_vivienda_responsable,60,ROLE_NAME_EXACT;HAS_XMLID_19
95,125,Trabajadores: Rol Responsable,Trabajadores,Responsable,143,Responsable,44,Solicitudes,101,Solicitudes de Obras,sicpro_app_solicitudes.grupo_app_solicitud_responsable,60,ROLE_NAME_EXACT;HAS_XMLID_19
95,125,Trabajadores: Rol Responsable,Trabajadores,Responsable,151,Responsable,49,Especialista Ejecutor,101,Solicitudes de Obras,sicpro_app_solicitudes.grupo_app_grupos_ejecutor,60,ROLE_NAME_EXACT;HAS_XMLID_19
95,125,Trabajadores: Rol Responsable,Trabajadores,Responsable,154,Responsable,50,Usuarios Internos,103,Órdenes de Trabajo,sicpro_app_ordenes_trabajo.grupo_ordenes_responsable,60,ROLE_NAME_EXACT;HAS_XMLID_19
95,125,Trabajadores: Rol Responsable,Trabajadores,Responsable,167,Responsable,53,Transferencias,104,Gestión de Gastos,sicpro_app_transferencias_gastos.grupo_transferencias_responsable,60,ROLE_NAME_EXACT;HAS_XMLID_19
95,125,Trabajadores: Rol Responsable,Trabajadores,Responsable,56,Técnicos,18,Trabajadores,97,Capital Humano,sicpro_app_trabajadores.grupo_app_trabajador_ejecutor,50,PRIVILEGE_EXACT;HAS_XMLID_19
95,125,Trabajadores: Rol Responsable,Trabajadores,Responsable,1,Role / User,,,,,base.group_user,25,PRIVILEGE_PARTIAL;HAS_XMLID_19
95,125,Trabajadores: Rol Responsable,Trabajadores,Responsable,2,Access Rights,,,,,base.group_erp_manager,25,PRIVILEGE_PARTIAL;HAS_XMLID_19
95,125,Trabajadores: Rol Responsable,Trabajadores,Responsable,3,Bypass HTML Field Sanitize,,,,,base.group_sanitize_override,25,PRIVILEGE_PARTIAL;HAS_XMLID_19
95,125,Trabajadores: Rol Responsable,Trabajadores,Responsable,4,Role / Administrator,,,,,base.group_system,25,PRIVILEGE_PARTIAL;HAS_XMLID_19
95,125,Trabajadores: Rol Responsable,Trabajadores,Responsable,5,Multi Companies,,,,,base.group_multi_company,25,PRIVILEGE_PARTIAL;HAS_XMLID_19
95,125,Trabajadores: Rol Responsable,Trabajadores,Responsable,6,Multi Currencies,,,,,base.group_multi_currency,25,PRIVILEGE_PARTIAL;HAS_XMLID_19
95,125,Trabajadores: Rol Responsable,Trabajadores,Responsable,7,Technical Features,,,,,base.group_no_one,25,PRIVILEGE_PARTIAL;HAS_XMLID_19
95,125,Trabajadores: Rol Responsable,Trabajadores,Responsable,10,Role / Portal,,,,,base.group_portal,25,PRIVILEGE_PARTIAL;HAS_XMLID_19
95,125,Trabajadores: Rol Responsable,Trabajadores,Responsable,11,Role / Public,,,,,base.group_public,25,PRIVILEGE_PARTIAL;HAS_XMLID_19
95,125,Trabajadores: Rol Responsable,Trabajadores,Responsable,12,Default access for new users,,,,,base.default_user_group,25,PRIVILEGE_PARTIAL;HAS_XMLID_19
95,125,Trabajadores: Rol Responsable,Trabajadores,Responsable,13,Technical Documentation,,,,,api_doc.group_allow_doc,25,PRIVILEGE_PARTIAL;HAS_XMLID_19
95,125,Trabajadores: Rol Responsable,Trabajadores,Responsable,15,Mail Template Editor,,,,,mail.group_mail_template_editor,25,PRIVILEGE_PARTIAL;HAS_XMLID_19
95,125,Trabajadores: Rol Responsable,Trabajadores,Responsable,16,Receive notifications in Odoo,,,,,mail.group_mail_notification_type_inbox,25,PRIVILEGE_PARTIAL;HAS_XMLID_19
95,125,Trabajadores: Rol Responsable,Trabajadores,Responsable,25,Menus y Accesos Obsoletos,,,,,sicpro_app_administracion.grupo_app_administracion_obsoletos,25,PRIVILEGE_PARTIAL;HAS_XMLID_19
95,125,Trabajadores: Rol Responsable,Trabajadores,Responsable,26,Manage Multiple Units of Measure,,,,,uom.group_uom,25,PRIVILEGE_PARTIAL;HAS_XMLID_19
95,125,Trabajadores: Rol Responsable,Trabajadores,Responsable,27,Analytic Accounting,,,,,analytic.group_analytic_accounting,25,PRIVILEGE_PARTIAL;HAS_XMLID_19
95,125,Trabajadores: Rol Responsable,Trabajadores,Responsable,32,Use Stages on Project,,,,,project.group_project_stages,25,PRIVILEGE_PARTIAL;HAS_XMLID_19
95,125,Trabajadores: Rol Responsable,Trabajadores,Responsable,33,Use Recurring Tasks,,,,,project.group_project_recurring_tasks,25,PRIVILEGE_PARTIAL;HAS_XMLID_19
95,125,Trabajadores: Rol Responsable,Trabajadores,Responsable,34,Use Task Dependencies,,,,,project.group_project_task_dependencies,25,PRIVILEGE_PARTIAL;HAS_XMLID_19
95,125,Trabajadores: Rol Responsable,Trabajadores,Responsable,35,Use Milestones,,,,,project.group_project_milestone,25,PRIVILEGE_PARTIAL;HAS_XMLID_19
95,125,Trabajadores: Rol Responsable,Trabajadores,Responsable,44,Consultas Postgres,,,,,sicpro_modulo_querydb.group_querydeluxe,25,PRIVILEGE_PARTIAL;HAS_XMLID_19
95,125,Trabajadores: Rol Responsable,Trabajadores,Responsable,40,Administrador,11,Salón de Clases,107,Servicios Corporativos,sicpro_app_salon_clases.grupo_app_salon_clases_admin,10,IMPLIED_COMMON:responsable;HAS_XMLID_19
95,125,Trabajadores: Rol Responsable,Trabajadores,Responsable,49,Administrador,15,CMI,108,Gestión de Producción,sicpro_app_cmi.grupo_app_cmi_admin,10,IMPLIED_COMMON:responsable;HAS_XMLID_19
95,125,Trabajadores: Rol Responsable,Trabajadores,Responsable,53,Administrador,16,Materiales e Insumos,102,Preparación Técnica,sicpro_app_materiales_insumos.grupo_app_materiales_insumos_admin,10,IMPLIED_COMMON:responsable;HAS_XMLID_19
95,125,Trabajadores: Rol Responsable,Trabajadores,Responsable,61,Administrador,19,Equipo Técnico,97,Capital Humano,sicpro_app_trabajadores.grupo_app_trabajador_equipos_admin,10,IMPLIED_COMMON:responsable;HAS_XMLID_19
95,125,Trabajadores: Rol Responsable,Trabajadores,Responsable,66,Administrador,20,Disciplinarias,97,Capital Humano,sicpro_app_trabajadores.grupo_app_trabajador_disciplina_admin,10,IMPLIED_COMMON:responsable;HAS_XMLID_19
95,125,Trabajadores: Rol Responsable,Trabajadores,Responsable,76,Administrador,25,Control,109,Control de la información,sicpro_app_control_informacion.grupo_control_informacion_admin,10,IMPLIED_COMMON:responsable;HAS_XMLID_19
95,125,Trabajadores: Rol Responsable,Trabajadores,Responsable,79,Administrador,26,Credenciales,97,Capital Humano,sicpro_app_credenciales.grupo_app_credenciales_admin,10,IMPLIED_COMMON:responsable;HAS_XMLID_19
95,125,Trabajadores: Rol Responsable,Trabajadores,Responsable,83,Administrador,27,Medios Informáticos,112,Informática,sicpro_app_medios_informaticos.grupo_app_medios_informaticos_admin,10,IMPLIED_COMMON:responsable;HAS_XMLID_19
95,125,Trabajadores: Rol Responsable,Trabajadores,Responsable,89,Administrador,29,Metrología,106,Activos y Herramientas,sicpro_app_metrologia.grupo_app_metrologia_admin,10,IMPLIED_COMMON:responsable;HAS_XMLID_19
95,125,Trabajadores: Rol Responsable,Trabajadores,Responsable,94,Administrador,30,Repositorio DVPE.,107,Servicios Corporativos,sicpro_app_repositorio_institucional.group_repositorio_institucional_admin,10,IMPLIED_COMMON:responsable;HAS_XMLID_19
95,125,Trabajadores: Rol Responsable,Trabajadores,Responsable,99,Administrator,31,Reuniones,105,Gestión de Reuniones,sicpro_app_reuniones.group_reuniones_admin,10,IMPLIED_COMMON:responsable;HAS_XMLID_19
95,125,Trabajadores: Rol Responsable,Trabajadores,Responsable,104,Administrador,32,Servicios Internos,107,Servicios Corporativos,sicpro_app_servicios_internos.grupo_app_internos_admin,10,IMPLIED_COMMON:responsable;HAS_XMLID_19
95,125,Trabajadores: Rol Responsable,Trabajadores,Responsable,111,Administrador,34,Soporte,113,Soporte Técnico,sicpro_app_soporte.group_soporte_admin,10,IMPLIED_COMMON:responsable;HAS_XMLID_19
95,125,Trabajadores: Rol Responsable,Trabajadores,Responsable,116,Administrador,36,Transporte,98,Transportación,sicpro_app_transporte.grupo_app_transporte_admin,10,IMPLIED_COMMON:responsable;HAS_XMLID_19
95,125,Trabajadores: Rol Responsable,Trabajadores,Responsable,122,Administrador,38,Víveres Logística,111,Alimentación,sicpro_app_viveres.grupo_app_viveres_admin,10,IMPLIED_COMMON:responsable;HAS_XMLID_19
95,125,Trabajadores: Rol Responsable,Trabajadores,Responsable,129,Administrador,40,Clientes,101,Solicitudes de Obras,sicpro_app_clientes.grupo_app_clientes_admin,10,IMPLIED_COMMON:responsable;HAS_XMLID_19
95,125,Trabajadores: Rol Responsable,Trabajadores,Responsable,140,Administrador,43,Operaciones,110,Programa de la Vivienda,sicpro_app_programa_viviendas.grupo_app_vivienda_admin,10,IMPLIED_COMMON:responsable;HAS_XMLID_19
95,125,Trabajadores: Rol Responsable,Trabajadores,Responsable,144,Administrador,44,Solicitudes,101,Solicitudes de Obras,sicpro_app_solicitudes.grupo_app_solicitud_admin,10,IMPLIED_COMMON:responsable;HAS_XMLID_19
95,125,Trabajadores: Rol Responsable,Trabajadores,Responsable,155,Administrador,50,Usuarios Internos,103,Órdenes de Trabajo,sicpro_app_ordenes_trabajo.grupo_ordenes_admin,10,IMPLIED_COMMON:responsable;HAS_XMLID_19
95,125,Trabajadores: Rol Responsable,Trabajadores,Responsable,168,Administrador,53,Transferencias,104,Gestión de Gastos,sicpro_app_transferencias_gastos.grupo_transferencias_admin,10,IMPLIED_COMMON:responsable;HAS_XMLID_19
96,126,Trabajadores: Rol Administrador,Trabajadores,Administrador,58,Administrador,18,Trabajadores,97,Capital Humano,sicpro_app_trabajadores.grupo_app_trabajador_admin,110,ROLE_NAME_EXACT;PRIVILEGE_EXACT;HAS_XMLID_19
96,126,Trabajadores: Rol Administrador,Trabajadores,Administrador,17,Administrador,4,Administrar SICPRO,94,Administración SICPRO ERP,sicpro_app_administracion.grupo_app_administracion_admin,60,ROLE_NAME_EXACT;HAS_XMLID_19
96,126,Trabajadores: Rol Administrador,Trabajadores,Administrador,40,Administrador,11,Salón de Clases,107,Servicios Corporativos,sicpro_app_salon_clases.grupo_app_salon_clases_admin,60,ROLE_NAME_EXACT;HAS_XMLID_19
96,126,Trabajadores: Rol Administrador,Trabajadores,Administrador,42,Administrador,12,Registros de auditoría,115,Registro de auditoría,sicpro_modulo_auditorias.group_auditlog_manager,60,ROLE_NAME_EXACT;HAS_XMLID_19
96,126,Trabajadores: Rol Administrador,Trabajadores,Administrador,43,Administrador,13,Nomencladores,94,Administración SICPRO ERP,sicpro_modulo_nomencladores.grupo_sicpro_nomencladores_admin,60,ROLE_NAME_EXACT;HAS_XMLID_19
96,126,Trabajadores: Rol Administrador,Trabajadores,Administrador,49,Administrador,15,CMI,108,Gestión de Producción,sicpro_app_cmi.grupo_app_cmi_admin,60,ROLE_NAME_EXACT;HAS_XMLID_19
96,126,Trabajadores: Rol Administrador,Trabajadores,Administrador,53,Administrador,16,Materiales e Insumos,102,Preparación Técnica,sicpro_app_materiales_insumos.grupo_app_materiales_insumos_admin,60,ROLE_NAME_EXACT;HAS_XMLID_19
96,126,Trabajadores: Rol Administrador,Trabajadores,Administrador,61,Administrador,19,Equipo Técnico,97,Capital Humano,sicpro_app_trabajadores.grupo_app_trabajador_equipos_admin,60,ROLE_NAME_EXACT;HAS_XMLID_19
96,126,Trabajadores: Rol Administrador,Trabajadores,Administrador,66,Administrador,20,Disciplinarias,97,Capital Humano,sicpro_app_trabajadores.grupo_app_trabajador_disciplina_admin,60,ROLE_NAME_EXACT;HAS_XMLID_19
96,126,Trabajadores: Rol Administrador,Trabajadores,Administrador,76,Administrador,25,Control,109,Control de la información,sicpro_app_control_informacion.grupo_control_informacion_admin,60,ROLE_NAME_EXACT;HAS_XMLID_19
96,126,Trabajadores: Rol Administrador,Trabajadores,Administrador,79,Administrador,26,Credenciales,97,Capital Humano,sicpro_app_credenciales.grupo_app_credenciales_admin,60,ROLE_NAME_EXACT;HAS_XMLID_19
96,126,Trabajadores: Rol Administrador,Trabajadores,Administrador,83,Administrador,27,Medios Informáticos,112,Informática,sicpro_app_medios_informaticos.grupo_app_medios_informaticos_admin,60,ROLE_NAME_EXACT;HAS_XMLID_19
96,126,Trabajadores: Rol Administrador,Trabajadores,Administrador,89,Administrador,29,Metrología,106,Activos y Herramientas,sicpro_app_metrologia.grupo_app_metrologia_admin,60,ROLE_NAME_EXACT;HAS_XMLID_19
96,126,Trabajadores: Rol Administrador,Trabajadores,Administrador,94,Administrador,30,Repositorio DVPE.,107,Servicios Corporativos,sicpro_app_repositorio_institucional.group_repositorio_institucional_admin,60,ROLE_NAME_EXACT;HAS_XMLID_19
96,126,Trabajadores: Rol Administrador,Trabajadores,Administrador,104,Administrador,32,Servicios Internos,107,Servicios Corporativos,sicpro_app_servicios_internos.grupo_app_internos_admin,60,ROLE_NAME_EXACT;HAS_XMLID_19
96,126,Trabajadores: Rol Administrador,Trabajadores,Administrador,111,Administrador,34,Soporte,113,Soporte Técnico,sicpro_app_soporte.group_soporte_admin,60,ROLE_NAME_EXACT;HAS_XMLID_19
96,126,Trabajadores: Rol Administrador,Trabajadores,Administrador,116,Administrador,36,Transporte,98,Transportación,sicpro_app_transporte.grupo_app_transporte_admin,60,ROLE_NAME_EXACT;HAS_XMLID_19
96,126,Trabajadores: Rol Administrador,Trabajadores,Administrador,122,Administrador,38,Víveres Logística,111,Alimentación,sicpro_app_viveres.grupo_app_viveres_admin,60,ROLE_NAME_EXACT;HAS_XMLID_19
96,126,Trabajadores: Rol Administrador,Trabajadores,Administrador,129,Administrador,40,Clientes,101,Solicitudes de Obras,sicpro_app_clientes.grupo_app_clientes_admin,60,ROLE_NAME_EXACT;HAS_XMLID_19
96,126,Trabajadores: Rol Administrador,Trabajadores,Administrador,132,Administrador,41,Instrucciones,97,Capital Humano,sicpro_app_instrucciones.grupo_app_instruciones_admin,60,ROLE_NAME_EXACT;HAS_XMLID_19
96,126,Trabajadores: Rol Administrador,Trabajadores,Administrador,140,Administrador,43,Operaciones,110,Programa de la Vivienda,sicpro_app_programa_viviendas.grupo_app_vivienda_admin,60,ROLE_NAME_EXACT;HAS_XMLID_19
96,126,Trabajadores: Rol Administrador,Trabajadores,Administrador,144,Administrador,44,Solicitudes,101,Solicitudes de Obras,sicpro_app_solicitudes.grupo_app_solicitud_admin,60,ROLE_NAME_EXACT;HAS_XMLID_19
96,126,Trabajadores: Rol Administrador,Trabajadores,Administrador,155,Administrador,50,Usuarios Internos,103,Órdenes de Trabajo,sicpro_app_ordenes_trabajo.grupo_ordenes_admin,60,ROLE_NAME_EXACT;HAS_XMLID_19
96,126,Trabajadores: Rol Administrador,Trabajadores,Administrador,168,Administrador,53,Transferencias,104,Gestión de Gastos,sicpro_app_transferencias_gastos.grupo_transferencias_admin,60,ROLE_NAME_EXACT;HAS_XMLID_19
96,126,Trabajadores: Rol Administrador,Trabajadores,Administrador,56,Técnicos,18,Trabajadores,97,Capital Humano,sicpro_app_trabajadores.grupo_app_trabajador_ejecutor,50,PRIVILEGE_EXACT;HAS_XMLID_19
96,126,Trabajadores: Rol Administrador,Trabajadores,Administrador,57,Responsable,18,Trabajadores,97,Capital Humano,sicpro_app_trabajadores.grupo_app_trabajador_responsable,50,PRIVILEGE_EXACT;HAS_XMLID_19
96,126,Trabajadores: Rol Administrador,Trabajadores,Administrador,4,Role / Administrator,,,,,base.group_system,35,PRIVILEGE_PARTIAL;IMPLIED_COMMON:administrador;HAS_XMLID_19
96,126,Trabajadores: Rol Administrador,Trabajadores,Administrador,1,Role / User,,,,,base.group_user,25,PRIVILEGE_PARTIAL;HAS_XMLID_19
96,126,Trabajadores: Rol Administrador,Trabajadores,Administrador,2,Access Rights,,,,,base.group_erp_manager,25,PRIVILEGE_PARTIAL;HAS_XMLID_19
96,126,Trabajadores: Rol Administrador,Trabajadores,Administrador,3,Bypass HTML Field Sanitize,,,,,base.group_sanitize_override,25,PRIVILEGE_PARTIAL;HAS_XMLID_19
96,126,Trabajadores: Rol Administrador,Trabajadores,Administrador,5,Multi Companies,,,,,base.group_multi_company,25,PRIVILEGE_PARTIAL;HAS_XMLID_19
96,126,Trabajadores: Rol Administrador,Trabajadores,Administrador,6,Multi Currencies,,,,,base.group_multi_currency,25,PRIVILEGE_PARTIAL;HAS_XMLID_19
96,126,Trabajadores: Rol Administrador,Trabajadores,Administrador,7,Technical Features,,,,,base.group_no_one,25,PRIVILEGE_PARTIAL;HAS_XMLID_19
96,126,Trabajadores: Rol Administrador,Trabajadores,Administrador,10,Role / Portal,,,,,base.group_portal,25,PRIVILEGE_PARTIAL;HAS_XMLID_19
96,126,Trabajadores: Rol Administrador,Trabajadores,Administrador,11,Role / Public,,,,,base.group_public,25,PRIVILEGE_PARTIAL;HAS_XMLID_19
96,126,Trabajadores: Rol Administrador,Trabajadores,Administrador,12,Default access for new users,,,,,base.default_user_group,25,PRIVILEGE_PARTIAL;HAS_XMLID_19
96,126,Trabajadores: Rol Administrador,Trabajadores,Administrador,13,Technical Documentation,,,,,api_doc.group_allow_doc,25,PRIVILEGE_PARTIAL;HAS_XMLID_19
96,126,Trabajadores: Rol Administrador,Trabajadores,Administrador,15,Mail Template Editor,,,,,mail.group_mail_template_editor,25,PRIVILEGE_PARTIAL;HAS_XMLID_19
96,126,Trabajadores: Rol Administrador,Trabajadores,Administrador,16,Receive notifications in Odoo,,,,,mail.group_mail_notification_type_inbox,25,PRIVILEGE_PARTIAL;HAS_XMLID_19
96,126,Trabajadores: Rol Administrador,Trabajadores,Administrador,25,Menus y Accesos Obsoletos,,,,,sicpro_app_administracion.grupo_app_administracion_obsoletos,25,PRIVILEGE_PARTIAL;HAS_XMLID_19
96,126,Trabajadores: Rol Administrador,Trabajadores,Administrador,26,Manage Multiple Units of Measure,,,,,uom.group_uom,25,PRIVILEGE_PARTIAL;HAS_XMLID_19
96,126,Trabajadores: Rol Administrador,Trabajadores,Administrador,27,Analytic Accounting,,,,,analytic.group_analytic_accounting,25,PRIVILEGE_PARTIAL;HAS_XMLID_19
96,126,Trabajadores: Rol Administrador,Trabajadores,Administrador,32,Use Stages on Project,,,,,project.group_project_stages,25,PRIVILEGE_PARTIAL;HAS_XMLID_19
96,126,Trabajadores: Rol Administrador,Trabajadores,Administrador,33,Use Recurring Tasks,,,,,project.group_project_recurring_tasks,25,PRIVILEGE_PARTIAL;HAS_XMLID_19
96,126,Trabajadores: Rol Administrador,Trabajadores,Administrador,34,Use Task Dependencies,,,,,project.group_project_task_dependencies,25,PRIVILEGE_PARTIAL;HAS_XMLID_19
96,126,Trabajadores: Rol Administrador,Trabajadores,Administrador,35,Use Milestones,,,,,project.group_project_milestone,25,PRIVILEGE_PARTIAL;HAS_XMLID_19
96,126,Trabajadores: Rol Administrador,Trabajadores,Administrador,44,Consultas Postgres,,,,,sicpro_modulo_querydb.group_querydeluxe,25,PRIVILEGE_PARTIAL;HAS_XMLID_19
97,127,Clientes: Rol Usuario,Clientes,Usuario,126,Usuarios,40,Clientes,101,Solicitudes de Obras,sicpro_app_clientes.grupo_app_clientes_usuario,85,ROLE_NAME_PARTIAL;PRIVILEGE_EXACT;HAS_XMLID_19
97,127,Clientes: Rol Usuario,Clientes,Usuario,36,Usuario,10,Gestor Documental,107,Servicios Corporativos,sicpro_app_gestor_documental.group_document_user,60,ROLE_NAME_EXACT;HAS_XMLID_19
97,127,Clientes: Rol Usuario,Clientes,Usuario,38,Usuario,11,Salón de Clases,107,Servicios Corporativos,sicpro_app_salon_clases.grupo_app_salon_clases_usuario,60,ROLE_NAME_EXACT;HAS_XMLID_19
97,127,Clientes: Rol Usuario,Clientes,Usuario,41,Usuario,12,Registros de auditoría,115,Registro de auditoría,sicpro_modulo_auditorias.group_auditlog_user,60,ROLE_NAME_EXACT;HAS_XMLID_19
97,127,Clientes: Rol Usuario,Clientes,Usuario,90,Usuario,30,Repositorio DVPE.,107,Servicios Corporativos,sicpro_app_repositorio_institucional.group_repositorio_institucional_user,60,ROLE_NAME_EXACT;HAS_XMLID_19
97,127,Clientes: Rol Usuario,Clientes,Usuario,95,Usuario,31,Reuniones,105,Gestión de Reuniones,sicpro_app_reuniones.group_reuniones_usuario,60,ROLE_NAME_EXACT;HAS_XMLID_19
97,127,Clientes: Rol Usuario,Clientes,Usuario,100,Usuario,32,Servicios Internos,107,Servicios Corporativos,sicpro_app_servicios_internos.grupo_app_internos_usuario,60,ROLE_NAME_EXACT;HAS_XMLID_19
97,127,Clientes: Rol Usuario,Clientes,Usuario,105,Usuario,33,Solicitudes de S.I.,107,Servicios Corporativos,sicpro_app_servicios_internos.grupo_app_internos_solicitudes_usuario,60,ROLE_NAME_EXACT;HAS_XMLID_19
97,127,Clientes: Rol Usuario,Clientes,Usuario,127,Ejecutor,40,Clientes,101,Solicitudes de Obras,sicpro_app_clientes.grupo_app_clientes_ejecutor,60,PRIVILEGE_EXACT;IMPLIED_COMMON:usuarios;HAS_XMLID_19
97,127,Clientes: Rol Usuario,Clientes,Usuario,134,Usuario,43,Operaciones,110,Programa de la Vivienda,sicpro_app_programa_viviendas.grupo_app_vivienda_visualizar,60,ROLE_NAME_EXACT;HAS_XMLID_19
97,127,Clientes: Rol Usuario,Clientes,Usuario,128,Responsable,40,Clientes,101,Solicitudes de Obras,sicpro_app_clientes.grupo_app_clientes_responsable,50,PRIVILEGE_EXACT;HAS_XMLID_19
97,127,Clientes: Rol Usuario,Clientes,Usuario,129,Administrador,40,Clientes,101,Solicitudes de Obras,sicpro_app_clientes.grupo_app_clientes_admin,50,PRIVILEGE_EXACT;HAS_XMLID_19
97,127,Clientes: Rol Usuario,Clientes,Usuario,46,Usuarios,15,CMI,108,Gestión de Producción,sicpro_app_cmi.grupo_app_cmi_usuario,35,ROLE_NAME_PARTIAL;HAS_XMLID_19
97,127,Clientes: Rol Usuario,Clientes,Usuario,50,Usuarios,16,Materiales e Insumos,102,Preparación Técnica,sicpro_app_materiales_insumos.grupo_app_materiales_insumos_usuario,35,ROLE_NAME_PARTIAL;HAS_XMLID_19
97,127,Clientes: Rol Usuario,Clientes,Usuario,54,Usuarios,17,Usuario del Proceso,97,Capital Humano,sicpro_app_trabajadores.grupo_app_trabajador_usuario_proceso,35,ROLE_NAME_PARTIAL;HAS_XMLID_19
97,127,Clientes: Rol Usuario,Clientes,Usuario,86,Usuarios,29,Metrología,106,Activos y Herramientas,sicpro_app_metrologia.grupo_app_metrologia_usuario,35,ROLE_NAME_PARTIAL;HAS_XMLID_19
97,127,Clientes: Rol Usuario,Clientes,Usuario,113,Usuarios,36,Transporte,98,Transportación,sicpro_app_transporte.grupo_app_transporte_usuario,35,ROLE_NAME_PARTIAL;HAS_XMLID_19
97,127,Clientes: Rol Usuario,Clientes,Usuario,117,Usuarios,37,Piquera,98,Transportación,sicpro_app_transporte.grupo_app_transporte_piquera_usuario,35,ROLE_NAME_PARTIAL;HAS_XMLID_19
97,127,Clientes: Rol Usuario,Clientes,Usuario,130,Usuarios,41,Instrucciones,97,Capital Humano,sicpro_app_instrucciones.grupo_app_instruciones_usuario,35,ROLE_NAME_PARTIAL;HAS_XMLID_19
97,127,Clientes: Rol Usuario,Clientes,Usuario,141,Usuarios,44,Solicitudes,101,Solicitudes de Obras,sicpro_app_solicitudes.grupo_app_solicitud_usuario,35,ROLE_NAME_PARTIAL;HAS_XMLID_19
97,127,Clientes: Rol Usuario,Clientes,Usuario,1,Role / User,,,,,base.group_user,25,PRIVILEGE_PARTIAL;HAS_XMLID_19
97,127,Clientes: Rol Usuario,Clientes,Usuario,2,Access Rights,,,,,base.group_erp_manager,25,PRIVILEGE_PARTIAL;HAS_XMLID_19
97,127,Clientes: Rol Usuario,Clientes,Usuario,3,Bypass HTML Field Sanitize,,,,,base.group_sanitize_override,25,PRIVILEGE_PARTIAL;HAS_XMLID_19
97,127,Clientes: Rol Usuario,Clientes,Usuario,4,Role / Administrator,,,,,base.group_system,25,PRIVILEGE_PARTIAL;HAS_XMLID_19
97,127,Clientes: Rol Usuario,Clientes,Usuario,5,Multi Companies,,,,,base.group_multi_company,25,PRIVILEGE_PARTIAL;HAS_XMLID_19
97,127,Clientes: Rol Usuario,Clientes,Usuario,6,Multi Currencies,,,,,base.group_multi_currency,25,PRIVILEGE_PARTIAL;HAS_XMLID_19
97,127,Clientes: Rol Usuario,Clientes,Usuario,7,Technical Features,,,,,base.group_no_one,25,PRIVILEGE_PARTIAL;HAS_XMLID_19
97,127,Clientes: Rol Usuario,Clientes,Usuario,10,Role / Portal,,,,,base.group_portal,25,PRIVILEGE_PARTIAL;HAS_XMLID_19
97,127,Clientes: Rol Usuario,Clientes,Usuario,11,Role / Public,,,,,base.group_public,25,PRIVILEGE_PARTIAL;HAS_XMLID_19
97,127,Clientes: Rol Usuario,Clientes,Usuario,12,Default access for new users,,,,,base.default_user_group,25,PRIVILEGE_PARTIAL;HAS_XMLID_19
97,127,Clientes: Rol Usuario,Clientes,Usuario,13,Technical Documentation,,,,,api_doc.group_allow_doc,25,PRIVILEGE_PARTIAL;HAS_XMLID_19
97,127,Clientes: Rol Usuario,Clientes,Usuario,15,Mail Template Editor,,,,,mail.group_mail_template_editor,25,PRIVILEGE_PARTIAL;HAS_XMLID_19
97,127,Clientes: Rol Usuario,Clientes,Usuario,16,Receive notifications in Odoo,,,,,mail.group_mail_notification_type_inbox,25,PRIVILEGE_PARTIAL;HAS_XMLID_19
97,127,Clientes: Rol Usuario,Clientes,Usuario,25,Menus y Accesos Obsoletos,,,,,sicpro_app_administracion.grupo_app_administracion_obsoletos,25,PRIVILEGE_PARTIAL;HAS_XMLID_19
97,127,Clientes: Rol Usuario,Clientes,Usuario,26,Manage Multiple Units of Measure,,,,,uom.group_uom,25,PRIVILEGE_PARTIAL;HAS_XMLID_19
97,127,Clientes: Rol Usuario,Clientes,Usuario,27,Analytic Accounting,,,,,analytic.group_analytic_accounting,25,PRIVILEGE_PARTIAL;HAS_XMLID_19
97,127,Clientes: Rol Usuario,Clientes,Usuario,32,Use Stages on Project,,,,,project.group_project_stages,25,PRIVILEGE_PARTIAL;HAS_XMLID_19
97,127,Clientes: Rol Usuario,Clientes,Usuario,33,Use Recurring Tasks,,,,,project.group_project_recurring_tasks,25,PRIVILEGE_PARTIAL;HAS_XMLID_19
97,127,Clientes: Rol Usuario,Clientes,Usuario,34,Use Task Dependencies,,,,,project.group_project_task_dependencies,25,PRIVILEGE_PARTIAL;HAS_XMLID_19
97,127,Clientes: Rol Usuario,Clientes,Usuario,35,Use Milestones,,,,,project.group_project_milestone,25,PRIVILEGE_PARTIAL;HAS_XMLID_19
97,127,Clientes: Rol Usuario,Clientes,Usuario,44,Consultas Postgres,,,,,sicpro_modulo_querydb.group_querydeluxe,25,PRIVILEGE_PARTIAL;HAS_XMLID_19
97,127,Clientes: Rol Usuario,Clientes,Usuario,47,Ejecutor,15,CMI,108,Gestión de Producción,sicpro_app_cmi.grupo_app_cmi_ejecutor,10,IMPLIED_COMMON:usuarios;HAS_XMLID_19
97,127,Clientes: Rol Usuario,Clientes,Usuario,51,Ejecutor,16,Materiales e Insumos,102,Preparación Técnica,sicpro_app_materiales_insumos.grupo_app_materiales_insumos_ejecutor,10,IMPLIED_COMMON:usuarios;HAS_XMLID_19
97,127,Clientes: Rol Usuario,Clientes,Usuario,55,Todos los Trabajadores,17,Usuario del Proceso,97,Capital Humano,sicpro_app_trabajadores.grupo_app_trabajador_usuario_todos,10,IMPLIED_COMMON:usuarios;HAS_XMLID_19
97,127,Clientes: Rol Usuario,Clientes,Usuario,87,Ejecutor,29,Metrología,106,Activos y Herramientas,sicpro_app_metrologia.grupo_app_metrologia_ejecutor,10,IMPLIED_COMMON:usuarios;HAS_XMLID_19
97,127,Clientes: Rol Usuario,Clientes,Usuario,114,Ejecutor,36,Transporte,98,Transportación,sicpro_app_transporte.grupo_app_transporte_ejecutor,10,IMPLIED_COMMON:usuarios;HAS_XMLID_19
97,127,Clientes: Rol Usuario,Clientes,Usuario,118,Ejecutor,37,Piquera,98,Transportación,sicpro_app_transporte.grupo_app_transporte_piquera_ejecutor,10,IMPLIED_COMMON:usuarios;HAS_XMLID_19
97,127,Clientes: Rol Usuario,Clientes,Usuario,131,Instructor,41,Instrucciones,97,Capital Humano,sicpro_app_instrucciones.grupo_app_instruciones_responsable,10,IMPLIED_COMMON:usuarios;HAS_XMLID_19
97,127,Clientes: Rol Usuario,Clientes,Usuario,142,Administrativos,44,Solicitudes,101,Solicitudes de Obras,sicpro_app_solicitudes.grupo_app_solicitud_usuario_vertodo,10,IMPLIED_COMMON:usuarios;HAS_XMLID_19
98,128,Clientes: Rol Ejecutor,Clientes,Ejecutor,127,Ejecutor,40,Clientes,101,Solicitudes de Obras,sicpro_app_clientes.grupo_app_clientes_ejecutor,110,ROLE_NAME_EXACT;PRIVILEGE_EXACT;HAS_XMLID_19
98,128,Clientes: Rol Ejecutor,Clientes,Ejecutor,37,Ejecutor,10,Gestor Documental,107,Servicios Corporativos,sicpro_app_gestor_documental.group_document_manager,60,ROLE_NAME_EXACT;HAS_XMLID_19
98,128,Clientes: Rol Ejecutor,Clientes,Ejecutor,47,Ejecutor,15,CMI,108,Gestión de Producción,sicpro_app_cmi.grupo_app_cmi_ejecutor,60,ROLE_NAME_EXACT;HAS_XMLID_19
98,128,Clientes: Rol Ejecutor,Clientes,Ejecutor,51,Ejecutor,16,Materiales e Insumos,102,Preparación Técnica,sicpro_app_materiales_insumos.grupo_app_materiales_insumos_ejecutor,60,ROLE_NAME_EXACT;HAS_XMLID_19
98,128,Clientes: Rol Ejecutor,Clientes,Ejecutor,69,Ejecutor,22,Seguridad y Salud,97,Capital Humano,sicpro_app_trabajadores.grupo_app_trabajador_seguridad_salud,60,ROLE_NAME_EXACT;HAS_XMLID_19
98,128,Clientes: Rol Ejecutor,Clientes,Ejecutor,72,Ejecutor,23,Ejecutor,109,Control de la información,sicpro_app_control_informacion.grupo_control_informacion_ejecutor,60,ROLE_NAME_EXACT;HAS_XMLID_19
98,128,Clientes: Rol Ejecutor,Clientes,Ejecutor,87,Ejecutor,29,Metrología,106,Activos y Herramientas,sicpro_app_metrologia.grupo_app_metrologia_ejecutor,60,ROLE_NAME_EXACT;HAS_XMLID_19
98,128,Clientes: Rol Ejecutor,Clientes,Ejecutor,109,Ejecutor,34,Soporte,113,Soporte Técnico,sicpro_app_soporte.group_soporte_ejecutor,60,ROLE_NAME_EXACT;HAS_XMLID_19
98,128,Clientes: Rol Ejecutor,Clientes,Ejecutor,114,Ejecutor,36,Transporte,98,Transportación,sicpro_app_transporte.grupo_app_transporte_ejecutor,60,ROLE_NAME_EXACT;HAS_XMLID_19
98,128,Clientes: Rol Ejecutor,Clientes,Ejecutor,118,Ejecutor,37,Piquera,98,Transportación,sicpro_app_transporte.grupo_app_transporte_piquera_ejecutor,60,ROLE_NAME_EXACT;HAS_XMLID_19
98,128,Clientes: Rol Ejecutor,Clientes,Ejecutor,120,Ejecutor,38,Víveres Logística,111,Alimentación,sicpro_app_viveres.grupo_app_viveres_resumen_ejecutor,60,ROLE_NAME_EXACT;HAS_XMLID_19
98,128,Clientes: Rol Ejecutor,Clientes,Ejecutor,124,Ejecutor,39,Víveres Áreas,111,Alimentación,sicpro_app_viveres.grupo_app_viveres_areas_ejecutor,60,ROLE_NAME_EXACT;HAS_XMLID_19
98,128,Clientes: Rol Ejecutor,Clientes,Ejecutor,128,Responsable,40,Clientes,101,Solicitudes de Obras,sicpro_app_clientes.grupo_app_clientes_responsable,60,PRIVILEGE_EXACT;IMPLIED_COMMON:ejecutor;HAS_XMLID_19
98,128,Clientes: Rol Ejecutor,Clientes,Ejecutor,145,Ejecutor,45,Inversionistas,101,Solicitudes de Obras,sicpro_app_solicitudes.grupo_app_iniciativas_ejecutor,60,ROLE_NAME_EXACT;HAS_XMLID_19
98,128,Clientes: Rol Ejecutor,Clientes,Ejecutor,147,Ejecutor,46,Negociación,101,Solicitudes de Obras,sicpro_app_solicitudes.grupo_app_negocio_ejecutor,60,ROLE_NAME_EXACT;HAS_XMLID_19
98,128,Clientes: Rol Ejecutor,Clientes,Ejecutor,148,Ejecutor,47,Revisión del Negocio,101,Solicitudes de Obras,sicpro_app_solicitudes.grupo_app_negocio_pg_ejecutor,60,ROLE_NAME_EXACT;HAS_XMLID_19
98,128,Clientes: Rol Ejecutor,Clientes,Ejecutor,149,Ejecutor,48,Distribuidores,101,Solicitudes de Obras,sicpro_app_solicitudes.grupo_app_ejecutor_ejecutor,60,ROLE_NAME_EXACT;HAS_XMLID_19
98,128,Clientes: Rol Ejecutor,Clientes,Ejecutor,126,Usuarios,40,Clientes,101,Solicitudes de Obras,sicpro_app_clientes.grupo_app_clientes_usuario,50,PRIVILEGE_EXACT;HAS_XMLID_19
98,128,Clientes: Rol Ejecutor,Clientes,Ejecutor,129,Administrador,40,Clientes,101,Solicitudes de Obras,sicpro_app_clientes.grupo_app_clientes_admin,50,PRIVILEGE_EXACT;HAS_XMLID_19
98,128,Clientes: Rol Ejecutor,Clientes,Ejecutor,101,Ejecutor de Servicios,32,Servicios Internos,107,Servicios Corporativos,sicpro_app_servicios_internos.grupo_app_internos_ejecutor_servicios,35,ROLE_NAME_PARTIAL;HAS_XMLID_19
98,128,Clientes: Rol Ejecutor,Clientes,Ejecutor,102,Ejecutor Corporativo,32,Servicios Internos,107,Servicios Corporativos,sicpro_app_servicios_internos.grupo_app_internos_ejecutor_interno,35,ROLE_NAME_PARTIAL;HAS_XMLID_19
98,128,Clientes: Rol Ejecutor,Clientes,Ejecutor,106,Ejecutor de Solicitud,33,Solicitudes de S.I.,107,Servicios Corporativos,sicpro_app_servicios_internos.grupo_app_internos_solicitudes_ejecutor,35,ROLE_NAME_PARTIAL;HAS_XMLID_19
98,128,Clientes: Rol Ejecutor,Clientes,Ejecutor,164,Gestión del Ejecutor,53,Transferencias,104,Gestión de Gastos,sicpro_app_transferencias_gastos.grupo_transferencias_ejecutores_procesos,35,ROLE_NAME_PARTIAL;HAS_XMLID_19
98,128,Clientes: Rol Ejecutor,Clientes,Ejecutor,1,Role / User,,,,,base.group_user,25,PRIVILEGE_PARTIAL;HAS_XMLID_19
98,128,Clientes: Rol Ejecutor,Clientes,Ejecutor,2,Access Rights,,,,,base.group_erp_manager,25,PRIVILEGE_PARTIAL;HAS_XMLID_19
98,128,Clientes: Rol Ejecutor,Clientes,Ejecutor,3,Bypass HTML Field Sanitize,,,,,base.group_sanitize_override,25,PRIVILEGE_PARTIAL;HAS_XMLID_19
98,128,Clientes: Rol Ejecutor,Clientes,Ejecutor,4,Role / Administrator,,,,,base.group_system,25,PRIVILEGE_PARTIAL;HAS_XMLID_19
98,128,Clientes: Rol Ejecutor,Clientes,Ejecutor,5,Multi Companies,,,,,base.group_multi_company,25,PRIVILEGE_PARTIAL;HAS_XMLID_19
98,128,Clientes: Rol Ejecutor,Clientes,Ejecutor,6,Multi Currencies,,,,,base.group_multi_currency,25,PRIVILEGE_PARTIAL;HAS_XMLID_19
98,128,Clientes: Rol Ejecutor,Clientes,Ejecutor,7,Technical Features,,,,,base.group_no_one,25,PRIVILEGE_PARTIAL;HAS_XMLID_19
98,128,Clientes: Rol Ejecutor,Clientes,Ejecutor,10,Role / Portal,,,,,base.group_portal,25,PRIVILEGE_PARTIAL;HAS_XMLID_19
98,128,Clientes: Rol Ejecutor,Clientes,Ejecutor,11,Role / Public,,,,,base.group_public,25,PRIVILEGE_PARTIAL;HAS_XMLID_19
98,128,Clientes: Rol Ejecutor,Clientes,Ejecutor,12,Default access for new users,,,,,base.default_user_group,25,PRIVILEGE_PARTIAL;HAS_XMLID_19
98,128,Clientes: Rol Ejecutor,Clientes,Ejecutor,13,Technical Documentation,,,,,api_doc.group_allow_doc,25,PRIVILEGE_PARTIAL;HAS_XMLID_19
98,128,Clientes: Rol Ejecutor,Clientes,Ejecutor,15,Mail Template Editor,,,,,mail.group_mail_template_editor,25,PRIVILEGE_PARTIAL;HAS_XMLID_19
98,128,Clientes: Rol Ejecutor,Clientes,Ejecutor,16,Receive notifications in Odoo,,,,,mail.group_mail_notification_type_inbox,25,PRIVILEGE_PARTIAL;HAS_XMLID_19
98,128,Clientes: Rol Ejecutor,Clientes,Ejecutor,25,Menus y Accesos Obsoletos,,,,,sicpro_app_administracion.grupo_app_administracion_obsoletos,25,PRIVILEGE_PARTIAL;HAS_XMLID_19
98,128,Clientes: Rol Ejecutor,Clientes,Ejecutor,26,Manage Multiple Units of Measure,,,,,uom.group_uom,25,PRIVILEGE_PARTIAL;HAS_XMLID_19
98,128,Clientes: Rol Ejecutor,Clientes,Ejecutor,27,Analytic Accounting,,,,,analytic.group_analytic_accounting,25,PRIVILEGE_PARTIAL;HAS_XMLID_19
98,128,Clientes: Rol Ejecutor,Clientes,Ejecutor,32,Use Stages on Project,,,,,project.group_project_stages,25,PRIVILEGE_PARTIAL;HAS_XMLID_19
98,128,Clientes: Rol Ejecutor,Clientes,Ejecutor,33,Use Recurring Tasks,,,,,project.group_project_recurring_tasks,25,PRIVILEGE_PARTIAL;HAS_XMLID_19
98,128,Clientes: Rol Ejecutor,Clientes,Ejecutor,34,Use Task Dependencies,,,,,project.group_project_task_dependencies,25,PRIVILEGE_PARTIAL;HAS_XMLID_19
98,128,Clientes: Rol Ejecutor,Clientes,Ejecutor,35,Use Milestones,,,,,project.group_project_milestone,25,PRIVILEGE_PARTIAL;HAS_XMLID_19
98,128,Clientes: Rol Ejecutor,Clientes,Ejecutor,44,Consultas Postgres,,,,,sicpro_modulo_querydb.group_querydeluxe,25,PRIVILEGE_PARTIAL;HAS_XMLID_19
98,128,Clientes: Rol Ejecutor,Clientes,Ejecutor,48,Responsable,15,CMI,108,Gestión de Producción,sicpro_app_cmi.grupo_app_cmi_responsable,10,IMPLIED_COMMON:ejecutor;HAS_XMLID_19
98,128,Clientes: Rol Ejecutor,Clientes,Ejecutor,52,Responsable,16,Materiales e Insumos,102,Preparación Técnica,sicpro_app_materiales_insumos.grupo_app_materiales_insumos_responsable,10,IMPLIED_COMMON:ejecutor;HAS_XMLID_19
98,128,Clientes: Rol Ejecutor,Clientes,Ejecutor,70,Responsable,22,Seguridad y Salud,97,Capital Humano,sicpro_app_trabajadores.grupo_app_trabajador_seguridad_salud_responsable,10,IMPLIED_COMMON:ejecutor;HAS_XMLID_19
98,128,Clientes: Rol Ejecutor,Clientes,Ejecutor,88,Responsable,29,Metrología,106,Activos y Herramientas,sicpro_app_metrologia.grupo_app_metrologia_responsable,10,IMPLIED_COMMON:ejecutor;HAS_XMLID_19
98,128,Clientes: Rol Ejecutor,Clientes,Ejecutor,110,Responsable,34,Soporte,113,Soporte Técnico,sicpro_app_soporte.group_soporte_responsable,10,IMPLIED_COMMON:ejecutor;HAS_XMLID_19
98,128,Clientes: Rol Ejecutor,Clientes,Ejecutor,115,Responsable,36,Transporte,98,Transportación,sicpro_app_transporte.grupo_app_transporte_responsable,10,IMPLIED_COMMON:ejecutor;HAS_XMLID_19
98,128,Clientes: Rol Ejecutor,Clientes,Ejecutor,121,Responsable,38,Víveres Logística,111,Alimentación,sicpro_app_viveres.grupo_app_viveres_resumen_responsable,10,IMPLIED_COMMON:ejecutor;HAS_XMLID_19
98,128,Clientes: Rol Ejecutor,Clientes,Ejecutor,125,Jefe,39,Víveres Áreas,111,Alimentación,sicpro_app_viveres.grupo_app_viveres_areas_responsable,10,IMPLIED_COMMON:ejecutor;HAS_XMLID_19
98,128,Clientes: Rol Ejecutor,Clientes,Ejecutor,146,Territorial,45,Inversionistas,101,Solicitudes de Obras,sicpro_app_solicitudes.grupo_app_iniciativas_territorios,10,IMPLIED_COMMON:ejecutor;HAS_XMLID_19
99,129,Clientes: Rol Responsable,Clientes,Responsable,128,Responsable,40,Clientes,101,Solicitudes de Obras,sicpro_app_clientes.grupo_app_clientes_responsable,110,ROLE_NAME_EXACT;PRIVILEGE_EXACT;HAS_XMLID_19
99,129,Clientes: Rol Responsable,Clientes,Responsable,39,Responsable,11,Salón de Clases,107,Servicios Corporativos,sicpro_app_salon_clases.grupo_app_salon_clases_responsable,60,ROLE_NAME_EXACT;HAS_XMLID_19
99,129,Clientes: Rol Responsable,Clientes,Responsable,48,Responsable,15,CMI,108,Gestión de Producción,sicpro_app_cmi.grupo_app_cmi_responsable,60,ROLE_NAME_EXACT;HAS_XMLID_19
99,129,Clientes: Rol Responsable,Clientes,Responsable,52,Responsable,16,Materiales e Insumos,102,Preparación Técnica,sicpro_app_materiales_insumos.grupo_app_materiales_insumos_responsable,60,ROLE_NAME_EXACT;HAS_XMLID_19
99,129,Clientes: Rol Responsable,Clientes,Responsable,57,Responsable,18,Trabajadores,97,Capital Humano,sicpro_app_trabajadores.grupo_app_trabajador_responsable,60,ROLE_NAME_EXACT;HAS_XMLID_19
99,129,Clientes: Rol Responsable,Clientes,Responsable,60,Responsable,19,Equipo Técnico,97,Capital Humano,sicpro_app_trabajadores.grupo_app_trabajador_equipos_responsable,60,ROLE_NAME_EXACT;HAS_XMLID_19
99,129,Clientes: Rol Responsable,Clientes,Responsable,65,Responsable,20,Disciplinarias,97,Capital Humano,sicpro_app_trabajadores.grupo_app_trabajador_disciplina_responsable,60,ROLE_NAME_EXACT;HAS_XMLID_19
99,129,Clientes: Rol Responsable,Clientes,Responsable,68,Responsable,21,Capacitación,97,Capital Humano,sicpro_app_trabajadores.grupo_app_trabajador_capacitacion_responsable,60,ROLE_NAME_EXACT;HAS_XMLID_19
99,129,Clientes: Rol Responsable,Clientes,Responsable,70,Responsable,22,Seguridad y Salud,97,Capital Humano,sicpro_app_trabajadores.grupo_app_trabajador_seguridad_salud_responsable,60,ROLE_NAME_EXACT;HAS_XMLID_19
99,129,Clientes: Rol Responsable,Clientes,Responsable,75,Responsable,25,Control,109,Control de la información,sicpro_app_control_informacion.grupo_control_informacion_responsable,60,ROLE_NAME_EXACT;HAS_XMLID_19
99,129,Clientes: Rol Responsable,Clientes,Responsable,78,Responsable,26,Credenciales,97,Capital Humano,sicpro_app_credenciales.grupo_app_credenciales_responsable,60,ROLE_NAME_EXACT;HAS_XMLID_19
99,129,Clientes: Rol Responsable,Clientes,Responsable,82,Responsable,27,Medios Informáticos,112,Informática,sicpro_app_medios_informaticos.grupo_app_medios_informaticos_responsable,60,ROLE_NAME_EXACT;HAS_XMLID_19
99,129,Clientes: Rol Responsable,Clientes,Responsable,88,Responsable,29,Metrología,106,Activos y Herramientas,sicpro_app_metrologia.grupo_app_metrologia_responsable,60,ROLE_NAME_EXACT;HAS_XMLID_19
99,129,Clientes: Rol Responsable,Clientes,Responsable,93,Responsable,30,Repositorio DVPE.,107,Servicios Corporativos,sicpro_app_repositorio_institucional.group_repositorio_institucional_responsable,60,ROLE_NAME_EXACT;HAS_XMLID_19
99,129,Clientes: Rol Responsable,Clientes,Responsable,98,Responsable,31,Reuniones,105,Gestión de Reuniones,sicpro_app_reuniones.group_reuniones_responsable,60,ROLE_NAME_EXACT;HAS_XMLID_19
99,129,Clientes: Rol Responsable,Clientes,Responsable,103,Responsable,32,Servicios Internos,107,Servicios Corporativos,sicpro_app_servicios_internos.grupo_app_internos_responsable,60,ROLE_NAME_EXACT;HAS_XMLID_19
99,129,Clientes: Rol Responsable,Clientes,Responsable,110,Responsable,34,Soporte,113,Soporte Técnico,sicpro_app_soporte.group_soporte_responsable,60,ROLE_NAME_EXACT;HAS_XMLID_19
99,129,Clientes: Rol Responsable,Clientes,Responsable,115,Responsable,36,Transporte,98,Transportación,sicpro_app_transporte.grupo_app_transporte_responsable,60,ROLE_NAME_EXACT;HAS_XMLID_19
99,129,Clientes: Rol Responsable,Clientes,Responsable,121,Responsable,38,Víveres Logística,111,Alimentación,sicpro_app_viveres.grupo_app_viveres_resumen_responsable,60,ROLE_NAME_EXACT;HAS_XMLID_19
99,129,Clientes: Rol Responsable,Clientes,Responsable,129,Administrador,40,Clientes,101,Solicitudes de Obras,sicpro_app_clientes.grupo_app_clientes_admin,60,PRIVILEGE_EXACT;IMPLIED_COMMON:responsable;HAS_XMLID_19
99,129,Clientes: Rol Responsable,Clientes,Responsable,139,Responsable,43,Operaciones,110,Programa de la Vivienda,sicpro_app_programa_viviendas.grupo_app_vivienda_responsable,60,ROLE_NAME_EXACT;HAS_XMLID_19
99,129,Clientes: Rol Responsable,Clientes,Responsable,143,Responsable,44,Solicitudes,101,Solicitudes de Obras,sicpro_app_solicitudes.grupo_app_solicitud_responsable,60,ROLE_NAME_EXACT;HAS_XMLID_19
99,129,Clientes: Rol Responsable,Clientes,Responsable,151,Responsable,49,Especialista Ejecutor,101,Solicitudes de Obras,sicpro_app_solicitudes.grupo_app_grupos_ejecutor,60,ROLE_NAME_EXACT;HAS_XMLID_19
99,129,Clientes: Rol Responsable,Clientes,Responsable,154,Responsable,50,Usuarios Internos,103,Órdenes de Trabajo,sicpro_app_ordenes_trabajo.grupo_ordenes_responsable,60,ROLE_NAME_EXACT;HAS_XMLID_19
99,129,Clientes: Rol Responsable,Clientes,Responsable,167,Responsable,53,Transferencias,104,Gestión de Gastos,sicpro_app_transferencias_gastos.grupo_transferencias_responsable,60,ROLE_NAME_EXACT;HAS_XMLID_19
99,129,Clientes: Rol Responsable,Clientes,Responsable,126,Usuarios,40,Clientes,101,Solicitudes de Obras,sicpro_app_clientes.grupo_app_clientes_usuario,50,PRIVILEGE_EXACT;HAS_XMLID_19
99,129,Clientes: Rol Responsable,Clientes,Responsable,127,Ejecutor,40,Clientes,101,Solicitudes de Obras,sicpro_app_clientes.grupo_app_clientes_ejecutor,50,PRIVILEGE_EXACT;HAS_XMLID_19
99,129,Clientes: Rol Responsable,Clientes,Responsable,1,Role / User,,,,,base.group_user,25,PRIVILEGE_PARTIAL;HAS_XMLID_19
99,129,Clientes: Rol Responsable,Clientes,Responsable,2,Access Rights,,,,,base.group_erp_manager,25,PRIVILEGE_PARTIAL;HAS_XMLID_19
99,129,Clientes: Rol Responsable,Clientes,Responsable,3,Bypass HTML Field Sanitize,,,,,base.group_sanitize_override,25,PRIVILEGE_PARTIAL;HAS_XMLID_19
99,129,Clientes: Rol Responsable,Clientes,Responsable,4,Role / Administrator,,,,,base.group_system,25,PRIVILEGE_PARTIAL;HAS_XMLID_19
99,129,Clientes: Rol Responsable,Clientes,Responsable,5,Multi Companies,,,,,base.group_multi_company,25,PRIVILEGE_PARTIAL;HAS_XMLID_19
99,129,Clientes: Rol Responsable,Clientes,Responsable,6,Multi Currencies,,,,,base.group_multi_currency,25,PRIVILEGE_PARTIAL;HAS_XMLID_19
99,129,Clientes: Rol Responsable,Clientes,Responsable,7,Technical Features,,,,,base.group_no_one,25,PRIVILEGE_PARTIAL;HAS_XMLID_19
99,129,Clientes: Rol Responsable,Clientes,Responsable,10,Role / Portal,,,,,base.group_portal,25,PRIVILEGE_PARTIAL;HAS_XMLID_19
99,129,Clientes: Rol Responsable,Clientes,Responsable,11,Role / Public,,,,,base.group_public,25,PRIVILEGE_PARTIAL;HAS_XMLID_19
99,129,Clientes: Rol Responsable,Clientes,Responsable,12,Default access for new users,,,,,base.default_user_group,25,PRIVILEGE_PARTIAL;HAS_XMLID_19
99,129,Clientes: Rol Responsable,Clientes,Responsable,13,Technical Documentation,,,,,api_doc.group_allow_doc,25,PRIVILEGE_PARTIAL;HAS_XMLID_19
99,129,Clientes: Rol Responsable,Clientes,Responsable,15,Mail Template Editor,,,,,mail.group_mail_template_editor,25,PRIVILEGE_PARTIAL;HAS_XMLID_19
99,129,Clientes: Rol Responsable,Clientes,Responsable,16,Receive notifications in Odoo,,,,,mail.group_mail_notification_type_inbox,25,PRIVILEGE_PARTIAL;HAS_XMLID_19
99,129,Clientes: Rol Responsable,Clientes,Responsable,25,Menus y Accesos Obsoletos,,,,,sicpro_app_administracion.grupo_app_administracion_obsoletos,25,PRIVILEGE_PARTIAL;HAS_XMLID_19
99,129,Clientes: Rol Responsable,Clientes,Responsable,26,Manage Multiple Units of Measure,,,,,uom.group_uom,25,PRIVILEGE_PARTIAL;HAS_XMLID_19
99,129,Clientes: Rol Responsable,Clientes,Responsable,27,Analytic Accounting,,,,,analytic.group_analytic_accounting,25,PRIVILEGE_PARTIAL;HAS_XMLID_19
99,129,Clientes: Rol Responsable,Clientes,Responsable,32,Use Stages on Project,,,,,project.group_project_stages,25,PRIVILEGE_PARTIAL;HAS_XMLID_19
99,129,Clientes: Rol Responsable,Clientes,Responsable,33,Use Recurring Tasks,,,,,project.group_project_recurring_tasks,25,PRIVILEGE_PARTIAL;HAS_XMLID_19
99,129,Clientes: Rol Responsable,Clientes,Responsable,34,Use Task Dependencies,,,,,project.group_project_task_dependencies,25,PRIVILEGE_PARTIAL;HAS_XMLID_19
99,129,Clientes: Rol Responsable,Clientes,Responsable,35,Use Milestones,,,,,project.group_project_milestone,25,PRIVILEGE_PARTIAL;HAS_XMLID_19
99,129,Clientes: Rol Responsable,Clientes,Responsable,44,Consultas Postgres,,,,,sicpro_modulo_querydb.group_querydeluxe,25,PRIVILEGE_PARTIAL;HAS_XMLID_19
99,129,Clientes: Rol Responsable,Clientes,Responsable,40,Administrador,11,Salón de Clases,107,Servicios Corporativos,sicpro_app_salon_clases.grupo_app_salon_clases_admin,10,IMPLIED_COMMON:responsable;HAS_XMLID_19
99,129,Clientes: Rol Responsable,Clientes,Responsable,49,Administrador,15,CMI,108,Gestión de Producción,sicpro_app_cmi.grupo_app_cmi_admin,10,IMPLIED_COMMON:responsable;HAS_XMLID_19
99,129,Clientes: Rol Responsable,Clientes,Responsable,53,Administrador,16,Materiales e Insumos,102,Preparación Técnica,sicpro_app_materiales_insumos.grupo_app_materiales_insumos_admin,10,IMPLIED_COMMON:responsable;HAS_XMLID_19
99,129,Clientes: Rol Responsable,Clientes,Responsable,58,Administrador,18,Trabajadores,97,Capital Humano,sicpro_app_trabajadores.grupo_app_trabajador_admin,10,IMPLIED_COMMON:responsable;HAS_XMLID_19
99,129,Clientes: Rol Responsable,Clientes,Responsable,61,Administrador,19,Equipo Técnico,97,Capital Humano,sicpro_app_trabajadores.grupo_app_trabajador_equipos_admin,10,IMPLIED_COMMON:responsable;HAS_XMLID_19
99,129,Clientes: Rol Responsable,Clientes,Responsable,66,Administrador,20,Disciplinarias,97,Capital Humano,sicpro_app_trabajadores.grupo_app_trabajador_disciplina_admin,10,IMPLIED_COMMON:responsable;HAS_XMLID_19
99,129,Clientes: Rol Responsable,Clientes,Responsable,76,Administrador,25,Control,109,Control de la información,sicpro_app_control_informacion.grupo_control_informacion_admin,10,IMPLIED_COMMON:responsable;HAS_XMLID_19
99,129,Clientes: Rol Responsable,Clientes,Responsable,79,Administrador,26,Credenciales,97,Capital Humano,sicpro_app_credenciales.grupo_app_credenciales_admin,10,IMPLIED_COMMON:responsable;HAS_XMLID_19
99,129,Clientes: Rol Responsable,Clientes,Responsable,83,Administrador,27,Medios Informáticos,112,Informática,sicpro_app_medios_informaticos.grupo_app_medios_informaticos_admin,10,IMPLIED_COMMON:responsable;HAS_XMLID_19
99,129,Clientes: Rol Responsable,Clientes,Responsable,89,Administrador,29,Metrología,106,Activos y Herramientas,sicpro_app_metrologia.grupo_app_metrologia_admin,10,IMPLIED_COMMON:responsable;HAS_XMLID_19
99,129,Clientes: Rol Responsable,Clientes,Responsable,94,Administrador,30,Repositorio DVPE.,107,Servicios Corporativos,sicpro_app_repositorio_institucional.group_repositorio_institucional_admin,10,IMPLIED_COMMON:responsable;HAS_XMLID_19
99,129,Clientes: Rol Responsable,Clientes,Responsable,99,Administrator,31,Reuniones,105,Gestión de Reuniones,sicpro_app_reuniones.group_reuniones_admin,10,IMPLIED_COMMON:responsable;HAS_XMLID_19
99,129,Clientes: Rol Responsable,Clientes,Responsable,104,Administrador,32,Servicios Internos,107,Servicios Corporativos,sicpro_app_servicios_internos.grupo_app_internos_admin,10,IMPLIED_COMMON:responsable;HAS_XMLID_19
99,129,Clientes: Rol Responsable,Clientes,Responsable,111,Administrador,34,Soporte,113,Soporte Técnico,sicpro_app_soporte.group_soporte_admin,10,IMPLIED_COMMON:responsable;HAS_XMLID_19
99,129,Clientes: Rol Responsable,Clientes,Responsable,116,Administrador,36,Transporte,98,Transportación,sicpro_app_transporte.grupo_app_transporte_admin,10,IMPLIED_COMMON:responsable;HAS_XMLID_19
99,129,Clientes: Rol Responsable,Clientes,Responsable,122,Administrador,38,Víveres Logística,111,Alimentación,sicpro_app_viveres.grupo_app_viveres_admin,10,IMPLIED_COMMON:responsable;HAS_XMLID_19
99,129,Clientes: Rol Responsable,Clientes,Responsable,140,Administrador,43,Operaciones,110,Programa de la Vivienda,sicpro_app_programa_viviendas.grupo_app_vivienda_admin,10,IMPLIED_COMMON:responsable;HAS_XMLID_19
99,129,Clientes: Rol Responsable,Clientes,Responsable,144,Administrador,44,Solicitudes,101,Solicitudes de Obras,sicpro_app_solicitudes.grupo_app_solicitud_admin,10,IMPLIED_COMMON:responsable;HAS_XMLID_19
99,129,Clientes: Rol Responsable,Clientes,Responsable,155,Administrador,50,Usuarios Internos,103,Órdenes de Trabajo,sicpro_app_ordenes_trabajo.grupo_ordenes_admin,10,IMPLIED_COMMON:responsable;HAS_XMLID_19
99,129,Clientes: Rol Responsable,Clientes,Responsable,168,Administrador,53,Transferencias,104,Gestión de Gastos,sicpro_app_transferencias_gastos.grupo_transferencias_admin,10,IMPLIED_COMMON:responsable;HAS_XMLID_19
100,130,Clientes: Rol Administrador,Clientes,Administrador,129,Administrador,40,Clientes,101,Solicitudes de Obras,sicpro_app_clientes.grupo_app_clientes_admin,110,ROLE_NAME_EXACT;PRIVILEGE_EXACT;HAS_XMLID_19
100,130,Clientes: Rol Administrador,Clientes,Administrador,17,Administrador,4,Administrar SICPRO,94,Administración SICPRO ERP,sicpro_app_administracion.grupo_app_administracion_admin,60,ROLE_NAME_EXACT;HAS_XMLID_19
100,130,Clientes: Rol Administrador,Clientes,Administrador,40,Administrador,11,Salón de Clases,107,Servicios Corporativos,sicpro_app_salon_clases.grupo_app_salon_clases_admin,60,ROLE_NAME_EXACT;HAS_XMLID_19
100,130,Clientes: Rol Administrador,Clientes,Administrador,42,Administrador,12,Registros de auditoría,115,Registro de auditoría,sicpro_modulo_auditorias.group_auditlog_manager,60,ROLE_NAME_EXACT;HAS_XMLID_19
100,130,Clientes: Rol Administrador,Clientes,Administrador,43,Administrador,13,Nomencladores,94,Administración SICPRO ERP,sicpro_modulo_nomencladores.grupo_sicpro_nomencladores_admin,60,ROLE_NAME_EXACT;HAS_XMLID_19
100,130,Clientes: Rol Administrador,Clientes,Administrador,49,Administrador,15,CMI,108,Gestión de Producción,sicpro_app_cmi.grupo_app_cmi_admin,60,ROLE_NAME_EXACT;HAS_XMLID_19
100,130,Clientes: Rol Administrador,Clientes,Administrador,53,Administrador,16,Materiales e Insumos,102,Preparación Técnica,sicpro_app_materiales_insumos.grupo_app_materiales_insumos_admin,60,ROLE_NAME_EXACT;HAS_XMLID_19
100,130,Clientes: Rol Administrador,Clientes,Administrador,58,Administrador,18,Trabajadores,97,Capital Humano,sicpro_app_trabajadores.grupo_app_trabajador_admin,60,ROLE_NAME_EXACT;HAS_XMLID_19
100,130,Clientes: Rol Administrador,Clientes,Administrador,61,Administrador,19,Equipo Técnico,97,Capital Humano,sicpro_app_trabajadores.grupo_app_trabajador_equipos_admin,60,ROLE_NAME_EXACT;HAS_XMLID_19
100,130,Clientes: Rol Administrador,Clientes,Administrador,66,Administrador,20,Disciplinarias,97,Capital Humano,sicpro_app_trabajadores.grupo_app_trabajador_disciplina_admin,60,ROLE_NAME_EXACT;HAS_XMLID_19
100,130,Clientes: Rol Administrador,Clientes,Administrador,76,Administrador,25,Control,109,Control de la información,sicpro_app_control_informacion.grupo_control_informacion_admin,60,ROLE_NAME_EXACT;HAS_XMLID_19
100,130,Clientes: Rol Administrador,Clientes,Administrador,79,Administrador,26,Credenciales,97,Capital Humano,sicpro_app_credenciales.grupo_app_credenciales_admin,60,ROLE_NAME_EXACT;HAS_XMLID_19
100,130,Clientes: Rol Administrador,Clientes,Administrador,83,Administrador,27,Medios Informáticos,112,Informática,sicpro_app_medios_informaticos.grupo_app_medios_informaticos_admin,60,ROLE_NAME_EXACT;HAS_XMLID_19
100,130,Clientes: Rol Administrador,Clientes,Administrador,89,Administrador,29,Metrología,106,Activos y Herramientas,sicpro_app_metrologia.grupo_app_metrologia_admin,60,ROLE_NAME_EXACT;HAS_XMLID_19
100,130,Clientes: Rol Administrador,Clientes,Administrador,94,Administrador,30,Repositorio DVPE.,107,Servicios Corporativos,sicpro_app_repositorio_institucional.group_repositorio_institucional_admin,60,ROLE_NAME_EXACT;HAS_XMLID_19
100,130,Clientes: Rol Administrador,Clientes,Administrador,104,Administrador,32,Servicios Internos,107,Servicios Corporativos,sicpro_app_servicios_internos.grupo_app_internos_admin,60,ROLE_NAME_EXACT;HAS_XMLID_19
100,130,Clientes: Rol Administrador,Clientes,Administrador,111,Administrador,34,Soporte,113,Soporte Técnico,sicpro_app_soporte.group_soporte_admin,60,ROLE_NAME_EXACT;HAS_XMLID_19
100,130,Clientes: Rol Administrador,Clientes,Administrador,116,Administrador,36,Transporte,98,Transportación,sicpro_app_transporte.grupo_app_transporte_admin,60,ROLE_NAME_EXACT;HAS_XMLID_19
100,130,Clientes: Rol Administrador,Clientes,Administrador,122,Administrador,38,Víveres Logística,111,Alimentación,sicpro_app_viveres.grupo_app_viveres_admin,60,ROLE_NAME_EXACT;HAS_XMLID_19
100,130,Clientes: Rol Administrador,Clientes,Administrador,132,Administrador,41,Instrucciones,97,Capital Humano,sicpro_app_instrucciones.grupo_app_instruciones_admin,60,ROLE_NAME_EXACT;HAS_XMLID_19
100,130,Clientes: Rol Administrador,Clientes,Administrador,140,Administrador,43,Operaciones,110,Programa de la Vivienda,sicpro_app_programa_viviendas.grupo_app_vivienda_admin,60,ROLE_NAME_EXACT;HAS_XMLID_19
100,130,Clientes: Rol Administrador,Clientes,Administrador,144,Administrador,44,Solicitudes,101,Solicitudes de Obras,sicpro_app_solicitudes.grupo_app_solicitud_admin,60,ROLE_NAME_EXACT;HAS_XMLID_19
100,130,Clientes: Rol Administrador,Clientes,Administrador,155,Administrador,50,Usuarios Internos,103,Órdenes de Trabajo,sicpro_app_ordenes_trabajo.grupo_ordenes_admin,60,ROLE_NAME_EXACT;HAS_XMLID_19
100,130,Clientes: Rol Administrador,Clientes,Administrador,168,Administrador,53,Transferencias,104,Gestión de Gastos,sicpro_app_transferencias_gastos.grupo_transferencias_admin,60,ROLE_NAME_EXACT;HAS_XMLID_19
100,130,Clientes: Rol Administrador,Clientes,Administrador,126,Usuarios,40,Clientes,101,Solicitudes de Obras,sicpro_app_clientes.grupo_app_clientes_usuario,50,PRIVILEGE_EXACT;HAS_XMLID_19
100,130,Clientes: Rol Administrador,Clientes,Administrador,127,Ejecutor,40,Clientes,101,Solicitudes de Obras,sicpro_app_clientes.grupo_app_clientes_ejecutor,50,PRIVILEGE_EXACT;HAS_XMLID_19
100,130,Clientes: Rol Administrador,Clientes,Administrador,128,Responsable,40,Clientes,101,Solicitudes de Obras,sicpro_app_clientes.grupo_app_clientes_responsable,50,PRIVILEGE_EXACT;HAS_XMLID_19
100,130,Clientes: Rol Administrador,Clientes,Administrador,4,Role / Administrator,,,,,base.group_system,35,PRIVILEGE_PARTIAL;IMPLIED_COMMON:administrador;HAS_XMLID_19
100,130,Clientes: Rol Administrador,Clientes,Administrador,1,Role / User,,,,,base.group_user,25,PRIVILEGE_PARTIAL;HAS_XMLID_19
100,130,Clientes: Rol Administrador,Clientes,Administrador,2,Access Rights,,,,,base.group_erp_manager,25,PRIVILEGE_PARTIAL;HAS_XMLID_19
100,130,Clientes: Rol Administrador,Clientes,Administrador,3,Bypass HTML Field Sanitize,,,,,base.group_sanitize_override,25,PRIVILEGE_PARTIAL;HAS_XMLID_19
100,130,Clientes: Rol Administrador,Clientes,Administrador,5,Multi Companies,,,,,base.group_multi_company,25,PRIVILEGE_PARTIAL;HAS_XMLID_19
100,130,Clientes: Rol Administrador,Clientes,Administrador,6,Multi Currencies,,,,,base.group_multi_currency,25,PRIVILEGE_PARTIAL;HAS_XMLID_19
100,130,Clientes: Rol Administrador,Clientes,Administrador,7,Technical Features,,,,,base.group_no_one,25,PRIVILEGE_PARTIAL;HAS_XMLID_19
100,130,Clientes: Rol Administrador,Clientes,Administrador,10,Role / Portal,,,,,base.group_portal,25,PRIVILEGE_PARTIAL;HAS_XMLID_19
100,130,Clientes: Rol Administrador,Clientes,Administrador,11,Role / Public,,,,,base.group_public,25,PRIVILEGE_PARTIAL;HAS_XMLID_19
100,130,Clientes: Rol Administrador,Clientes,Administrador,12,Default access for new users,,,,,base.default_user_group,25,PRIVILEGE_PARTIAL;HAS_XMLID_19
100,130,Clientes: Rol Administrador,Clientes,Administrador,13,Technical Documentation,,,,,api_doc.group_allow_doc,25,PRIVILEGE_PARTIAL;HAS_XMLID_19
100,130,Clientes: Rol Administrador,Clientes,Administrador,15,Mail Template Editor,,,,,mail.group_mail_template_editor,25,PRIVILEGE_PARTIAL;HAS_XMLID_19
100,130,Clientes: Rol Administrador,Clientes,Administrador,16,Receive notifications in Odoo,,,,,mail.group_mail_notification_type_inbox,25,PRIVILEGE_PARTIAL;HAS_XMLID_19
100,130,Clientes: Rol Administrador,Clientes,Administrador,25,Menus y Accesos Obsoletos,,,,,sicpro_app_administracion.grupo_app_administracion_obsoletos,25,PRIVILEGE_PARTIAL;HAS_XMLID_19
100,130,Clientes: Rol Administrador,Clientes,Administrador,26,Manage Multiple Units of Measure,,,,,uom.group_uom,25,PRIVILEGE_PARTIAL;HAS_XMLID_19
100,130,Clientes: Rol Administrador,Clientes,Administrador,27,Analytic Accounting,,,,,analytic.group_analytic_accounting,25,PRIVILEGE_PARTIAL;HAS_XMLID_19
100,130,Clientes: Rol Administrador,Clientes,Administrador,32,Use Stages on Project,,,,,project.group_project_stages,25,PRIVILEGE_PARTIAL;HAS_XMLID_19
100,130,Clientes: Rol Administrador,Clientes,Administrador,33,Use Recurring Tasks,,,,,project.group_project_recurring_tasks,25,PRIVILEGE_PARTIAL;HAS_XMLID_19
100,130,Clientes: Rol Administrador,Clientes,Administrador,34,Use Task Dependencies,,,,,project.group_project_task_dependencies,25,PRIVILEGE_PARTIAL;HAS_XMLID_19
100,130,Clientes: Rol Administrador,Clientes,Administrador,35,Use Milestones,,,,,project.group_project_milestone,25,PRIVILEGE_PARTIAL;HAS_XMLID_19
100,130,Clientes: Rol Administrador,Clientes,Administrador,44,Consultas Postgres,,,,,sicpro_modulo_querydb.group_querydeluxe,25,PRIVILEGE_PARTIAL;HAS_XMLID_19
101,131,Transporte: Rol Usuario,Transporte,Usuario,113,Usuarios,36,Transporte,98,Transportación,sicpro_app_transporte.grupo_app_transporte_usuario,85,ROLE_NAME_PARTIAL;PRIVILEGE_EXACT;HAS_XMLID_19
101,131,Transporte: Rol Usuario,Transporte,Usuario,36,Usuario,10,Gestor Documental,107,Servicios Corporativos,sicpro_app_gestor_documental.group_document_user,60,ROLE_NAME_EXACT;HAS_XMLID_19
101,131,Transporte: Rol Usuario,Transporte,Usuario,38,Usuario,11,Salón de Clases,107,Servicios Corporativos,sicpro_app_salon_clases.grupo_app_salon_clases_usuario,60,ROLE_NAME_EXACT;HAS_XMLID_19
101,131,Transporte: Rol Usuario,Transporte,Usuario,41,Usuario,12,Registros de auditoría,115,Registro de auditoría,sicpro_modulo_auditorias.group_auditlog_user,60,ROLE_NAME_EXACT;HAS_XMLID_19
101,131,Transporte: Rol Usuario,Transporte,Usuario,90,Usuario,30,Repositorio DVPE.,107,Servicios Corporativos,sicpro_app_repositorio_institucional.group_repositorio_institucional_user,60,ROLE_NAME_EXACT;HAS_XMLID_19
101,131,Transporte: Rol Usuario,Transporte,Usuario,95,Usuario,31,Reuniones,105,Gestión de Reuniones,sicpro_app_reuniones.group_reuniones_usuario,60,ROLE_NAME_EXACT;HAS_XMLID_19
101,131,Transporte: Rol Usuario,Transporte,Usuario,100,Usuario,32,Servicios Internos,107,Servicios Corporativos,sicpro_app_servicios_internos.grupo_app_internos_usuario,60,ROLE_NAME_EXACT;HAS_XMLID_19
101,131,Transporte: Rol Usuario,Transporte,Usuario,105,Usuario,33,Solicitudes de S.I.,107,Servicios Corporativos,sicpro_app_servicios_internos.grupo_app_internos_solicitudes_usuario,60,ROLE_NAME_EXACT;HAS_XMLID_19
101,131,Transporte: Rol Usuario,Transporte,Usuario,114,Ejecutor,36,Transporte,98,Transportación,sicpro_app_transporte.grupo_app_transporte_ejecutor,60,PRIVILEGE_EXACT;IMPLIED_COMMON:usuarios;HAS_XMLID_19
101,131,Transporte: Rol Usuario,Transporte,Usuario,134,Usuario,43,Operaciones,110,Programa de la Vivienda,sicpro_app_programa_viviendas.grupo_app_vivienda_visualizar,60,ROLE_NAME_EXACT;HAS_XMLID_19
101,131,Transporte: Rol Usuario,Transporte,Usuario,115,Responsable,36,Transporte,98,Transportación,sicpro_app_transporte.grupo_app_transporte_responsable,50,PRIVILEGE_EXACT;HAS_XMLID_19
101,131,Transporte: Rol Usuario,Transporte,Usuario,116,Administrador,36,Transporte,98,Transportación,sicpro_app_transporte.grupo_app_transporte_admin,50,PRIVILEGE_EXACT;HAS_XMLID_19
101,131,Transporte: Rol Usuario,Transporte,Usuario,46,Usuarios,15,CMI,108,Gestión de Producción,sicpro_app_cmi.grupo_app_cmi_usuario,35,ROLE_NAME_PARTIAL;HAS_XMLID_19
101,131,Transporte: Rol Usuario,Transporte,Usuario,50,Usuarios,16,Materiales e Insumos,102,Preparación Técnica,sicpro_app_materiales_insumos.grupo_app_materiales_insumos_usuario,35,ROLE_NAME_PARTIAL;HAS_XMLID_19
101,131,Transporte: Rol Usuario,Transporte,Usuario,54,Usuarios,17,Usuario del Proceso,97,Capital Humano,sicpro_app_trabajadores.grupo_app_trabajador_usuario_proceso,35,ROLE_NAME_PARTIAL;HAS_XMLID_19
101,131,Transporte: Rol Usuario,Transporte,Usuario,86,Usuarios,29,Metrología,106,Activos y Herramientas,sicpro_app_metrologia.grupo_app_metrologia_usuario,35,ROLE_NAME_PARTIAL;HAS_XMLID_19
101,131,Transporte: Rol Usuario,Transporte,Usuario,117,Usuarios,37,Piquera,98,Transportación,sicpro_app_transporte.grupo_app_transporte_piquera_usuario,35,ROLE_NAME_PARTIAL;HAS_XMLID_19
101,131,Transporte: Rol Usuario,Transporte,Usuario,126,Usuarios,40,Clientes,101,Solicitudes de Obras,sicpro_app_clientes.grupo_app_clientes_usuario,35,ROLE_NAME_PARTIAL;HAS_XMLID_19
101,131,Transporte: Rol Usuario,Transporte,Usuario,130,Usuarios,41,Instrucciones,97,Capital Humano,sicpro_app_instrucciones.grupo_app_instruciones_usuario,35,ROLE_NAME_PARTIAL;HAS_XMLID_19
101,131,Transporte: Rol Usuario,Transporte,Usuario,141,Usuarios,44,Solicitudes,101,Solicitudes de Obras,sicpro_app_solicitudes.grupo_app_solicitud_usuario,35,ROLE_NAME_PARTIAL;HAS_XMLID_19
101,131,Transporte: Rol Usuario,Transporte,Usuario,1,Role / User,,,,,base.group_user,25,PRIVILEGE_PARTIAL;HAS_XMLID_19
101,131,Transporte: Rol Usuario,Transporte,Usuario,2,Access Rights,,,,,base.group_erp_manager,25,PRIVILEGE_PARTIAL;HAS_XMLID_19
101,131,Transporte: Rol Usuario,Transporte,Usuario,3,Bypass HTML Field Sanitize,,,,,base.group_sanitize_override,25,PRIVILEGE_PARTIAL;HAS_XMLID_19
101,131,Transporte: Rol Usuario,Transporte,Usuario,4,Role / Administrator,,,,,base.group_system,25,PRIVILEGE_PARTIAL;HAS_XMLID_19
101,131,Transporte: Rol Usuario,Transporte,Usuario,5,Multi Companies,,,,,base.group_multi_company,25,PRIVILEGE_PARTIAL;HAS_XMLID_19
101,131,Transporte: Rol Usuario,Transporte,Usuario,6,Multi Currencies,,,,,base.group_multi_currency,25,PRIVILEGE_PARTIAL;HAS_XMLID_19
101,131,Transporte: Rol Usuario,Transporte,Usuario,7,Technical Features,,,,,base.group_no_one,25,PRIVILEGE_PARTIAL;HAS_XMLID_19
101,131,Transporte: Rol Usuario,Transporte,Usuario,10,Role / Portal,,,,,base.group_portal,25,PRIVILEGE_PARTIAL;HAS_XMLID_19
101,131,Transporte: Rol Usuario,Transporte,Usuario,11,Role / Public,,,,,base.group_public,25,PRIVILEGE_PARTIAL;HAS_XMLID_19
101,131,Transporte: Rol Usuario,Transporte,Usuario,12,Default access for new users,,,,,base.default_user_group,25,PRIVILEGE_PARTIAL;HAS_XMLID_19
101,131,Transporte: Rol Usuario,Transporte,Usuario,13,Technical Documentation,,,,,api_doc.group_allow_doc,25,PRIVILEGE_PARTIAL;HAS_XMLID_19
101,131,Transporte: Rol Usuario,Transporte,Usuario,15,Mail Template Editor,,,,,mail.group_mail_template_editor,25,PRIVILEGE_PARTIAL;HAS_XMLID_19
101,131,Transporte: Rol Usuario,Transporte,Usuario,16,Receive notifications in Odoo,,,,,mail.group_mail_notification_type_inbox,25,PRIVILEGE_PARTIAL;HAS_XMLID_19
101,131,Transporte: Rol Usuario,Transporte,Usuario,25,Menus y Accesos Obsoletos,,,,,sicpro_app_administracion.grupo_app_administracion_obsoletos,25,PRIVILEGE_PARTIAL;HAS_XMLID_19
101,131,Transporte: Rol Usuario,Transporte,Usuario,26,Manage Multiple Units of Measure,,,,,uom.group_uom,25,PRIVILEGE_PARTIAL;HAS_XMLID_19
101,131,Transporte: Rol Usuario,Transporte,Usuario,27,Analytic Accounting,,,,,analytic.group_analytic_accounting,25,PRIVILEGE_PARTIAL;HAS_XMLID_19
101,131,Transporte: Rol Usuario,Transporte,Usuario,32,Use Stages on Project,,,,,project.group_project_stages,25,PRIVILEGE_PARTIAL;HAS_XMLID_19
101,131,Transporte: Rol Usuario,Transporte,Usuario,33,Use Recurring Tasks,,,,,project.group_project_recurring_tasks,25,PRIVILEGE_PARTIAL;HAS_XMLID_19
101,131,Transporte: Rol Usuario,Transporte,Usuario,34,Use Task Dependencies,,,,,project.group_project_task_dependencies,25,PRIVILEGE_PARTIAL;HAS_XMLID_19
101,131,Transporte: Rol Usuario,Transporte,Usuario,35,Use Milestones,,,,,project.group_project_milestone,25,PRIVILEGE_PARTIAL;HAS_XMLID_19
101,131,Transporte: Rol Usuario,Transporte,Usuario,44,Consultas Postgres,,,,,sicpro_modulo_querydb.group_querydeluxe,25,PRIVILEGE_PARTIAL;HAS_XMLID_19
101,131,Transporte: Rol Usuario,Transporte,Usuario,47,Ejecutor,15,CMI,108,Gestión de Producción,sicpro_app_cmi.grupo_app_cmi_ejecutor,10,IMPLIED_COMMON:usuarios;HAS_XMLID_19
101,131,Transporte: Rol Usuario,Transporte,Usuario,51,Ejecutor,16,Materiales e Insumos,102,Preparación Técnica,sicpro_app_materiales_insumos.grupo_app_materiales_insumos_ejecutor,10,IMPLIED_COMMON:usuarios;HAS_XMLID_19
101,131,Transporte: Rol Usuario,Transporte,Usuario,55,Todos los Trabajadores,17,Usuario del Proceso,97,Capital Humano,sicpro_app_trabajadores.grupo_app_trabajador_usuario_todos,10,IMPLIED_COMMON:usuarios;HAS_XMLID_19
101,131,Transporte: Rol Usuario,Transporte,Usuario,87,Ejecutor,29,Metrología,106,Activos y Herramientas,sicpro_app_metrologia.grupo_app_metrologia_ejecutor,10,IMPLIED_COMMON:usuarios;HAS_XMLID_19
101,131,Transporte: Rol Usuario,Transporte,Usuario,118,Ejecutor,37,Piquera,98,Transportación,sicpro_app_transporte.grupo_app_transporte_piquera_ejecutor,10,IMPLIED_COMMON:usuarios;HAS_XMLID_19
101,131,Transporte: Rol Usuario,Transporte,Usuario,127,Ejecutor,40,Clientes,101,Solicitudes de Obras,sicpro_app_clientes.grupo_app_clientes_ejecutor,10,IMPLIED_COMMON:usuarios;HAS_XMLID_19
101,131,Transporte: Rol Usuario,Transporte,Usuario,131,Instructor,41,Instrucciones,97,Capital Humano,sicpro_app_instrucciones.grupo_app_instruciones_responsable,10,IMPLIED_COMMON:usuarios;HAS_XMLID_19
101,131,Transporte: Rol Usuario,Transporte,Usuario,142,Administrativos,44,Solicitudes,101,Solicitudes de Obras,sicpro_app_solicitudes.grupo_app_solicitud_usuario_vertodo,10,IMPLIED_COMMON:usuarios;HAS_XMLID_19
102,132,Transporte: Rol Responsable,Transporte,Responsable,115,Responsable,36,Transporte,98,Transportación,sicpro_app_transporte.grupo_app_transporte_responsable,120,ROLE_NAME_EXACT;PRIVILEGE_EXACT;IMPLIED_COMMON:ejecutor;HAS_XMLID_19
102,132,Transporte: Rol Responsable,Transporte,Responsable,48,Responsable,15,CMI,108,Gestión de Producción,sicpro_app_cmi.grupo_app_cmi_responsable,70,ROLE_NAME_EXACT;IMPLIED_COMMON:ejecutor;HAS_XMLID_19
102,132,Transporte: Rol Responsable,Transporte,Responsable,52,Responsable,16,Materiales e Insumos,102,Preparación Técnica,sicpro_app_materiales_insumos.grupo_app_materiales_insumos_responsable,70,ROLE_NAME_EXACT;IMPLIED_COMMON:ejecutor;HAS_XMLID_19
102,132,Transporte: Rol Responsable,Transporte,Responsable,70,Responsable,22,Seguridad y Salud,97,Capital Humano,sicpro_app_trabajadores.grupo_app_trabajador_seguridad_salud_responsable,70,ROLE_NAME_EXACT;IMPLIED_COMMON:ejecutor;HAS_XMLID_19
102,132,Transporte: Rol Responsable,Transporte,Responsable,88,Responsable,29,Metrología,106,Activos y Herramientas,sicpro_app_metrologia.grupo_app_metrologia_responsable,70,ROLE_NAME_EXACT;IMPLIED_COMMON:ejecutor;HAS_XMLID_19
102,132,Transporte: Rol Responsable,Transporte,Responsable,110,Responsable,34,Soporte,113,Soporte Técnico,sicpro_app_soporte.group_soporte_responsable,70,ROLE_NAME_EXACT;IMPLIED_COMMON:ejecutor;HAS_XMLID_19
102,132,Transporte: Rol Responsable,Transporte,Responsable,121,Responsable,38,Víveres Logística,111,Alimentación,sicpro_app_viveres.grupo_app_viveres_resumen_responsable,70,ROLE_NAME_EXACT;IMPLIED_COMMON:ejecutor;HAS_XMLID_19
102,132,Transporte: Rol Responsable,Transporte,Responsable,128,Responsable,40,Clientes,101,Solicitudes de Obras,sicpro_app_clientes.grupo_app_clientes_responsable,70,ROLE_NAME_EXACT;IMPLIED_COMMON:ejecutor;HAS_XMLID_19
102,132,Transporte: Rol Responsable,Transporte,Responsable,39,Responsable,11,Salón de Clases,107,Servicios Corporativos,sicpro_app_salon_clases.grupo_app_salon_clases_responsable,60,ROLE_NAME_EXACT;HAS_XMLID_19
102,132,Transporte: Rol Responsable,Transporte,Responsable,57,Responsable,18,Trabajadores,97,Capital Humano,sicpro_app_trabajadores.grupo_app_trabajador_responsable,60,ROLE_NAME_EXACT;HAS_XMLID_19
102,132,Transporte: Rol Responsable,Transporte,Responsable,60,Responsable,19,Equipo Técnico,97,Capital Humano,sicpro_app_trabajadores.grupo_app_trabajador_equipos_responsable,60,ROLE_NAME_EXACT;HAS_XMLID_19
102,132,Transporte: Rol Responsable,Transporte,Responsable,65,Responsable,20,Disciplinarias,97,Capital Humano,sicpro_app_trabajadores.grupo_app_trabajador_disciplina_responsable,60,ROLE_NAME_EXACT;HAS_XMLID_19
102,132,Transporte: Rol Responsable,Transporte,Responsable,68,Responsable,21,Capacitación,97,Capital Humano,sicpro_app_trabajadores.grupo_app_trabajador_capacitacion_responsable,60,ROLE_NAME_EXACT;HAS_XMLID_19
102,132,Transporte: Rol Responsable,Transporte,Responsable,75,Responsable,25,Control,109,Control de la información,sicpro_app_control_informacion.grupo_control_informacion_responsable,60,ROLE_NAME_EXACT;HAS_XMLID_19
102,132,Transporte: Rol Responsable,Transporte,Responsable,78,Responsable,26,Credenciales,97,Capital Humano,sicpro_app_credenciales.grupo_app_credenciales_responsable,60,ROLE_NAME_EXACT;HAS_XMLID_19
102,132,Transporte: Rol Responsable,Transporte,Responsable,82,Responsable,27,Medios Informáticos,112,Informática,sicpro_app_medios_informaticos.grupo_app_medios_informaticos_responsable,60,ROLE_NAME_EXACT;HAS_XMLID_19
102,132,Transporte: Rol Responsable,Transporte,Responsable,93,Responsable,30,Repositorio DVPE.,107,Servicios Corporativos,sicpro_app_repositorio_institucional.group_repositorio_institucional_responsable,60,ROLE_NAME_EXACT;HAS_XMLID_19
102,132,Transporte: Rol Responsable,Transporte,Responsable,98,Responsable,31,Reuniones,105,Gestión de Reuniones,sicpro_app_reuniones.group_reuniones_responsable,60,ROLE_NAME_EXACT;HAS_XMLID_19
102,132,Transporte: Rol Responsable,Transporte,Responsable,103,Responsable,32,Servicios Internos,107,Servicios Corporativos,sicpro_app_servicios_internos.grupo_app_internos_responsable,60,ROLE_NAME_EXACT;HAS_XMLID_19
102,132,Transporte: Rol Responsable,Transporte,Responsable,116,Administrador,36,Transporte,98,Transportación,sicpro_app_transporte.grupo_app_transporte_admin,60,PRIVILEGE_EXACT;IMPLIED_COMMON:responsable;HAS_XMLID_19
102,132,Transporte: Rol Responsable,Transporte,Responsable,139,Responsable,43,Operaciones,110,Programa de la Vivienda,sicpro_app_programa_viviendas.grupo_app_vivienda_responsable,60,ROLE_NAME_EXACT;HAS_XMLID_19
102,132,Transporte: Rol Responsable,Transporte,Responsable,143,Responsable,44,Solicitudes,101,Solicitudes de Obras,sicpro_app_solicitudes.grupo_app_solicitud_responsable,60,ROLE_NAME_EXACT;HAS_XMLID_19
102,132,Transporte: Rol Responsable,Transporte,Responsable,151,Responsable,49,Especialista Ejecutor,101,Solicitudes de Obras,sicpro_app_solicitudes.grupo_app_grupos_ejecutor,60,ROLE_NAME_EXACT;HAS_XMLID_19
102,132,Transporte: Rol Responsable,Transporte,Responsable,154,Responsable,50,Usuarios Internos,103,Órdenes de Trabajo,sicpro_app_ordenes_trabajo.grupo_ordenes_responsable,60,ROLE_NAME_EXACT;HAS_XMLID_19
102,132,Transporte: Rol Responsable,Transporte,Responsable,167,Responsable,53,Transferencias,104,Gestión de Gastos,sicpro_app_transferencias_gastos.grupo_transferencias_responsable,60,ROLE_NAME_EXACT;HAS_XMLID_19
102,132,Transporte: Rol Responsable,Transporte,Responsable,113,Usuarios,36,Transporte,98,Transportación,sicpro_app_transporte.grupo_app_transporte_usuario,50,PRIVILEGE_EXACT;HAS_XMLID_19
102,132,Transporte: Rol Responsable,Transporte,Responsable,114,Ejecutor,36,Transporte,98,Transportación,sicpro_app_transporte.grupo_app_transporte_ejecutor,50,PRIVILEGE_EXACT;HAS_XMLID_19
102,132,Transporte: Rol Responsable,Transporte,Responsable,1,Role / User,,,,,base.group_user,25,PRIVILEGE_PARTIAL;HAS_XMLID_19
102,132,Transporte: Rol Responsable,Transporte,Responsable,2,Access Rights,,,,,base.group_erp_manager,25,PRIVILEGE_PARTIAL;HAS_XMLID_19
102,132,Transporte: Rol Responsable,Transporte,Responsable,3,Bypass HTML Field Sanitize,,,,,base.group_sanitize_override,25,PRIVILEGE_PARTIAL;HAS_XMLID_19
102,132,Transporte: Rol Responsable,Transporte,Responsable,4,Role / Administrator,,,,,base.group_system,25,PRIVILEGE_PARTIAL;HAS_XMLID_19
102,132,Transporte: Rol Responsable,Transporte,Responsable,5,Multi Companies,,,,,base.group_multi_company,25,PRIVILEGE_PARTIAL;HAS_XMLID_19
102,132,Transporte: Rol Responsable,Transporte,Responsable,6,Multi Currencies,,,,,base.group_multi_currency,25,PRIVILEGE_PARTIAL;HAS_XMLID_19
102,132,Transporte: Rol Responsable,Transporte,Responsable,7,Technical Features,,,,,base.group_no_one,25,PRIVILEGE_PARTIAL;HAS_XMLID_19
102,132,Transporte: Rol Responsable,Transporte,Responsable,10,Role / Portal,,,,,base.group_portal,25,PRIVILEGE_PARTIAL;HAS_XMLID_19
102,132,Transporte: Rol Responsable,Transporte,Responsable,11,Role / Public,,,,,base.group_public,25,PRIVILEGE_PARTIAL;HAS_XMLID_19
102,132,Transporte: Rol Responsable,Transporte,Responsable,12,Default access for new users,,,,,base.default_user_group,25,PRIVILEGE_PARTIAL;HAS_XMLID_19
102,132,Transporte: Rol Responsable,Transporte,Responsable,13,Technical Documentation,,,,,api_doc.group_allow_doc,25,PRIVILEGE_PARTIAL;HAS_XMLID_19
102,132,Transporte: Rol Responsable,Transporte,Responsable,15,Mail Template Editor,,,,,mail.group_mail_template_editor,25,PRIVILEGE_PARTIAL;HAS_XMLID_19
102,132,Transporte: Rol Responsable,Transporte,Responsable,16,Receive notifications in Odoo,,,,,mail.group_mail_notification_type_inbox,25,PRIVILEGE_PARTIAL;HAS_XMLID_19
102,132,Transporte: Rol Responsable,Transporte,Responsable,25,Menus y Accesos Obsoletos,,,,,sicpro_app_administracion.grupo_app_administracion_obsoletos,25,PRIVILEGE_PARTIAL;HAS_XMLID_19
102,132,Transporte: Rol Responsable,Transporte,Responsable,26,Manage Multiple Units of Measure,,,,,uom.group_uom,25,PRIVILEGE_PARTIAL;HAS_XMLID_19
102,132,Transporte: Rol Responsable,Transporte,Responsable,27,Analytic Accounting,,,,,analytic.group_analytic_accounting,25,PRIVILEGE_PARTIAL;HAS_XMLID_19
102,132,Transporte: Rol Responsable,Transporte,Responsable,32,Use Stages on Project,,,,,project.group_project_stages,25,PRIVILEGE_PARTIAL;HAS_XMLID_19
102,132,Transporte: Rol Responsable,Transporte,Responsable,33,Use Recurring Tasks,,,,,project.group_project_recurring_tasks,25,PRIVILEGE_PARTIAL;HAS_XMLID_19
102,132,Transporte: Rol Responsable,Transporte,Responsable,34,Use Task Dependencies,,,,,project.group_project_task_dependencies,25,PRIVILEGE_PARTIAL;HAS_XMLID_19
102,132,Transporte: Rol Responsable,Transporte,Responsable,35,Use Milestones,,,,,project.group_project_milestone,25,PRIVILEGE_PARTIAL;HAS_XMLID_19
102,132,Transporte: Rol Responsable,Transporte,Responsable,44,Consultas Postgres,,,,,sicpro_modulo_querydb.group_querydeluxe,25,PRIVILEGE_PARTIAL;HAS_XMLID_19
102,132,Transporte: Rol Responsable,Transporte,Responsable,40,Administrador,11,Salón de Clases,107,Servicios Corporativos,sicpro_app_salon_clases.grupo_app_salon_clases_admin,10,IMPLIED_COMMON:responsable;HAS_XMLID_19
102,132,Transporte: Rol Responsable,Transporte,Responsable,49,Administrador,15,CMI,108,Gestión de Producción,sicpro_app_cmi.grupo_app_cmi_admin,10,IMPLIED_COMMON:responsable;HAS_XMLID_19
102,132,Transporte: Rol Responsable,Transporte,Responsable,53,Administrador,16,Materiales e Insumos,102,Preparación Técnica,sicpro_app_materiales_insumos.grupo_app_materiales_insumos_admin,10,IMPLIED_COMMON:responsable;HAS_XMLID_19
102,132,Transporte: Rol Responsable,Transporte,Responsable,58,Administrador,18,Trabajadores,97,Capital Humano,sicpro_app_trabajadores.grupo_app_trabajador_admin,10,IMPLIED_COMMON:responsable;HAS_XMLID_19
102,132,Transporte: Rol Responsable,Transporte,Responsable,61,Administrador,19,Equipo Técnico,97,Capital Humano,sicpro_app_trabajadores.grupo_app_trabajador_equipos_admin,10,IMPLIED_COMMON:responsable;HAS_XMLID_19
102,132,Transporte: Rol Responsable,Transporte,Responsable,66,Administrador,20,Disciplinarias,97,Capital Humano,sicpro_app_trabajadores.grupo_app_trabajador_disciplina_admin,10,IMPLIED_COMMON:responsable;HAS_XMLID_19
102,132,Transporte: Rol Responsable,Transporte,Responsable,76,Administrador,25,Control,109,Control de la información,sicpro_app_control_informacion.grupo_control_informacion_admin,10,IMPLIED_COMMON:responsable;HAS_XMLID_19
102,132,Transporte: Rol Responsable,Transporte,Responsable,79,Administrador,26,Credenciales,97,Capital Humano,sicpro_app_credenciales.grupo_app_credenciales_admin,10,IMPLIED_COMMON:responsable;HAS_XMLID_19
102,132,Transporte: Rol Responsable,Transporte,Responsable,83,Administrador,27,Medios Informáticos,112,Informática,sicpro_app_medios_informaticos.grupo_app_medios_informaticos_admin,10,IMPLIED_COMMON:responsable;HAS_XMLID_19
102,132,Transporte: Rol Responsable,Transporte,Responsable,89,Administrador,29,Metrología,106,Activos y Herramientas,sicpro_app_metrologia.grupo_app_metrologia_admin,10,IMPLIED_COMMON:responsable;HAS_XMLID_19
102,132,Transporte: Rol Responsable,Transporte,Responsable,94,Administrador,30,Repositorio DVPE.,107,Servicios Corporativos,sicpro_app_repositorio_institucional.group_repositorio_institucional_admin,10,IMPLIED_COMMON:responsable;HAS_XMLID_19
102,132,Transporte: Rol Responsable,Transporte,Responsable,99,Administrator,31,Reuniones,105,Gestión de Reuniones,sicpro_app_reuniones.group_reuniones_admin,10,IMPLIED_COMMON:responsable;HAS_XMLID_19
102,132,Transporte: Rol Responsable,Transporte,Responsable,104,Administrador,32,Servicios Internos,107,Servicios Corporativos,sicpro_app_servicios_internos.grupo_app_internos_admin,10,IMPLIED_COMMON:responsable;HAS_XMLID_19
102,132,Transporte: Rol Responsable,Transporte,Responsable,111,Administrador,34,Soporte,113,Soporte Técnico,sicpro_app_soporte.group_soporte_admin,10,IMPLIED_COMMON:responsable;HAS_XMLID_19
102,132,Transporte: Rol Responsable,Transporte,Responsable,122,Administrador,38,Víveres Logística,111,Alimentación,sicpro_app_viveres.grupo_app_viveres_admin,10,IMPLIED_COMMON:responsable;HAS_XMLID_19
102,132,Transporte: Rol Responsable,Transporte,Responsable,125,Jefe,39,Víveres Áreas,111,Alimentación,sicpro_app_viveres.grupo_app_viveres_areas_responsable,10,IMPLIED_COMMON:ejecutor;HAS_XMLID_19
102,132,Transporte: Rol Responsable,Transporte,Responsable,129,Administrador,40,Clientes,101,Solicitudes de Obras,sicpro_app_clientes.grupo_app_clientes_admin,10,IMPLIED_COMMON:responsable;HAS_XMLID_19
102,132,Transporte: Rol Responsable,Transporte,Responsable,140,Administrador,43,Operaciones,110,Programa de la Vivienda,sicpro_app_programa_viviendas.grupo_app_vivienda_admin,10,IMPLIED_COMMON:responsable;HAS_XMLID_19
102,132,Transporte: Rol Responsable,Transporte,Responsable,144,Administrador,44,Solicitudes,101,Solicitudes de Obras,sicpro_app_solicitudes.grupo_app_solicitud_admin,10,IMPLIED_COMMON:responsable;HAS_XMLID_19
102,132,Transporte: Rol Responsable,Transporte,Responsable,146,Territorial,45,Inversionistas,101,Solicitudes de Obras,sicpro_app_solicitudes.grupo_app_iniciativas_territorios,10,IMPLIED_COMMON:ejecutor;HAS_XMLID_19
102,132,Transporte: Rol Responsable,Transporte,Responsable,155,Administrador,50,Usuarios Internos,103,Órdenes de Trabajo,sicpro_app_ordenes_trabajo.grupo_ordenes_admin,10,IMPLIED_COMMON:responsable;HAS_XMLID_19
102,132,Transporte: Rol Responsable,Transporte,Responsable,168,Administrador,53,Transferencias,104,Gestión de Gastos,sicpro_app_transferencias_gastos.grupo_transferencias_admin,10,IMPLIED_COMMON:responsable;HAS_XMLID_19
103,133,Transporte: Rol Administrador,Transporte,Administrador,116,Administrador,36,Transporte,98,Transportación,sicpro_app_transporte.grupo_app_transporte_admin,110,ROLE_NAME_EXACT;PRIVILEGE_EXACT;HAS_XMLID_19
103,133,Transporte: Rol Administrador,Transporte,Administrador,17,Administrador,4,Administrar SICPRO,94,Administración SICPRO ERP,sicpro_app_administracion.grupo_app_administracion_admin,60,ROLE_NAME_EXACT;HAS_XMLID_19
103,133,Transporte: Rol Administrador,Transporte,Administrador,40,Administrador,11,Salón de Clases,107,Servicios Corporativos,sicpro_app_salon_clases.grupo_app_salon_clases_admin,60,ROLE_NAME_EXACT;HAS_XMLID_19
103,133,Transporte: Rol Administrador,Transporte,Administrador,42,Administrador,12,Registros de auditoría,115,Registro de auditoría,sicpro_modulo_auditorias.group_auditlog_manager,60,ROLE_NAME_EXACT;HAS_XMLID_19
103,133,Transporte: Rol Administrador,Transporte,Administrador,43,Administrador,13,Nomencladores,94,Administración SICPRO ERP,sicpro_modulo_nomencladores.grupo_sicpro_nomencladores_admin,60,ROLE_NAME_EXACT;HAS_XMLID_19
103,133,Transporte: Rol Administrador,Transporte,Administrador,49,Administrador,15,CMI,108,Gestión de Producción,sicpro_app_cmi.grupo_app_cmi_admin,60,ROLE_NAME_EXACT;HAS_XMLID_19
103,133,Transporte: Rol Administrador,Transporte,Administrador,53,Administrador,16,Materiales e Insumos,102,Preparación Técnica,sicpro_app_materiales_insumos.grupo_app_materiales_insumos_admin,60,ROLE_NAME_EXACT;HAS_XMLID_19
103,133,Transporte: Rol Administrador,Transporte,Administrador,58,Administrador,18,Trabajadores,97,Capital Humano,sicpro_app_trabajadores.grupo_app_trabajador_admin,60,ROLE_NAME_EXACT;HAS_XMLID_19
103,133,Transporte: Rol Administrador,Transporte,Administrador,61,Administrador,19,Equipo Técnico,97,Capital Humano,sicpro_app_trabajadores.grupo_app_trabajador_equipos_admin,60,ROLE_NAME_EXACT;HAS_XMLID_19
103,133,Transporte: Rol Administrador,Transporte,Administrador,66,Administrador,20,Disciplinarias,97,Capital Humano,sicpro_app_trabajadores.grupo_app_trabajador_disciplina_admin,60,ROLE_NAME_EXACT;HAS_XMLID_19
103,133,Transporte: Rol Administrador,Transporte,Administrador,76,Administrador,25,Control,109,Control de la información,sicpro_app_control_informacion.grupo_control_informacion_admin,60,ROLE_NAME_EXACT;HAS_XMLID_19
103,133,Transporte: Rol Administrador,Transporte,Administrador,79,Administrador,26,Credenciales,97,Capital Humano,sicpro_app_credenciales.grupo_app_credenciales_admin,60,ROLE_NAME_EXACT;HAS_XMLID_19
103,133,Transporte: Rol Administrador,Transporte,Administrador,83,Administrador,27,Medios Informáticos,112,Informática,sicpro_app_medios_informaticos.grupo_app_medios_informaticos_admin,60,ROLE_NAME_EXACT;HAS_XMLID_19
103,133,Transporte: Rol Administrador,Transporte,Administrador,89,Administrador,29,Metrología,106,Activos y Herramientas,sicpro_app_metrologia.grupo_app_metrologia_admin,60,ROLE_NAME_EXACT;HAS_XMLID_19
103,133,Transporte: Rol Administrador,Transporte,Administrador,94,Administrador,30,Repositorio DVPE.,107,Servicios Corporativos,sicpro_app_repositorio_institucional.group_repositorio_institucional_admin,60,ROLE_NAME_EXACT;HAS_XMLID_19
103,133,Transporte: Rol Administrador,Transporte,Administrador,104,Administrador,32,Servicios Internos,107,Servicios Corporativos,sicpro_app_servicios_internos.grupo_app_internos_admin,60,ROLE_NAME_EXACT;HAS_XMLID_19
103,133,Transporte: Rol Administrador,Transporte,Administrador,111,Administrador,34,Soporte,113,Soporte Técnico,sicpro_app_soporte.group_soporte_admin,60,ROLE_NAME_EXACT;HAS_XMLID_19
103,133,Transporte: Rol Administrador,Transporte,Administrador,122,Administrador,38,Víveres Logística,111,Alimentación,sicpro_app_viveres.grupo_app_viveres_admin,60,ROLE_NAME_EXACT;HAS_XMLID_19
103,133,Transporte: Rol Administrador,Transporte,Administrador,129,Administrador,40,Clientes,101,Solicitudes de Obras,sicpro_app_clientes.grupo_app_clientes_admin,60,ROLE_NAME_EXACT;HAS_XMLID_19
103,133,Transporte: Rol Administrador,Transporte,Administrador,132,Administrador,41,Instrucciones,97,Capital Humano,sicpro_app_instrucciones.grupo_app_instruciones_admin,60,ROLE_NAME_EXACT;HAS_XMLID_19
103,133,Transporte: Rol Administrador,Transporte,Administrador,140,Administrador,43,Operaciones,110,Programa de la Vivienda,sicpro_app_programa_viviendas.grupo_app_vivienda_admin,60,ROLE_NAME_EXACT;HAS_XMLID_19
103,133,Transporte: Rol Administrador,Transporte,Administrador,144,Administrador,44,Solicitudes,101,Solicitudes de Obras,sicpro_app_solicitudes.grupo_app_solicitud_admin,60,ROLE_NAME_EXACT;HAS_XMLID_19
103,133,Transporte: Rol Administrador,Transporte,Administrador,155,Administrador,50,Usuarios Internos,103,Órdenes de Trabajo,sicpro_app_ordenes_trabajo.grupo_ordenes_admin,60,ROLE_NAME_EXACT;HAS_XMLID_19
103,133,Transporte: Rol Administrador,Transporte,Administrador,168,Administrador,53,Transferencias,104,Gestión de Gastos,sicpro_app_transferencias_gastos.grupo_transferencias_admin,60,ROLE_NAME_EXACT;HAS_XMLID_19
103,133,Transporte: Rol Administrador,Transporte,Administrador,113,Usuarios,36,Transporte,98,Transportación,sicpro_app_transporte.grupo_app_transporte_usuario,50,PRIVILEGE_EXACT;HAS_XMLID_19
103,133,Transporte: Rol Administrador,Transporte,Administrador,114,Ejecutor,36,Transporte,98,Transportación,sicpro_app_transporte.grupo_app_transporte_ejecutor,50,PRIVILEGE_EXACT;HAS_XMLID_19
103,133,Transporte: Rol Administrador,Transporte,Administrador,115,Responsable,36,Transporte,98,Transportación,sicpro_app_transporte.grupo_app_transporte_responsable,50,PRIVILEGE_EXACT;HAS_XMLID_19
103,133,Transporte: Rol Administrador,Transporte,Administrador,4,Role / Administrator,,,,,base.group_system,35,PRIVILEGE_PARTIAL;IMPLIED_COMMON:administrador;HAS_XMLID_19
103,133,Transporte: Rol Administrador,Transporte,Administrador,1,Role / User,,,,,base.group_user,25,PRIVILEGE_PARTIAL;HAS_XMLID_19
103,133,Transporte: Rol Administrador,Transporte,Administrador,2,Access Rights,,,,,base.group_erp_manager,25,PRIVILEGE_PARTIAL;HAS_XMLID_19
103,133,Transporte: Rol Administrador,Transporte,Administrador,3,Bypass HTML Field Sanitize,,,,,base.group_sanitize_override,25,PRIVILEGE_PARTIAL;HAS_XMLID_19
103,133,Transporte: Rol Administrador,Transporte,Administrador,5,Multi Companies,,,,,base.group_multi_company,25,PRIVILEGE_PARTIAL;HAS_XMLID_19
103,133,Transporte: Rol Administrador,Transporte,Administrador,6,Multi Currencies,,,,,base.group_multi_currency,25,PRIVILEGE_PARTIAL;HAS_XMLID_19
103,133,Transporte: Rol Administrador,Transporte,Administrador,7,Technical Features,,,,,base.group_no_one,25,PRIVILEGE_PARTIAL;HAS_XMLID_19
103,133,Transporte: Rol Administrador,Transporte,Administrador,10,Role / Portal,,,,,base.group_portal,25,PRIVILEGE_PARTIAL;HAS_XMLID_19
103,133,Transporte: Rol Administrador,Transporte,Administrador,11,Role / Public,,,,,base.group_public,25,PRIVILEGE_PARTIAL;HAS_XMLID_19
103,133,Transporte: Rol Administrador,Transporte,Administrador,12,Default access for new users,,,,,base.default_user_group,25,PRIVILEGE_PARTIAL;HAS_XMLID_19
103,133,Transporte: Rol Administrador,Transporte,Administrador,13,Technical Documentation,,,,,api_doc.group_allow_doc,25,PRIVILEGE_PARTIAL;HAS_XMLID_19
103,133,Transporte: Rol Administrador,Transporte,Administrador,15,Mail Template Editor,,,,,mail.group_mail_template_editor,25,PRIVILEGE_PARTIAL;HAS_XMLID_19
103,133,Transporte: Rol Administrador,Transporte,Administrador,16,Receive notifications in Odoo,,,,,mail.group_mail_notification_type_inbox,25,PRIVILEGE_PARTIAL;HAS_XMLID_19
103,133,Transporte: Rol Administrador,Transporte,Administrador,25,Menus y Accesos Obsoletos,,,,,sicpro_app_administracion.grupo_app_administracion_obsoletos,25,PRIVILEGE_PARTIAL;HAS_XMLID_19
103,133,Transporte: Rol Administrador,Transporte,Administrador,26,Manage Multiple Units of Measure,,,,,uom.group_uom,25,PRIVILEGE_PARTIAL;HAS_XMLID_19
103,133,Transporte: Rol Administrador,Transporte,Administrador,27,Analytic Accounting,,,,,analytic.group_analytic_accounting,25,PRIVILEGE_PARTIAL;HAS_XMLID_19
103,133,Transporte: Rol Administrador,Transporte,Administrador,32,Use Stages on Project,,,,,project.group_project_stages,25,PRIVILEGE_PARTIAL;HAS_XMLID_19
103,133,Transporte: Rol Administrador,Transporte,Administrador,33,Use Recurring Tasks,,,,,project.group_project_recurring_tasks,25,PRIVILEGE_PARTIAL;HAS_XMLID_19
103,133,Transporte: Rol Administrador,Transporte,Administrador,34,Use Task Dependencies,,,,,project.group_project_task_dependencies,25,PRIVILEGE_PARTIAL;HAS_XMLID_19
103,133,Transporte: Rol Administrador,Transporte,Administrador,35,Use Milestones,,,,,project.group_project_milestone,25,PRIVILEGE_PARTIAL;HAS_XMLID_19
103,133,Transporte: Rol Administrador,Transporte,Administrador,44,Consultas Postgres,,,,,sicpro_modulo_querydb.group_querydeluxe,25,PRIVILEGE_PARTIAL;HAS_XMLID_19
104,134,Reuniones: Rol Usuario,Reuniones,Usuario,95,Usuario,31,Reuniones,105,Gestión de Reuniones,sicpro_app_reuniones.group_reuniones_usuario,110,ROLE_NAME_EXACT;PRIVILEGE_EXACT;HAS_XMLID_19
104,134,Reuniones: Rol Usuario,Reuniones,Usuario,36,Usuario,10,Gestor Documental,107,Servicios Corporativos,sicpro_app_gestor_documental.group_document_user,60,ROLE_NAME_EXACT;HAS_XMLID_19
104,134,Reuniones: Rol Usuario,Reuniones,Usuario,38,Usuario,11,Salón de Clases,107,Servicios Corporativos,sicpro_app_salon_clases.grupo_app_salon_clases_usuario,60,ROLE_NAME_EXACT;HAS_XMLID_19
104,134,Reuniones: Rol Usuario,Reuniones,Usuario,41,Usuario,12,Registros de auditoría,115,Registro de auditoría,sicpro_modulo_auditorias.group_auditlog_user,60,ROLE_NAME_EXACT;HAS_XMLID_19
104,134,Reuniones: Rol Usuario,Reuniones,Usuario,90,Usuario,30,Repositorio DVPE.,107,Servicios Corporativos,sicpro_app_repositorio_institucional.group_repositorio_institucional_user,60,ROLE_NAME_EXACT;HAS_XMLID_19
104,134,Reuniones: Rol Usuario,Reuniones,Usuario,96,Secretaria,31,Reuniones,105,Gestión de Reuniones,sicpro_app_reuniones.group_reuniones_secretaria,60,PRIVILEGE_EXACT;IMPLIED_COMMON:usuario;HAS_XMLID_19
104,134,Reuniones: Rol Usuario,Reuniones,Usuario,100,Usuario,32,Servicios Internos,107,Servicios Corporativos,sicpro_app_servicios_internos.grupo_app_internos_usuario,60,ROLE_NAME_EXACT;HAS_XMLID_19
104,134,Reuniones: Rol Usuario,Reuniones,Usuario,105,Usuario,33,Solicitudes de S.I.,107,Servicios Corporativos,sicpro_app_servicios_internos.grupo_app_internos_solicitudes_usuario,60,ROLE_NAME_EXACT;HAS_XMLID_19
104,134,Reuniones: Rol Usuario,Reuniones,Usuario,134,Usuario,43,Operaciones,110,Programa de la Vivienda,sicpro_app_programa_viviendas.grupo_app_vivienda_visualizar,60,ROLE_NAME_EXACT;HAS_XMLID_19
104,134,Reuniones: Rol Usuario,Reuniones,Usuario,97,Director,31,Reuniones,105,Gestión de Reuniones,sicpro_app_reuniones.group_reuniones_director,50,PRIVILEGE_EXACT;HAS_XMLID_19
104,134,Reuniones: Rol Usuario,Reuniones,Usuario,98,Responsable,31,Reuniones,105,Gestión de Reuniones,sicpro_app_reuniones.group_reuniones_responsable,50,PRIVILEGE_EXACT;HAS_XMLID_19
104,134,Reuniones: Rol Usuario,Reuniones,Usuario,99,Administrator,31,Reuniones,105,Gestión de Reuniones,sicpro_app_reuniones.group_reuniones_admin,50,PRIVILEGE_EXACT;HAS_XMLID_19
104,134,Reuniones: Rol Usuario,Reuniones,Usuario,46,Usuarios,15,CMI,108,Gestión de Producción,sicpro_app_cmi.grupo_app_cmi_usuario,35,ROLE_NAME_PARTIAL;HAS_XMLID_19
104,134,Reuniones: Rol Usuario,Reuniones,Usuario,50,Usuarios,16,Materiales e Insumos,102,Preparación Técnica,sicpro_app_materiales_insumos.grupo_app_materiales_insumos_usuario,35,ROLE_NAME_PARTIAL;HAS_XMLID_19
104,134,Reuniones: Rol Usuario,Reuniones,Usuario,54,Usuarios,17,Usuario del Proceso,97,Capital Humano,sicpro_app_trabajadores.grupo_app_trabajador_usuario_proceso,35,ROLE_NAME_PARTIAL;HAS_XMLID_19
104,134,Reuniones: Rol Usuario,Reuniones,Usuario,86,Usuarios,29,Metrología,106,Activos y Herramientas,sicpro_app_metrologia.grupo_app_metrologia_usuario,35,ROLE_NAME_PARTIAL;HAS_XMLID_19
104,134,Reuniones: Rol Usuario,Reuniones,Usuario,113,Usuarios,36,Transporte,98,Transportación,sicpro_app_transporte.grupo_app_transporte_usuario,35,ROLE_NAME_PARTIAL;HAS_XMLID_19
104,134,Reuniones: Rol Usuario,Reuniones,Usuario,117,Usuarios,37,Piquera,98,Transportación,sicpro_app_transporte.grupo_app_transporte_piquera_usuario,35,ROLE_NAME_PARTIAL;HAS_XMLID_19
104,134,Reuniones: Rol Usuario,Reuniones,Usuario,126,Usuarios,40,Clientes,101,Solicitudes de Obras,sicpro_app_clientes.grupo_app_clientes_usuario,35,ROLE_NAME_PARTIAL;HAS_XMLID_19
104,134,Reuniones: Rol Usuario,Reuniones,Usuario,130,Usuarios,41,Instrucciones,97,Capital Humano,sicpro_app_instrucciones.grupo_app_instruciones_usuario,35,ROLE_NAME_PARTIAL;HAS_XMLID_19
104,134,Reuniones: Rol Usuario,Reuniones,Usuario,141,Usuarios,44,Solicitudes,101,Solicitudes de Obras,sicpro_app_solicitudes.grupo_app_solicitud_usuario,35,ROLE_NAME_PARTIAL;HAS_XMLID_19
104,134,Reuniones: Rol Usuario,Reuniones,Usuario,1,Role / User,,,,,base.group_user,25,PRIVILEGE_PARTIAL;HAS_XMLID_19
104,134,Reuniones: Rol Usuario,Reuniones,Usuario,2,Access Rights,,,,,base.group_erp_manager,25,PRIVILEGE_PARTIAL;HAS_XMLID_19
104,134,Reuniones: Rol Usuario,Reuniones,Usuario,3,Bypass HTML Field Sanitize,,,,,base.group_sanitize_override,25,PRIVILEGE_PARTIAL;HAS_XMLID_19
104,134,Reuniones: Rol Usuario,Reuniones,Usuario,4,Role / Administrator,,,,,base.group_system,25,PRIVILEGE_PARTIAL;HAS_XMLID_19
104,134,Reuniones: Rol Usuario,Reuniones,Usuario,5,Multi Companies,,,,,base.group_multi_company,25,PRIVILEGE_PARTIAL;HAS_XMLID_19
104,134,Reuniones: Rol Usuario,Reuniones,Usuario,6,Multi Currencies,,,,,base.group_multi_currency,25,PRIVILEGE_PARTIAL;HAS_XMLID_19
104,134,Reuniones: Rol Usuario,Reuniones,Usuario,7,Technical Features,,,,,base.group_no_one,25,PRIVILEGE_PARTIAL;HAS_XMLID_19
104,134,Reuniones: Rol Usuario,Reuniones,Usuario,10,Role / Portal,,,,,base.group_portal,25,PRIVILEGE_PARTIAL;HAS_XMLID_19
104,134,Reuniones: Rol Usuario,Reuniones,Usuario,11,Role / Public,,,,,base.group_public,25,PRIVILEGE_PARTIAL;HAS_XMLID_19
104,134,Reuniones: Rol Usuario,Reuniones,Usuario,12,Default access for new users,,,,,base.default_user_group,25,PRIVILEGE_PARTIAL;HAS_XMLID_19
104,134,Reuniones: Rol Usuario,Reuniones,Usuario,13,Technical Documentation,,,,,api_doc.group_allow_doc,25,PRIVILEGE_PARTIAL;HAS_XMLID_19
104,134,Reuniones: Rol Usuario,Reuniones,Usuario,15,Mail Template Editor,,,,,mail.group_mail_template_editor,25,PRIVILEGE_PARTIAL;HAS_XMLID_19
104,134,Reuniones: Rol Usuario,Reuniones,Usuario,16,Receive notifications in Odoo,,,,,mail.group_mail_notification_type_inbox,25,PRIVILEGE_PARTIAL;HAS_XMLID_19
104,134,Reuniones: Rol Usuario,Reuniones,Usuario,25,Menus y Accesos Obsoletos,,,,,sicpro_app_administracion.grupo_app_administracion_obsoletos,25,PRIVILEGE_PARTIAL;HAS_XMLID_19
104,134,Reuniones: Rol Usuario,Reuniones,Usuario,26,Manage Multiple Units of Measure,,,,,uom.group_uom,25,PRIVILEGE_PARTIAL;HAS_XMLID_19
104,134,Reuniones: Rol Usuario,Reuniones,Usuario,27,Analytic Accounting,,,,,analytic.group_analytic_accounting,25,PRIVILEGE_PARTIAL;HAS_XMLID_19
104,134,Reuniones: Rol Usuario,Reuniones,Usuario,32,Use Stages on Project,,,,,project.group_project_stages,25,PRIVILEGE_PARTIAL;HAS_XMLID_19
104,134,Reuniones: Rol Usuario,Reuniones,Usuario,33,Use Recurring Tasks,,,,,project.group_project_recurring_tasks,25,PRIVILEGE_PARTIAL;HAS_XMLID_19
104,134,Reuniones: Rol Usuario,Reuniones,Usuario,34,Use Task Dependencies,,,,,project.group_project_task_dependencies,25,PRIVILEGE_PARTIAL;HAS_XMLID_19
104,134,Reuniones: Rol Usuario,Reuniones,Usuario,35,Use Milestones,,,,,project.group_project_milestone,25,PRIVILEGE_PARTIAL;HAS_XMLID_19
104,134,Reuniones: Rol Usuario,Reuniones,Usuario,44,Consultas Postgres,,,,,sicpro_modulo_querydb.group_querydeluxe,25,PRIVILEGE_PARTIAL;HAS_XMLID_19
104,134,Reuniones: Rol Usuario,Reuniones,Usuario,37,Ejecutor,10,Gestor Documental,107,Servicios Corporativos,sicpro_app_gestor_documental.group_document_manager,10,IMPLIED_COMMON:usuario;HAS_XMLID_19
104,134,Reuniones: Rol Usuario,Reuniones,Usuario,39,Responsable,11,Salón de Clases,107,Servicios Corporativos,sicpro_app_salon_clases.grupo_app_salon_clases_responsable,10,IMPLIED_COMMON:usuario;HAS_XMLID_19
104,134,Reuniones: Rol Usuario,Reuniones,Usuario,42,Administrador,12,Registros de auditoría,115,Registro de auditoría,sicpro_modulo_auditorias.group_auditlog_manager,10,IMPLIED_COMMON:usuario;HAS_XMLID_19
104,134,Reuniones: Rol Usuario,Reuniones,Usuario,91,Creador,30,Repositorio DVPE.,107,Servicios Corporativos,sicpro_app_repositorio_institucional.group_repositorio_institucional_creador,10,IMPLIED_COMMON:usuario;HAS_XMLID_19
104,134,Reuniones: Rol Usuario,Reuniones,Usuario,101,Ejecutor de Servicios,32,Servicios Internos,107,Servicios Corporativos,sicpro_app_servicios_internos.grupo_app_internos_ejecutor_servicios,10,IMPLIED_COMMON:usuario;HAS_XMLID_19
104,134,Reuniones: Rol Usuario,Reuniones,Usuario,106,Ejecutor de Solicitud,33,Solicitudes de S.I.,107,Servicios Corporativos,sicpro_app_servicios_internos.grupo_app_internos_solicitudes_ejecutor,10,IMPLIED_COMMON:usuario;HAS_XMLID_19
104,134,Reuniones: Rol Usuario,Reuniones,Usuario,135,Secretario general,43,Operaciones,110,Programa de la Vivienda,sicpro_app_programa_viviendas.grupo_app_vivienda_secretario_general,10,IMPLIED_COMMON:usuario;HAS_XMLID_19
105,135,Reuniones: Rol Secretaria,Reuniones,Secretaria,96,Secretaria,31,Reuniones,105,Gestión de Reuniones,sicpro_app_reuniones.group_reuniones_secretaria,110,ROLE_NAME_EXACT;PRIVILEGE_EXACT;HAS_XMLID_19
105,135,Reuniones: Rol Secretaria,Reuniones,Secretaria,97,Director,31,Reuniones,105,Gestión de Reuniones,sicpro_app_reuniones.group_reuniones_director,60,PRIVILEGE_EXACT;IMPLIED_COMMON:secretaria;HAS_XMLID_19
105,135,Reuniones: Rol Secretaria,Reuniones,Secretaria,95,Usuario,31,Reuniones,105,Gestión de Reuniones,sicpro_app_reuniones.group_reuniones_usuario,50,PRIVILEGE_EXACT;HAS_XMLID_19
105,135,Reuniones: Rol Secretaria,Reuniones,Secretaria,98,Responsable,31,Reuniones,105,Gestión de Reuniones,sicpro_app_reuniones.group_reuniones_responsable,50,PRIVILEGE_EXACT;HAS_XMLID_19
105,135,Reuniones: Rol Secretaria,Reuniones,Secretaria,99,Administrator,31,Reuniones,105,Gestión de Reuniones,sicpro_app_reuniones.group_reuniones_admin,50,PRIVILEGE_EXACT;HAS_XMLID_19
105,135,Reuniones: Rol Secretaria,Reuniones,Secretaria,1,Role / User,,,,,base.group_user,25,PRIVILEGE_PARTIAL;HAS_XMLID_19
105,135,Reuniones: Rol Secretaria,Reuniones,Secretaria,2,Access Rights,,,,,base.group_erp_manager,25,PRIVILEGE_PARTIAL;HAS_XMLID_19
105,135,Reuniones: Rol Secretaria,Reuniones,Secretaria,3,Bypass HTML Field Sanitize,,,,,base.group_sanitize_override,25,PRIVILEGE_PARTIAL;HAS_XMLID_19
105,135,Reuniones: Rol Secretaria,Reuniones,Secretaria,4,Role / Administrator,,,,,base.group_system,25,PRIVILEGE_PARTIAL;HAS_XMLID_19
105,135,Reuniones: Rol Secretaria,Reuniones,Secretaria,5,Multi Companies,,,,,base.group_multi_company,25,PRIVILEGE_PARTIAL;HAS_XMLID_19
105,135,Reuniones: Rol Secretaria,Reuniones,Secretaria,6,Multi Currencies,,,,,base.group_multi_currency,25,PRIVILEGE_PARTIAL;HAS_XMLID_19
105,135,Reuniones: Rol Secretaria,Reuniones,Secretaria,7,Technical Features,,,,,base.group_no_one,25,PRIVILEGE_PARTIAL;HAS_XMLID_19
105,135,Reuniones: Rol Secretaria,Reuniones,Secretaria,10,Role / Portal,,,,,base.group_portal,25,PRIVILEGE_PARTIAL;HAS_XMLID_19
105,135,Reuniones: Rol Secretaria,Reuniones,Secretaria,11,Role / Public,,,,,base.group_public,25,PRIVILEGE_PARTIAL;HAS_XMLID_19
105,135,Reuniones: Rol Secretaria,Reuniones,Secretaria,12,Default access for new users,,,,,base.default_user_group,25,PRIVILEGE_PARTIAL;HAS_XMLID_19
105,135,Reuniones: Rol Secretaria,Reuniones,Secretaria,13,Technical Documentation,,,,,api_doc.group_allow_doc,25,PRIVILEGE_PARTIAL;HAS_XMLID_19
105,135,Reuniones: Rol Secretaria,Reuniones,Secretaria,15,Mail Template Editor,,,,,mail.group_mail_template_editor,25,PRIVILEGE_PARTIAL;HAS_XMLID_19
105,135,Reuniones: Rol Secretaria,Reuniones,Secretaria,16,Receive notifications in Odoo,,,,,mail.group_mail_notification_type_inbox,25,PRIVILEGE_PARTIAL;HAS_XMLID_19
105,135,Reuniones: Rol Secretaria,Reuniones,Secretaria,25,Menus y Accesos Obsoletos,,,,,sicpro_app_administracion.grupo_app_administracion_obsoletos,25,PRIVILEGE_PARTIAL;HAS_XMLID_19
105,135,Reuniones: Rol Secretaria,Reuniones,Secretaria,26,Manage Multiple Units of Measure,,,,,uom.group_uom,25,PRIVILEGE_PARTIAL;HAS_XMLID_19
105,135,Reuniones: Rol Secretaria,Reuniones,Secretaria,27,Analytic Accounting,,,,,analytic.group_analytic_accounting,25,PRIVILEGE_PARTIAL;HAS_XMLID_19
105,135,Reuniones: Rol Secretaria,Reuniones,Secretaria,32,Use Stages on Project,,,,,project.group_project_stages,25,PRIVILEGE_PARTIAL;HAS_XMLID_19
105,135,Reuniones: Rol Secretaria,Reuniones,Secretaria,33,Use Recurring Tasks,,,,,project.group_project_recurring_tasks,25,PRIVILEGE_PARTIAL;HAS_XMLID_19
105,135,Reuniones: Rol Secretaria,Reuniones,Secretaria,34,Use Task Dependencies,,,,,project.group_project_task_dependencies,25,PRIVILEGE_PARTIAL;HAS_XMLID_19
105,135,Reuniones: Rol Secretaria,Reuniones,Secretaria,35,Use Milestones,,,,,project.group_project_milestone,25,PRIVILEGE_PARTIAL;HAS_XMLID_19
105,135,Reuniones: Rol Secretaria,Reuniones,Secretaria,44,Consultas Postgres,,,,,sicpro_modulo_querydb.group_querydeluxe,25,PRIVILEGE_PARTIAL;HAS_XMLID_19
106,136,Reuniones: Rol Director,Reuniones,Director,97,Director,31,Reuniones,105,Gestión de Reuniones,sicpro_app_reuniones.group_reuniones_director,110,ROLE_NAME_EXACT;PRIVILEGE_EXACT;HAS_XMLID_19
106,136,Reuniones: Rol Director,Reuniones,Director,98,Responsable,31,Reuniones,105,Gestión de Reuniones,sicpro_app_reuniones.group_reuniones_responsable,60,PRIVILEGE_EXACT;IMPLIED_COMMON:director;HAS_XMLID_19
106,136,Reuniones: Rol Director,Reuniones,Director,95,Usuario,31,Reuniones,105,Gestión de Reuniones,sicpro_app_reuniones.group_reuniones_usuario,50,PRIVILEGE_EXACT;HAS_XMLID_19
106,136,Reuniones: Rol Director,Reuniones,Director,96,Secretaria,31,Reuniones,105,Gestión de Reuniones,sicpro_app_reuniones.group_reuniones_secretaria,50,PRIVILEGE_EXACT;HAS_XMLID_19
106,136,Reuniones: Rol Director,Reuniones,Director,99,Administrator,31,Reuniones,105,Gestión de Reuniones,sicpro_app_reuniones.group_reuniones_admin,50,PRIVILEGE_EXACT;HAS_XMLID_19
106,136,Reuniones: Rol Director,Reuniones,Director,1,Role / User,,,,,base.group_user,25,PRIVILEGE_PARTIAL;HAS_XMLID_19
106,136,Reuniones: Rol Director,Reuniones,Director,2,Access Rights,,,,,base.group_erp_manager,25,PRIVILEGE_PARTIAL;HAS_XMLID_19
106,136,Reuniones: Rol Director,Reuniones,Director,3,Bypass HTML Field Sanitize,,,,,base.group_sanitize_override,25,PRIVILEGE_PARTIAL;HAS_XMLID_19
106,136,Reuniones: Rol Director,Reuniones,Director,4,Role / Administrator,,,,,base.group_system,25,PRIVILEGE_PARTIAL;HAS_XMLID_19
106,136,Reuniones: Rol Director,Reuniones,Director,5,Multi Companies,,,,,base.group_multi_company,25,PRIVILEGE_PARTIAL;HAS_XMLID_19
106,136,Reuniones: Rol Director,Reuniones,Director,6,Multi Currencies,,,,,base.group_multi_currency,25,PRIVILEGE_PARTIAL;HAS_XMLID_19
106,136,Reuniones: Rol Director,Reuniones,Director,7,Technical Features,,,,,base.group_no_one,25,PRIVILEGE_PARTIAL;HAS_XMLID_19
106,136,Reuniones: Rol Director,Reuniones,Director,10,Role / Portal,,,,,base.group_portal,25,PRIVILEGE_PARTIAL;HAS_XMLID_19
106,136,Reuniones: Rol Director,Reuniones,Director,11,Role / Public,,,,,base.group_public,25,PRIVILEGE_PARTIAL;HAS_XMLID_19
106,136,Reuniones: Rol Director,Reuniones,Director,12,Default access for new users,,,,,base.default_user_group,25,PRIVILEGE_PARTIAL;HAS_XMLID_19
106,136,Reuniones: Rol Director,Reuniones,Director,13,Technical Documentation,,,,,api_doc.group_allow_doc,25,PRIVILEGE_PARTIAL;HAS_XMLID_19
106,136,Reuniones: Rol Director,Reuniones,Director,15,Mail Template Editor,,,,,mail.group_mail_template_editor,25,PRIVILEGE_PARTIAL;HAS_XMLID_19
106,136,Reuniones: Rol Director,Reuniones,Director,16,Receive notifications in Odoo,,,,,mail.group_mail_notification_type_inbox,25,PRIVILEGE_PARTIAL;HAS_XMLID_19
106,136,Reuniones: Rol Director,Reuniones,Director,25,Menus y Accesos Obsoletos,,,,,sicpro_app_administracion.grupo_app_administracion_obsoletos,25,PRIVILEGE_PARTIAL;HAS_XMLID_19
106,136,Reuniones: Rol Director,Reuniones,Director,26,Manage Multiple Units of Measure,,,,,uom.group_uom,25,PRIVILEGE_PARTIAL;HAS_XMLID_19
106,136,Reuniones: Rol Director,Reuniones,Director,27,Analytic Accounting,,,,,analytic.group_analytic_accounting,25,PRIVILEGE_PARTIAL;HAS_XMLID_19
106,136,Reuniones: Rol Director,Reuniones,Director,32,Use Stages on Project,,,,,project.group_project_stages,25,PRIVILEGE_PARTIAL;HAS_XMLID_19
106,136,Reuniones: Rol Director,Reuniones,Director,33,Use Recurring Tasks,,,,,project.group_project_recurring_tasks,25,PRIVILEGE_PARTIAL;HAS_XMLID_19
106,136,Reuniones: Rol Director,Reuniones,Director,34,Use Task Dependencies,,,,,project.group_project_task_dependencies,25,PRIVILEGE_PARTIAL;HAS_XMLID_19
106,136,Reuniones: Rol Director,Reuniones,Director,35,Use Milestones,,,,,project.group_project_milestone,25,PRIVILEGE_PARTIAL;HAS_XMLID_19
106,136,Reuniones: Rol Director,Reuniones,Director,44,Consultas Postgres,,,,,sicpro_modulo_querydb.group_querydeluxe,25,PRIVILEGE_PARTIAL;HAS_XMLID_19
107,137,Reuniones: Rol Responsable,Reuniones,Responsable,98,Responsable,31,Reuniones,105,Gestión de Reuniones,sicpro_app_reuniones.group_reuniones_responsable,110,ROLE_NAME_EXACT;PRIVILEGE_EXACT;HAS_XMLID_19
107,137,Reuniones: Rol Responsable,Reuniones,Responsable,39,Responsable,11,Salón de Clases,107,Servicios Corporativos,sicpro_app_salon_clases.grupo_app_salon_clases_responsable,60,ROLE_NAME_EXACT;HAS_XMLID_19
107,137,Reuniones: Rol Responsable,Reuniones,Responsable,48,Responsable,15,CMI,108,Gestión de Producción,sicpro_app_cmi.grupo_app_cmi_responsable,60,ROLE_NAME_EXACT;HAS_XMLID_19
107,137,Reuniones: Rol Responsable,Reuniones,Responsable,52,Responsable,16,Materiales e Insumos,102,Preparación Técnica,sicpro_app_materiales_insumos.grupo_app_materiales_insumos_responsable,60,ROLE_NAME_EXACT;HAS_XMLID_19
107,137,Reuniones: Rol Responsable,Reuniones,Responsable,57,Responsable,18,Trabajadores,97,Capital Humano,sicpro_app_trabajadores.grupo_app_trabajador_responsable,60,ROLE_NAME_EXACT;HAS_XMLID_19
107,137,Reuniones: Rol Responsable,Reuniones,Responsable,60,Responsable,19,Equipo Técnico,97,Capital Humano,sicpro_app_trabajadores.grupo_app_trabajador_equipos_responsable,60,ROLE_NAME_EXACT;HAS_XMLID_19
107,137,Reuniones: Rol Responsable,Reuniones,Responsable,65,Responsable,20,Disciplinarias,97,Capital Humano,sicpro_app_trabajadores.grupo_app_trabajador_disciplina_responsable,60,ROLE_NAME_EXACT;HAS_XMLID_19
107,137,Reuniones: Rol Responsable,Reuniones,Responsable,68,Responsable,21,Capacitación,97,Capital Humano,sicpro_app_trabajadores.grupo_app_trabajador_capacitacion_responsable,60,ROLE_NAME_EXACT;HAS_XMLID_19
107,137,Reuniones: Rol Responsable,Reuniones,Responsable,70,Responsable,22,Seguridad y Salud,97,Capital Humano,sicpro_app_trabajadores.grupo_app_trabajador_seguridad_salud_responsable,60,ROLE_NAME_EXACT;HAS_XMLID_19
107,137,Reuniones: Rol Responsable,Reuniones,Responsable,75,Responsable,25,Control,109,Control de la información,sicpro_app_control_informacion.grupo_control_informacion_responsable,60,ROLE_NAME_EXACT;HAS_XMLID_19
107,137,Reuniones: Rol Responsable,Reuniones,Responsable,78,Responsable,26,Credenciales,97,Capital Humano,sicpro_app_credenciales.grupo_app_credenciales_responsable,60,ROLE_NAME_EXACT;HAS_XMLID_19
107,137,Reuniones: Rol Responsable,Reuniones,Responsable,82,Responsable,27,Medios Informáticos,112,Informática,sicpro_app_medios_informaticos.grupo_app_medios_informaticos_responsable,60,ROLE_NAME_EXACT;HAS_XMLID_19
107,137,Reuniones: Rol Responsable,Reuniones,Responsable,88,Responsable,29,Metrología,106,Activos y Herramientas,sicpro_app_metrologia.grupo_app_metrologia_responsable,60,ROLE_NAME_EXACT;HAS_XMLID_19
107,137,Reuniones: Rol Responsable,Reuniones,Responsable,93,Responsable,30,Repositorio DVPE.,107,Servicios Corporativos,sicpro_app_repositorio_institucional.group_repositorio_institucional_responsable,60,ROLE_NAME_EXACT;HAS_XMLID_19
107,137,Reuniones: Rol Responsable,Reuniones,Responsable,99,Administrator,31,Reuniones,105,Gestión de Reuniones,sicpro_app_reuniones.group_reuniones_admin,60,PRIVILEGE_EXACT;IMPLIED_COMMON:responsable;HAS_XMLID_19
107,137,Reuniones: Rol Responsable,Reuniones,Responsable,103,Responsable,32,Servicios Internos,107,Servicios Corporativos,sicpro_app_servicios_internos.grupo_app_internos_responsable,60,ROLE_NAME_EXACT;HAS_XMLID_19
107,137,Reuniones: Rol Responsable,Reuniones,Responsable,110,Responsable,34,Soporte,113,Soporte Técnico,sicpro_app_soporte.group_soporte_responsable,60,ROLE_NAME_EXACT;HAS_XMLID_19
107,137,Reuniones: Rol Responsable,Reuniones,Responsable,115,Responsable,36,Transporte,98,Transportación,sicpro_app_transporte.grupo_app_transporte_responsable,60,ROLE_NAME_EXACT;HAS_XMLID_19
107,137,Reuniones: Rol Responsable,Reuniones,Responsable,121,Responsable,38,Víveres Logística,111,Alimentación,sicpro_app_viveres.grupo_app_viveres_resumen_responsable,60,ROLE_NAME_EXACT;HAS_XMLID_19
107,137,Reuniones: Rol Responsable,Reuniones,Responsable,128,Responsable,40,Clientes,101,Solicitudes de Obras,sicpro_app_clientes.grupo_app_clientes_responsable,60,ROLE_NAME_EXACT;HAS_XMLID_19
107,137,Reuniones: Rol Responsable,Reuniones,Responsable,139,Responsable,43,Operaciones,110,Programa de la Vivienda,sicpro_app_programa_viviendas.grupo_app_vivienda_responsable,60,ROLE_NAME_EXACT;HAS_XMLID_19
107,137,Reuniones: Rol Responsable,Reuniones,Responsable,143,Responsable,44,Solicitudes,101,Solicitudes de Obras,sicpro_app_solicitudes.grupo_app_solicitud_responsable,60,ROLE_NAME_EXACT;HAS_XMLID_19
107,137,Reuniones: Rol Responsable,Reuniones,Responsable,151,Responsable,49,Especialista Ejecutor,101,Solicitudes de Obras,sicpro_app_solicitudes.grupo_app_grupos_ejecutor,60,ROLE_NAME_EXACT;HAS_XMLID_19
107,137,Reuniones: Rol Responsable,Reuniones,Responsable,154,Responsable,50,Usuarios Internos,103,Órdenes de Trabajo,sicpro_app_ordenes_trabajo.grupo_ordenes_responsable,60,ROLE_NAME_EXACT;HAS_XMLID_19
107,137,Reuniones: Rol Responsable,Reuniones,Responsable,167,Responsable,53,Transferencias,104,Gestión de Gastos,sicpro_app_transferencias_gastos.grupo_transferencias_responsable,60,ROLE_NAME_EXACT;HAS_XMLID_19
107,137,Reuniones: Rol Responsable,Reuniones,Responsable,95,Usuario,31,Reuniones,105,Gestión de Reuniones,sicpro_app_reuniones.group_reuniones_usuario,50,PRIVILEGE_EXACT;HAS_XMLID_19
107,137,Reuniones: Rol Responsable,Reuniones,Responsable,96,Secretaria,31,Reuniones,105,Gestión de Reuniones,sicpro_app_reuniones.group_reuniones_secretaria,50,PRIVILEGE_EXACT;HAS_XMLID_19
107,137,Reuniones: Rol Responsable,Reuniones,Responsable,97,Director,31,Reuniones,105,Gestión de Reuniones,sicpro_app_reuniones.group_reuniones_director,50,PRIVILEGE_EXACT;HAS_XMLID_19
107,137,Reuniones: Rol Responsable,Reuniones,Responsable,1,Role / User,,,,,base.group_user,25,PRIVILEGE_PARTIAL;HAS_XMLID_19
107,137,Reuniones: Rol Responsable,Reuniones,Responsable,2,Access Rights,,,,,base.group_erp_manager,25,PRIVILEGE_PARTIAL;HAS_XMLID_19
107,137,Reuniones: Rol Responsable,Reuniones,Responsable,3,Bypass HTML Field Sanitize,,,,,base.group_sanitize_override,25,PRIVILEGE_PARTIAL;HAS_XMLID_19
107,137,Reuniones: Rol Responsable,Reuniones,Responsable,4,Role / Administrator,,,,,base.group_system,25,PRIVILEGE_PARTIAL;HAS_XMLID_19
107,137,Reuniones: Rol Responsable,Reuniones,Responsable,5,Multi Companies,,,,,base.group_multi_company,25,PRIVILEGE_PARTIAL;HAS_XMLID_19
107,137,Reuniones: Rol Responsable,Reuniones,Responsable,6,Multi Currencies,,,,,base.group_multi_currency,25,PRIVILEGE_PARTIAL;HAS_XMLID_19
107,137,Reuniones: Rol Responsable,Reuniones,Responsable,7,Technical Features,,,,,base.group_no_one,25,PRIVILEGE_PARTIAL;HAS_XMLID_19
107,137,Reuniones: Rol Responsable,Reuniones,Responsable,10,Role / Portal,,,,,base.group_portal,25,PRIVILEGE_PARTIAL;HAS_XMLID_19
107,137,Reuniones: Rol Responsable,Reuniones,Responsable,11,Role / Public,,,,,base.group_public,25,PRIVILEGE_PARTIAL;HAS_XMLID_19
107,137,Reuniones: Rol Responsable,Reuniones,Responsable,12,Default access for new users,,,,,base.default_user_group,25,PRIVILEGE_PARTIAL;HAS_XMLID_19
107,137,Reuniones: Rol Responsable,Reuniones,Responsable,13,Technical Documentation,,,,,api_doc.group_allow_doc,25,PRIVILEGE_PARTIAL;HAS_XMLID_19
107,137,Reuniones: Rol Responsable,Reuniones,Responsable,15,Mail Template Editor,,,,,mail.group_mail_template_editor,25,PRIVILEGE_PARTIAL;HAS_XMLID_19
107,137,Reuniones: Rol Responsable,Reuniones,Responsable,16,Receive notifications in Odoo,,,,,mail.group_mail_notification_type_inbox,25,PRIVILEGE_PARTIAL;HAS_XMLID_19
107,137,Reuniones: Rol Responsable,Reuniones,Responsable,25,Menus y Accesos Obsoletos,,,,,sicpro_app_administracion.grupo_app_administracion_obsoletos,25,PRIVILEGE_PARTIAL;HAS_XMLID_19
107,137,Reuniones: Rol Responsable,Reuniones,Responsable,26,Manage Multiple Units of Measure,,,,,uom.group_uom,25,PRIVILEGE_PARTIAL;HAS_XMLID_19
107,137,Reuniones: Rol Responsable,Reuniones,Responsable,27,Analytic Accounting,,,,,analytic.group_analytic_accounting,25,PRIVILEGE_PARTIAL;HAS_XMLID_19
107,137,Reuniones: Rol Responsable,Reuniones,Responsable,32,Use Stages on Project,,,,,project.group_project_stages,25,PRIVILEGE_PARTIAL;HAS_XMLID_19
107,137,Reuniones: Rol Responsable,Reuniones,Responsable,33,Use Recurring Tasks,,,,,project.group_project_recurring_tasks,25,PRIVILEGE_PARTIAL;HAS_XMLID_19
107,137,Reuniones: Rol Responsable,Reuniones,Responsable,34,Use Task Dependencies,,,,,project.group_project_task_dependencies,25,PRIVILEGE_PARTIAL;HAS_XMLID_19
107,137,Reuniones: Rol Responsable,Reuniones,Responsable,35,Use Milestones,,,,,project.group_project_milestone,25,PRIVILEGE_PARTIAL;HAS_XMLID_19
107,137,Reuniones: Rol Responsable,Reuniones,Responsable,44,Consultas Postgres,,,,,sicpro_modulo_querydb.group_querydeluxe,25,PRIVILEGE_PARTIAL;HAS_XMLID_19
107,137,Reuniones: Rol Responsable,Reuniones,Responsable,40,Administrador,11,Salón de Clases,107,Servicios Corporativos,sicpro_app_salon_clases.grupo_app_salon_clases_admin,10,IMPLIED_COMMON:responsable;HAS_XMLID_19
107,137,Reuniones: Rol Responsable,Reuniones,Responsable,49,Administrador,15,CMI,108,Gestión de Producción,sicpro_app_cmi.grupo_app_cmi_admin,10,IMPLIED_COMMON:responsable;HAS_XMLID_19
107,137,Reuniones: Rol Responsable,Reuniones,Responsable,53,Administrador,16,Materiales e Insumos,102,Preparación Técnica,sicpro_app_materiales_insumos.grupo_app_materiales_insumos_admin,10,IMPLIED_COMMON:responsable;HAS_XMLID_19
107,137,Reuniones: Rol Responsable,Reuniones,Responsable,58,Administrador,18,Trabajadores,97,Capital Humano,sicpro_app_trabajadores.grupo_app_trabajador_admin,10,IMPLIED_COMMON:responsable;HAS_XMLID_19
107,137,Reuniones: Rol Responsable,Reuniones,Responsable,61,Administrador,19,Equipo Técnico,97,Capital Humano,sicpro_app_trabajadores.grupo_app_trabajador_equipos_admin,10,IMPLIED_COMMON:responsable;HAS_XMLID_19
107,137,Reuniones: Rol Responsable,Reuniones,Responsable,66,Administrador,20,Disciplinarias,97,Capital Humano,sicpro_app_trabajadores.grupo_app_trabajador_disciplina_admin,10,IMPLIED_COMMON:responsable;HAS_XMLID_19
107,137,Reuniones: Rol Responsable,Reuniones,Responsable,76,Administrador,25,Control,109,Control de la información,sicpro_app_control_informacion.grupo_control_informacion_admin,10,IMPLIED_COMMON:responsable;HAS_XMLID_19
107,137,Reuniones: Rol Responsable,Reuniones,Responsable,79,Administrador,26,Credenciales,97,Capital Humano,sicpro_app_credenciales.grupo_app_credenciales_admin,10,IMPLIED_COMMON:responsable;HAS_XMLID_19
107,137,Reuniones: Rol Responsable,Reuniones,Responsable,83,Administrador,27,Medios Informáticos,112,Informática,sicpro_app_medios_informaticos.grupo_app_medios_informaticos_admin,10,IMPLIED_COMMON:responsable;HAS_XMLID_19
107,137,Reuniones: Rol Responsable,Reuniones,Responsable,89,Administrador,29,Metrología,106,Activos y Herramientas,sicpro_app_metrologia.grupo_app_metrologia_admin,10,IMPLIED_COMMON:responsable;HAS_XMLID_19
107,137,Reuniones: Rol Responsable,Reuniones,Responsable,94,Administrador,30,Repositorio DVPE.,107,Servicios Corporativos,sicpro_app_repositorio_institucional.group_repositorio_institucional_admin,10,IMPLIED_COMMON:responsable;HAS_XMLID_19
107,137,Reuniones: Rol Responsable,Reuniones,Responsable,104,Administrador,32,Servicios Internos,107,Servicios Corporativos,sicpro_app_servicios_internos.grupo_app_internos_admin,10,IMPLIED_COMMON:responsable;HAS_XMLID_19
107,137,Reuniones: Rol Responsable,Reuniones,Responsable,111,Administrador,34,Soporte,113,Soporte Técnico,sicpro_app_soporte.group_soporte_admin,10,IMPLIED_COMMON:responsable;HAS_XMLID_19
107,137,Reuniones: Rol Responsable,Reuniones,Responsable,116,Administrador,36,Transporte,98,Transportación,sicpro_app_transporte.grupo_app_transporte_admin,10,IMPLIED_COMMON:responsable;HAS_XMLID_19
107,137,Reuniones: Rol Responsable,Reuniones,Responsable,122,Administrador,38,Víveres Logística,111,Alimentación,sicpro_app_viveres.grupo_app_viveres_admin,10,IMPLIED_COMMON:responsable;HAS_XMLID_19
107,137,Reuniones: Rol Responsable,Reuniones,Responsable,129,Administrador,40,Clientes,101,Solicitudes de Obras,sicpro_app_clientes.grupo_app_clientes_admin,10,IMPLIED_COMMON:responsable;HAS_XMLID_19
107,137,Reuniones: Rol Responsable,Reuniones,Responsable,140,Administrador,43,Operaciones,110,Programa de la Vivienda,sicpro_app_programa_viviendas.grupo_app_vivienda_admin,10,IMPLIED_COMMON:responsable;HAS_XMLID_19
107,137,Reuniones: Rol Responsable,Reuniones,Responsable,144,Administrador,44,Solicitudes,101,Solicitudes de Obras,sicpro_app_solicitudes.grupo_app_solicitud_admin,10,IMPLIED_COMMON:responsable;HAS_XMLID_19
107,137,Reuniones: Rol Responsable,Reuniones,Responsable,155,Administrador,50,Usuarios Internos,103,Órdenes de Trabajo,sicpro_app_ordenes_trabajo.grupo_ordenes_admin,10,IMPLIED_COMMON:responsable;HAS_XMLID_19
107,137,Reuniones: Rol Responsable,Reuniones,Responsable,168,Administrador,53,Transferencias,104,Gestión de Gastos,sicpro_app_transferencias_gastos.grupo_transferencias_admin,10,IMPLIED_COMMON:responsable;HAS_XMLID_19
108,138,Reuniones: Rol Administrador,Reuniones,Administrador,17,Administrador,4,Administrar SICPRO,94,Administración SICPRO ERP,sicpro_app_administracion.grupo_app_administracion_admin,60,ROLE_NAME_EXACT;HAS_XMLID_19
108,138,Reuniones: Rol Administrador,Reuniones,Administrador,40,Administrador,11,Salón de Clases,107,Servicios Corporativos,sicpro_app_salon_clases.grupo_app_salon_clases_admin,60,ROLE_NAME_EXACT;HAS_XMLID_19
108,138,Reuniones: Rol Administrador,Reuniones,Administrador,42,Administrador,12,Registros de auditoría,115,Registro de auditoría,sicpro_modulo_auditorias.group_auditlog_manager,60,ROLE_NAME_EXACT;HAS_XMLID_19
108,138,Reuniones: Rol Administrador,Reuniones,Administrador,43,Administrador,13,Nomencladores,94,Administración SICPRO ERP,sicpro_modulo_nomencladores.grupo_sicpro_nomencladores_admin,60,ROLE_NAME_EXACT;HAS_XMLID_19
108,138,Reuniones: Rol Administrador,Reuniones,Administrador,49,Administrador,15,CMI,108,Gestión de Producción,sicpro_app_cmi.grupo_app_cmi_admin,60,ROLE_NAME_EXACT;HAS_XMLID_19
108,138,Reuniones: Rol Administrador,Reuniones,Administrador,53,Administrador,16,Materiales e Insumos,102,Preparación Técnica,sicpro_app_materiales_insumos.grupo_app_materiales_insumos_admin,60,ROLE_NAME_EXACT;HAS_XMLID_19
108,138,Reuniones: Rol Administrador,Reuniones,Administrador,58,Administrador,18,Trabajadores,97,Capital Humano,sicpro_app_trabajadores.grupo_app_trabajador_admin,60,ROLE_NAME_EXACT;HAS_XMLID_19
108,138,Reuniones: Rol Administrador,Reuniones,Administrador,61,Administrador,19,Equipo Técnico,97,Capital Humano,sicpro_app_trabajadores.grupo_app_trabajador_equipos_admin,60,ROLE_NAME_EXACT;HAS_XMLID_19
108,138,Reuniones: Rol Administrador,Reuniones,Administrador,66,Administrador,20,Disciplinarias,97,Capital Humano,sicpro_app_trabajadores.grupo_app_trabajador_disciplina_admin,60,ROLE_NAME_EXACT;HAS_XMLID_19
108,138,Reuniones: Rol Administrador,Reuniones,Administrador,76,Administrador,25,Control,109,Control de la información,sicpro_app_control_informacion.grupo_control_informacion_admin,60,ROLE_NAME_EXACT;HAS_XMLID_19
108,138,Reuniones: Rol Administrador,Reuniones,Administrador,79,Administrador,26,Credenciales,97,Capital Humano,sicpro_app_credenciales.grupo_app_credenciales_admin,60,ROLE_NAME_EXACT;HAS_XMLID_19
108,138,Reuniones: Rol Administrador,Reuniones,Administrador,83,Administrador,27,Medios Informáticos,112,Informática,sicpro_app_medios_informaticos.grupo_app_medios_informaticos_admin,60,ROLE_NAME_EXACT;HAS_XMLID_19
108,138,Reuniones: Rol Administrador,Reuniones,Administrador,89,Administrador,29,Metrología,106,Activos y Herramientas,sicpro_app_metrologia.grupo_app_metrologia_admin,60,ROLE_NAME_EXACT;HAS_XMLID_19
108,138,Reuniones: Rol Administrador,Reuniones,Administrador,94,Administrador,30,Repositorio DVPE.,107,Servicios Corporativos,sicpro_app_repositorio_institucional.group_repositorio_institucional_admin,60,ROLE_NAME_EXACT;HAS_XMLID_19
108,138,Reuniones: Rol Administrador,Reuniones,Administrador,104,Administrador,32,Servicios Internos,107,Servicios Corporativos,sicpro_app_servicios_internos.grupo_app_internos_admin,60,ROLE_NAME_EXACT;HAS_XMLID_19
108,138,Reuniones: Rol Administrador,Reuniones,Administrador,111,Administrador,34,Soporte,113,Soporte Técnico,sicpro_app_soporte.group_soporte_admin,60,ROLE_NAME_EXACT;HAS_XMLID_19
108,138,Reuniones: Rol Administrador,Reuniones,Administrador,116,Administrador,36,Transporte,98,Transportación,sicpro_app_transporte.grupo_app_transporte_admin,60,ROLE_NAME_EXACT;HAS_XMLID_19
108,138,Reuniones: Rol Administrador,Reuniones,Administrador,122,Administrador,38,Víveres Logística,111,Alimentación,sicpro_app_viveres.grupo_app_viveres_admin,60,ROLE_NAME_EXACT;HAS_XMLID_19
108,138,Reuniones: Rol Administrador,Reuniones,Administrador,129,Administrador,40,Clientes,101,Solicitudes de Obras,sicpro_app_clientes.grupo_app_clientes_admin,60,ROLE_NAME_EXACT;HAS_XMLID_19
108,138,Reuniones: Rol Administrador,Reuniones,Administrador,132,Administrador,41,Instrucciones,97,Capital Humano,sicpro_app_instrucciones.grupo_app_instruciones_admin,60,ROLE_NAME_EXACT;HAS_XMLID_19
108,138,Reuniones: Rol Administrador,Reuniones,Administrador,140,Administrador,43,Operaciones,110,Programa de la Vivienda,sicpro_app_programa_viviendas.grupo_app_vivienda_admin,60,ROLE_NAME_EXACT;HAS_XMLID_19
108,138,Reuniones: Rol Administrador,Reuniones,Administrador,144,Administrador,44,Solicitudes,101,Solicitudes de Obras,sicpro_app_solicitudes.grupo_app_solicitud_admin,60,ROLE_NAME_EXACT;HAS_XMLID_19
108,138,Reuniones: Rol Administrador,Reuniones,Administrador,155,Administrador,50,Usuarios Internos,103,Órdenes de Trabajo,sicpro_app_ordenes_trabajo.grupo_ordenes_admin,60,ROLE_NAME_EXACT;HAS_XMLID_19
108,138,Reuniones: Rol Administrador,Reuniones,Administrador,168,Administrador,53,Transferencias,104,Gestión de Gastos,sicpro_app_transferencias_gastos.grupo_transferencias_admin,60,ROLE_NAME_EXACT;HAS_XMLID_19
108,138,Reuniones: Rol Administrador,Reuniones,Administrador,95,Usuario,31,Reuniones,105,Gestión de Reuniones,sicpro_app_reuniones.group_reuniones_usuario,50,PRIVILEGE_EXACT;HAS_XMLID_19
108,138,Reuniones: Rol Administrador,Reuniones,Administrador,96,Secretaria,31,Reuniones,105,Gestión de Reuniones,sicpro_app_reuniones.group_reuniones_secretaria,50,PRIVILEGE_EXACT;HAS_XMLID_19
108,138,Reuniones: Rol Administrador,Reuniones,Administrador,97,Director,31,Reuniones,105,Gestión de Reuniones,sicpro_app_reuniones.group_reuniones_director,50,PRIVILEGE_EXACT;HAS_XMLID_19
108,138,Reuniones: Rol Administrador,Reuniones,Administrador,98,Responsable,31,Reuniones,105,Gestión de Reuniones,sicpro_app_reuniones.group_reuniones_responsable,50,PRIVILEGE_EXACT;HAS_XMLID_19
108,138,Reuniones: Rol Administrador,Reuniones,Administrador,99,Administrator,31,Reuniones,105,Gestión de Reuniones,sicpro_app_reuniones.group_reuniones_admin,50,PRIVILEGE_EXACT;HAS_XMLID_19
108,138,Reuniones: Rol Administrador,Reuniones,Administrador,1,Role / User,,,,,base.group_user,25,PRIVILEGE_PARTIAL;HAS_XMLID_19
108,138,Reuniones: Rol Administrador,Reuniones,Administrador,2,Access Rights,,,,,base.group_erp_manager,25,PRIVILEGE_PARTIAL;HAS_XMLID_19
108,138,Reuniones: Rol Administrador,Reuniones,Administrador,3,Bypass HTML Field Sanitize,,,,,base.group_sanitize_override,25,PRIVILEGE_PARTIAL;HAS_XMLID_19
108,138,Reuniones: Rol Administrador,Reuniones,Administrador,4,Role / Administrator,,,,,base.group_system,25,PRIVILEGE_PARTIAL;HAS_XMLID_19
108,138,Reuniones: Rol Administrador,Reuniones,Administrador,5,Multi Companies,,,,,base.group_multi_company,25,PRIVILEGE_PARTIAL;HAS_XMLID_19
108,138,Reuniones: Rol Administrador,Reuniones,Administrador,6,Multi Currencies,,,,,base.group_multi_currency,25,PRIVILEGE_PARTIAL;HAS_XMLID_19
108,138,Reuniones: Rol Administrador,Reuniones,Administrador,7,Technical Features,,,,,base.group_no_one,25,PRIVILEGE_PARTIAL;HAS_XMLID_19
108,138,Reuniones: Rol Administrador,Reuniones,Administrador,10,Role / Portal,,,,,base.group_portal,25,PRIVILEGE_PARTIAL;HAS_XMLID_19
108,138,Reuniones: Rol Administrador,Reuniones,Administrador,11,Role / Public,,,,,base.group_public,25,PRIVILEGE_PARTIAL;HAS_XMLID_19
108,138,Reuniones: Rol Administrador,Reuniones,Administrador,12,Default access for new users,,,,,base.default_user_group,25,PRIVILEGE_PARTIAL;HAS_XMLID_19
108,138,Reuniones: Rol Administrador,Reuniones,Administrador,13,Technical Documentation,,,,,api_doc.group_allow_doc,25,PRIVILEGE_PARTIAL;HAS_XMLID_19
108,138,Reuniones: Rol Administrador,Reuniones,Administrador,15,Mail Template Editor,,,,,mail.group_mail_template_editor,25,PRIVILEGE_PARTIAL;HAS_XMLID_19
108,138,Reuniones: Rol Administrador,Reuniones,Administrador,16,Receive notifications in Odoo,,,,,mail.group_mail_notification_type_inbox,25,PRIVILEGE_PARTIAL;HAS_XMLID_19
108,138,Reuniones: Rol Administrador,Reuniones,Administrador,25,Menus y Accesos Obsoletos,,,,,sicpro_app_administracion.grupo_app_administracion_obsoletos,25,PRIVILEGE_PARTIAL;HAS_XMLID_19
108,138,Reuniones: Rol Administrador,Reuniones,Administrador,26,Manage Multiple Units of Measure,,,,,uom.group_uom,25,PRIVILEGE_PARTIAL;HAS_XMLID_19
108,138,Reuniones: Rol Administrador,Reuniones,Administrador,27,Analytic Accounting,,,,,analytic.group_analytic_accounting,25,PRIVILEGE_PARTIAL;HAS_XMLID_19
108,138,Reuniones: Rol Administrador,Reuniones,Administrador,32,Use Stages on Project,,,,,project.group_project_stages,25,PRIVILEGE_PARTIAL;HAS_XMLID_19
108,138,Reuniones: Rol Administrador,Reuniones,Administrador,33,Use Recurring Tasks,,,,,project.group_project_recurring_tasks,25,PRIVILEGE_PARTIAL;HAS_XMLID_19
108,138,Reuniones: Rol Administrador,Reuniones,Administrador,34,Use Task Dependencies,,,,,project.group_project_task_dependencies,25,PRIVILEGE_PARTIAL;HAS_XMLID_19
108,138,Reuniones: Rol Administrador,Reuniones,Administrador,35,Use Milestones,,,,,project.group_project_milestone,25,PRIVILEGE_PARTIAL;HAS_XMLID_19
108,138,Reuniones: Rol Administrador,Reuniones,Administrador,44,Consultas Postgres,,,,,sicpro_modulo_querydb.group_querydeluxe,25,PRIVILEGE_PARTIAL;HAS_XMLID_19
109,139,Documental: Rol Usuario,Documental,Usuario,36,Usuario,10,Gestor Documental,107,Servicios Corporativos,sicpro_app_gestor_documental.group_document_user,85,ROLE_NAME_EXACT;PRIVILEGE_PARTIAL;HAS_XMLID_19
109,139,Documental: Rol Usuario,Documental,Usuario,38,Usuario,11,Salón de Clases,107,Servicios Corporativos,sicpro_app_salon_clases.grupo_app_salon_clases_usuario,60,ROLE_NAME_EXACT;HAS_XMLID_19
109,139,Documental: Rol Usuario,Documental,Usuario,41,Usuario,12,Registros de auditoría,115,Registro de auditoría,sicpro_modulo_auditorias.group_auditlog_user,60,ROLE_NAME_EXACT;HAS_XMLID_19
109,139,Documental: Rol Usuario,Documental,Usuario,90,Usuario,30,Repositorio DVPE.,107,Servicios Corporativos,sicpro_app_repositorio_institucional.group_repositorio_institucional_user,60,ROLE_NAME_EXACT;HAS_XMLID_19
109,139,Documental: Rol Usuario,Documental,Usuario,95,Usuario,31,Reuniones,105,Gestión de Reuniones,sicpro_app_reuniones.group_reuniones_usuario,60,ROLE_NAME_EXACT;HAS_XMLID_19
109,139,Documental: Rol Usuario,Documental,Usuario,100,Usuario,32,Servicios Internos,107,Servicios Corporativos,sicpro_app_servicios_internos.grupo_app_internos_usuario,60,ROLE_NAME_EXACT;HAS_XMLID_19
109,139,Documental: Rol Usuario,Documental,Usuario,105,Usuario,33,Solicitudes de S.I.,107,Servicios Corporativos,sicpro_app_servicios_internos.grupo_app_internos_solicitudes_usuario,60,ROLE_NAME_EXACT;HAS_XMLID_19
109,139,Documental: Rol Usuario,Documental,Usuario,134,Usuario,43,Operaciones,110,Programa de la Vivienda,sicpro_app_programa_viviendas.grupo_app_vivienda_visualizar,60,ROLE_NAME_EXACT;HAS_XMLID_19
109,139,Documental: Rol Usuario,Documental,Usuario,37,Ejecutor,10,Gestor Documental,107,Servicios Corporativos,sicpro_app_gestor_documental.group_document_manager,35,PRIVILEGE_PARTIAL;IMPLIED_COMMON:usuario;HAS_XMLID_19
109,139,Documental: Rol Usuario,Documental,Usuario,46,Usuarios,15,CMI,108,Gestión de Producción,sicpro_app_cmi.grupo_app_cmi_usuario,35,ROLE_NAME_PARTIAL;HAS_XMLID_19
109,139,Documental: Rol Usuario,Documental,Usuario,50,Usuarios,16,Materiales e Insumos,102,Preparación Técnica,sicpro_app_materiales_insumos.grupo_app_materiales_insumos_usuario,35,ROLE_NAME_PARTIAL;HAS_XMLID_19
109,139,Documental: Rol Usuario,Documental,Usuario,54,Usuarios,17,Usuario del Proceso,97,Capital Humano,sicpro_app_trabajadores.grupo_app_trabajador_usuario_proceso,35,ROLE_NAME_PARTIAL;HAS_XMLID_19
109,139,Documental: Rol Usuario,Documental,Usuario,86,Usuarios,29,Metrología,106,Activos y Herramientas,sicpro_app_metrologia.grupo_app_metrologia_usuario,35,ROLE_NAME_PARTIAL;HAS_XMLID_19
109,139,Documental: Rol Usuario,Documental,Usuario,113,Usuarios,36,Transporte,98,Transportación,sicpro_app_transporte.grupo_app_transporte_usuario,35,ROLE_NAME_PARTIAL;HAS_XMLID_19
109,139,Documental: Rol Usuario,Documental,Usuario,117,Usuarios,37,Piquera,98,Transportación,sicpro_app_transporte.grupo_app_transporte_piquera_usuario,35,ROLE_NAME_PARTIAL;HAS_XMLID_19
109,139,Documental: Rol Usuario,Documental,Usuario,126,Usuarios,40,Clientes,101,Solicitudes de Obras,sicpro_app_clientes.grupo_app_clientes_usuario,35,ROLE_NAME_PARTIAL;HAS_XMLID_19
109,139,Documental: Rol Usuario,Documental,Usuario,130,Usuarios,41,Instrucciones,97,Capital Humano,sicpro_app_instrucciones.grupo_app_instruciones_usuario,35,ROLE_NAME_PARTIAL;HAS_XMLID_19
109,139,Documental: Rol Usuario,Documental,Usuario,141,Usuarios,44,Solicitudes,101,Solicitudes de Obras,sicpro_app_solicitudes.grupo_app_solicitud_usuario,35,ROLE_NAME_PARTIAL;HAS_XMLID_19
109,139,Documental: Rol Usuario,Documental,Usuario,1,Role / User,,,,,base.group_user,25,PRIVILEGE_PARTIAL;HAS_XMLID_19
109,139,Documental: Rol Usuario,Documental,Usuario,2,Access Rights,,,,,base.group_erp_manager,25,PRIVILEGE_PARTIAL;HAS_XMLID_19
109,139,Documental: Rol Usuario,Documental,Usuario,3,Bypass HTML Field Sanitize,,,,,base.group_sanitize_override,25,PRIVILEGE_PARTIAL;HAS_XMLID_19
109,139,Documental: Rol Usuario,Documental,Usuario,4,Role / Administrator,,,,,base.group_system,25,PRIVILEGE_PARTIAL;HAS_XMLID_19
109,139,Documental: Rol Usuario,Documental,Usuario,5,Multi Companies,,,,,base.group_multi_company,25,PRIVILEGE_PARTIAL;HAS_XMLID_19
109,139,Documental: Rol Usuario,Documental,Usuario,6,Multi Currencies,,,,,base.group_multi_currency,25,PRIVILEGE_PARTIAL;HAS_XMLID_19
109,139,Documental: Rol Usuario,Documental,Usuario,7,Technical Features,,,,,base.group_no_one,25,PRIVILEGE_PARTIAL;HAS_XMLID_19
109,139,Documental: Rol Usuario,Documental,Usuario,10,Role / Portal,,,,,base.group_portal,25,PRIVILEGE_PARTIAL;HAS_XMLID_19
109,139,Documental: Rol Usuario,Documental,Usuario,11,Role / Public,,,,,base.group_public,25,PRIVILEGE_PARTIAL;HAS_XMLID_19
109,139,Documental: Rol Usuario,Documental,Usuario,12,Default access for new users,,,,,base.default_user_group,25,PRIVILEGE_PARTIAL;HAS_XMLID_19
109,139,Documental: Rol Usuario,Documental,Usuario,13,Technical Documentation,,,,,api_doc.group_allow_doc,25,PRIVILEGE_PARTIAL;HAS_XMLID_19
109,139,Documental: Rol Usuario,Documental,Usuario,15,Mail Template Editor,,,,,mail.group_mail_template_editor,25,PRIVILEGE_PARTIAL;HAS_XMLID_19
109,139,Documental: Rol Usuario,Documental,Usuario,16,Receive notifications in Odoo,,,,,mail.group_mail_notification_type_inbox,25,PRIVILEGE_PARTIAL;HAS_XMLID_19
109,139,Documental: Rol Usuario,Documental,Usuario,25,Menus y Accesos Obsoletos,,,,,sicpro_app_administracion.grupo_app_administracion_obsoletos,25,PRIVILEGE_PARTIAL;HAS_XMLID_19
109,139,Documental: Rol Usuario,Documental,Usuario,26,Manage Multiple Units of Measure,,,,,uom.group_uom,25,PRIVILEGE_PARTIAL;HAS_XMLID_19
109,139,Documental: Rol Usuario,Documental,Usuario,27,Analytic Accounting,,,,,analytic.group_analytic_accounting,25,PRIVILEGE_PARTIAL;HAS_XMLID_19
109,139,Documental: Rol Usuario,Documental,Usuario,32,Use Stages on Project,,,,,project.group_project_stages,25,PRIVILEGE_PARTIAL;HAS_XMLID_19
109,139,Documental: Rol Usuario,Documental,Usuario,33,Use Recurring Tasks,,,,,project.group_project_recurring_tasks,25,PRIVILEGE_PARTIAL;HAS_XMLID_19
109,139,Documental: Rol Usuario,Documental,Usuario,34,Use Task Dependencies,,,,,project.group_project_task_dependencies,25,PRIVILEGE_PARTIAL;HAS_XMLID_19
109,139,Documental: Rol Usuario,Documental,Usuario,35,Use Milestones,,,,,project.group_project_milestone,25,PRIVILEGE_PARTIAL;HAS_XMLID_19
109,139,Documental: Rol Usuario,Documental,Usuario,44,Consultas Postgres,,,,,sicpro_modulo_querydb.group_querydeluxe,25,PRIVILEGE_PARTIAL;HAS_XMLID_19
109,139,Documental: Rol Usuario,Documental,Usuario,39,Responsable,11,Salón de Clases,107,Servicios Corporativos,sicpro_app_salon_clases.grupo_app_salon_clases_responsable,10,IMPLIED_COMMON:usuario;HAS_XMLID_19
109,139,Documental: Rol Usuario,Documental,Usuario,42,Administrador,12,Registros de auditoría,115,Registro de auditoría,sicpro_modulo_auditorias.group_auditlog_manager,10,IMPLIED_COMMON:usuario;HAS_XMLID_19
109,139,Documental: Rol Usuario,Documental,Usuario,91,Creador,30,Repositorio DVPE.,107,Servicios Corporativos,sicpro_app_repositorio_institucional.group_repositorio_institucional_creador,10,IMPLIED_COMMON:usuario;HAS_XMLID_19
109,139,Documental: Rol Usuario,Documental,Usuario,96,Secretaria,31,Reuniones,105,Gestión de Reuniones,sicpro_app_reuniones.group_reuniones_secretaria,10,IMPLIED_COMMON:usuario;HAS_XMLID_19
109,139,Documental: Rol Usuario,Documental,Usuario,101,Ejecutor de Servicios,32,Servicios Internos,107,Servicios Corporativos,sicpro_app_servicios_internos.grupo_app_internos_ejecutor_servicios,10,IMPLIED_COMMON:usuario;HAS_XMLID_19
109,139,Documental: Rol Usuario,Documental,Usuario,106,Ejecutor de Solicitud,33,Solicitudes de S.I.,107,Servicios Corporativos,sicpro_app_servicios_internos.grupo_app_internos_solicitudes_ejecutor,10,IMPLIED_COMMON:usuario;HAS_XMLID_19
109,139,Documental: Rol Usuario,Documental,Usuario,135,Secretario general,43,Operaciones,110,Programa de la Vivienda,sicpro_app_programa_viviendas.grupo_app_vivienda_secretario_general,10,IMPLIED_COMMON:usuario;HAS_XMLID_19
110,140,Documental: Rol Ejecutor,Documental,Ejecutor,37,Ejecutor,10,Gestor Documental,107,Servicios Corporativos,sicpro_app_gestor_documental.group_document_manager,85,ROLE_NAME_EXACT;PRIVILEGE_PARTIAL;HAS_XMLID_19
110,140,Documental: Rol Ejecutor,Documental,Ejecutor,47,Ejecutor,15,CMI,108,Gestión de Producción,sicpro_app_cmi.grupo_app_cmi_ejecutor,60,ROLE_NAME_EXACT;HAS_XMLID_19
110,140,Documental: Rol Ejecutor,Documental,Ejecutor,51,Ejecutor,16,Materiales e Insumos,102,Preparación Técnica,sicpro_app_materiales_insumos.grupo_app_materiales_insumos_ejecutor,60,ROLE_NAME_EXACT;HAS_XMLID_19
110,140,Documental: Rol Ejecutor,Documental,Ejecutor,69,Ejecutor,22,Seguridad y Salud,97,Capital Humano,sicpro_app_trabajadores.grupo_app_trabajador_seguridad_salud,60,ROLE_NAME_EXACT;HAS_XMLID_19
110,140,Documental: Rol Ejecutor,Documental,Ejecutor,72,Ejecutor,23,Ejecutor,109,Control de la información,sicpro_app_control_informacion.grupo_control_informacion_ejecutor,60,ROLE_NAME_EXACT;HAS_XMLID_19
110,140,Documental: Rol Ejecutor,Documental,Ejecutor,87,Ejecutor,29,Metrología,106,Activos y Herramientas,sicpro_app_metrologia.grupo_app_metrologia_ejecutor,60,ROLE_NAME_EXACT;HAS_XMLID_19
110,140,Documental: Rol Ejecutor,Documental,Ejecutor,109,Ejecutor,34,Soporte,113,Soporte Técnico,sicpro_app_soporte.group_soporte_ejecutor,60,ROLE_NAME_EXACT;HAS_XMLID_19
110,140,Documental: Rol Ejecutor,Documental,Ejecutor,114,Ejecutor,36,Transporte,98,Transportación,sicpro_app_transporte.grupo_app_transporte_ejecutor,60,ROLE_NAME_EXACT;HAS_XMLID_19
110,140,Documental: Rol Ejecutor,Documental,Ejecutor,118,Ejecutor,37,Piquera,98,Transportación,sicpro_app_transporte.grupo_app_transporte_piquera_ejecutor,60,ROLE_NAME_EXACT;HAS_XMLID_19
110,140,Documental: Rol Ejecutor,Documental,Ejecutor,120,Ejecutor,38,Víveres Logística,111,Alimentación,sicpro_app_viveres.grupo_app_viveres_resumen_ejecutor,60,ROLE_NAME_EXACT;HAS_XMLID_19
110,140,Documental: Rol Ejecutor,Documental,Ejecutor,124,Ejecutor,39,Víveres Áreas,111,Alimentación,sicpro_app_viveres.grupo_app_viveres_areas_ejecutor,60,ROLE_NAME_EXACT;HAS_XMLID_19
110,140,Documental: Rol Ejecutor,Documental,Ejecutor,127,Ejecutor,40,Clientes,101,Solicitudes de Obras,sicpro_app_clientes.grupo_app_clientes_ejecutor,60,ROLE_NAME_EXACT;HAS_XMLID_19
110,140,Documental: Rol Ejecutor,Documental,Ejecutor,145,Ejecutor,45,Inversionistas,101,Solicitudes de Obras,sicpro_app_solicitudes.grupo_app_iniciativas_ejecutor,60,ROLE_NAME_EXACT;HAS_XMLID_19
110,140,Documental: Rol Ejecutor,Documental,Ejecutor,147,Ejecutor,46,Negociación,101,Solicitudes de Obras,sicpro_app_solicitudes.grupo_app_negocio_ejecutor,60,ROLE_NAME_EXACT;HAS_XMLID_19
110,140,Documental: Rol Ejecutor,Documental,Ejecutor,148,Ejecutor,47,Revisión del Negocio,101,Solicitudes de Obras,sicpro_app_solicitudes.grupo_app_negocio_pg_ejecutor,60,ROLE_NAME_EXACT;HAS_XMLID_19
110,140,Documental: Rol Ejecutor,Documental,Ejecutor,149,Ejecutor,48,Distribuidores,101,Solicitudes de Obras,sicpro_app_solicitudes.grupo_app_ejecutor_ejecutor,60,ROLE_NAME_EXACT;HAS_XMLID_19
110,140,Documental: Rol Ejecutor,Documental,Ejecutor,101,Ejecutor de Servicios,32,Servicios Internos,107,Servicios Corporativos,sicpro_app_servicios_internos.grupo_app_internos_ejecutor_servicios,35,ROLE_NAME_PARTIAL;HAS_XMLID_19
110,140,Documental: Rol Ejecutor,Documental,Ejecutor,102,Ejecutor Corporativo,32,Servicios Internos,107,Servicios Corporativos,sicpro_app_servicios_internos.grupo_app_internos_ejecutor_interno,35,ROLE_NAME_PARTIAL;HAS_XMLID_19
110,140,Documental: Rol Ejecutor,Documental,Ejecutor,106,Ejecutor de Solicitud,33,Solicitudes de S.I.,107,Servicios Corporativos,sicpro_app_servicios_internos.grupo_app_internos_solicitudes_ejecutor,35,ROLE_NAME_PARTIAL;HAS_XMLID_19
110,140,Documental: Rol Ejecutor,Documental,Ejecutor,164,Gestión del Ejecutor,53,Transferencias,104,Gestión de Gastos,sicpro_app_transferencias_gastos.grupo_transferencias_ejecutores_procesos,35,ROLE_NAME_PARTIAL;HAS_XMLID_19
110,140,Documental: Rol Ejecutor,Documental,Ejecutor,1,Role / User,,,,,base.group_user,25,PRIVILEGE_PARTIAL;HAS_XMLID_19
110,140,Documental: Rol Ejecutor,Documental,Ejecutor,2,Access Rights,,,,,base.group_erp_manager,25,PRIVILEGE_PARTIAL;HAS_XMLID_19
110,140,Documental: Rol Ejecutor,Documental,Ejecutor,3,Bypass HTML Field Sanitize,,,,,base.group_sanitize_override,25,PRIVILEGE_PARTIAL;HAS_XMLID_19
110,140,Documental: Rol Ejecutor,Documental,Ejecutor,4,Role / Administrator,,,,,base.group_system,25,PRIVILEGE_PARTIAL;HAS_XMLID_19
110,140,Documental: Rol Ejecutor,Documental,Ejecutor,5,Multi Companies,,,,,base.group_multi_company,25,PRIVILEGE_PARTIAL;HAS_XMLID_19
110,140,Documental: Rol Ejecutor,Documental,Ejecutor,6,Multi Currencies,,,,,base.group_multi_currency,25,PRIVILEGE_PARTIAL;HAS_XMLID_19
110,140,Documental: Rol Ejecutor,Documental,Ejecutor,7,Technical Features,,,,,base.group_no_one,25,PRIVILEGE_PARTIAL;HAS_XMLID_19
110,140,Documental: Rol Ejecutor,Documental,Ejecutor,10,Role / Portal,,,,,base.group_portal,25,PRIVILEGE_PARTIAL;HAS_XMLID_19
110,140,Documental: Rol Ejecutor,Documental,Ejecutor,11,Role / Public,,,,,base.group_public,25,PRIVILEGE_PARTIAL;HAS_XMLID_19
110,140,Documental: Rol Ejecutor,Documental,Ejecutor,12,Default access for new users,,,,,base.default_user_group,25,PRIVILEGE_PARTIAL;HAS_XMLID_19
110,140,Documental: Rol Ejecutor,Documental,Ejecutor,13,Technical Documentation,,,,,api_doc.group_allow_doc,25,PRIVILEGE_PARTIAL;HAS_XMLID_19
110,140,Documental: Rol Ejecutor,Documental,Ejecutor,15,Mail Template Editor,,,,,mail.group_mail_template_editor,25,PRIVILEGE_PARTIAL;HAS_XMLID_19
110,140,Documental: Rol Ejecutor,Documental,Ejecutor,16,Receive notifications in Odoo,,,,,mail.group_mail_notification_type_inbox,25,PRIVILEGE_PARTIAL;HAS_XMLID_19
110,140,Documental: Rol Ejecutor,Documental,Ejecutor,25,Menus y Accesos Obsoletos,,,,,sicpro_app_administracion.grupo_app_administracion_obsoletos,25,PRIVILEGE_PARTIAL;HAS_XMLID_19
110,140,Documental: Rol Ejecutor,Documental,Ejecutor,26,Manage Multiple Units of Measure,,,,,uom.group_uom,25,PRIVILEGE_PARTIAL;HAS_XMLID_19
110,140,Documental: Rol Ejecutor,Documental,Ejecutor,27,Analytic Accounting,,,,,analytic.group_analytic_accounting,25,PRIVILEGE_PARTIAL;HAS_XMLID_19
110,140,Documental: Rol Ejecutor,Documental,Ejecutor,32,Use Stages on Project,,,,,project.group_project_stages,25,PRIVILEGE_PARTIAL;HAS_XMLID_19
110,140,Documental: Rol Ejecutor,Documental,Ejecutor,33,Use Recurring Tasks,,,,,project.group_project_recurring_tasks,25,PRIVILEGE_PARTIAL;HAS_XMLID_19
110,140,Documental: Rol Ejecutor,Documental,Ejecutor,34,Use Task Dependencies,,,,,project.group_project_task_dependencies,25,PRIVILEGE_PARTIAL;HAS_XMLID_19
110,140,Documental: Rol Ejecutor,Documental,Ejecutor,35,Use Milestones,,,,,project.group_project_milestone,25,PRIVILEGE_PARTIAL;HAS_XMLID_19
110,140,Documental: Rol Ejecutor,Documental,Ejecutor,36,Usuario,10,Gestor Documental,107,Servicios Corporativos,sicpro_app_gestor_documental.group_document_user,25,PRIVILEGE_PARTIAL;HAS_XMLID_19
110,140,Documental: Rol Ejecutor,Documental,Ejecutor,44,Consultas Postgres,,,,,sicpro_modulo_querydb.group_querydeluxe,25,PRIVILEGE_PARTIAL;HAS_XMLID_19
110,140,Documental: Rol Ejecutor,Documental,Ejecutor,48,Responsable,15,CMI,108,Gestión de Producción,sicpro_app_cmi.grupo_app_cmi_responsable,10,IMPLIED_COMMON:ejecutor;HAS_XMLID_19
110,140,Documental: Rol Ejecutor,Documental,Ejecutor,52,Responsable,16,Materiales e Insumos,102,Preparación Técnica,sicpro_app_materiales_insumos.grupo_app_materiales_insumos_responsable,10,IMPLIED_COMMON:ejecutor;HAS_XMLID_19
110,140,Documental: Rol Ejecutor,Documental,Ejecutor,70,Responsable,22,Seguridad y Salud,97,Capital Humano,sicpro_app_trabajadores.grupo_app_trabajador_seguridad_salud_responsable,10,IMPLIED_COMMON:ejecutor;HAS_XMLID_19
110,140,Documental: Rol Ejecutor,Documental,Ejecutor,88,Responsable,29,Metrología,106,Activos y Herramientas,sicpro_app_metrologia.grupo_app_metrologia_responsable,10,IMPLIED_COMMON:ejecutor;HAS_XMLID_19
110,140,Documental: Rol Ejecutor,Documental,Ejecutor,110,Responsable,34,Soporte,113,Soporte Técnico,sicpro_app_soporte.group_soporte_responsable,10,IMPLIED_COMMON:ejecutor;HAS_XMLID_19
110,140,Documental: Rol Ejecutor,Documental,Ejecutor,115,Responsable,36,Transporte,98,Transportación,sicpro_app_transporte.grupo_app_transporte_responsable,10,IMPLIED_COMMON:ejecutor;HAS_XMLID_19
110,140,Documental: Rol Ejecutor,Documental,Ejecutor,121,Responsable,38,Víveres Logística,111,Alimentación,sicpro_app_viveres.grupo_app_viveres_resumen_responsable,10,IMPLIED_COMMON:ejecutor;HAS_XMLID_19
110,140,Documental: Rol Ejecutor,Documental,Ejecutor,125,Jefe,39,Víveres Áreas,111,Alimentación,sicpro_app_viveres.grupo_app_viveres_areas_responsable,10,IMPLIED_COMMON:ejecutor;HAS_XMLID_19
110,140,Documental: Rol Ejecutor,Documental,Ejecutor,128,Responsable,40,Clientes,101,Solicitudes de Obras,sicpro_app_clientes.grupo_app_clientes_responsable,10,IMPLIED_COMMON:ejecutor;HAS_XMLID_19
110,140,Documental: Rol Ejecutor,Documental,Ejecutor,146,Territorial,45,Inversionistas,101,Solicitudes de Obras,sicpro_app_solicitudes.grupo_app_iniciativas_territorios,10,IMPLIED_COMMON:ejecutor;HAS_XMLID_19
111,141,Soporte: Rol Ejecutor,Soporte,Ejecutor,109,Ejecutor,34,Soporte,113,Soporte Técnico,sicpro_app_soporte.group_soporte_ejecutor,110,ROLE_NAME_EXACT;PRIVILEGE_EXACT;HAS_XMLID_19
111,141,Soporte: Rol Ejecutor,Soporte,Ejecutor,37,Ejecutor,10,Gestor Documental,107,Servicios Corporativos,sicpro_app_gestor_documental.group_document_manager,60,ROLE_NAME_EXACT;HAS_XMLID_19
111,141,Soporte: Rol Ejecutor,Soporte,Ejecutor,47,Ejecutor,15,CMI,108,Gestión de Producción,sicpro_app_cmi.grupo_app_cmi_ejecutor,60,ROLE_NAME_EXACT;HAS_XMLID_19
111,141,Soporte: Rol Ejecutor,Soporte,Ejecutor,51,Ejecutor,16,Materiales e Insumos,102,Preparación Técnica,sicpro_app_materiales_insumos.grupo_app_materiales_insumos_ejecutor,60,ROLE_NAME_EXACT;HAS_XMLID_19
111,141,Soporte: Rol Ejecutor,Soporte,Ejecutor,69,Ejecutor,22,Seguridad y Salud,97,Capital Humano,sicpro_app_trabajadores.grupo_app_trabajador_seguridad_salud,60,ROLE_NAME_EXACT;HAS_XMLID_19
111,141,Soporte: Rol Ejecutor,Soporte,Ejecutor,72,Ejecutor,23,Ejecutor,109,Control de la información,sicpro_app_control_informacion.grupo_control_informacion_ejecutor,60,ROLE_NAME_EXACT;HAS_XMLID_19
111,141,Soporte: Rol Ejecutor,Soporte,Ejecutor,87,Ejecutor,29,Metrología,106,Activos y Herramientas,sicpro_app_metrologia.grupo_app_metrologia_ejecutor,60,ROLE_NAME_EXACT;HAS_XMLID_19
111,141,Soporte: Rol Ejecutor,Soporte,Ejecutor,110,Responsable,34,Soporte,113,Soporte Técnico,sicpro_app_soporte.group_soporte_responsable,60,PRIVILEGE_EXACT;IMPLIED_COMMON:ejecutor;HAS_XMLID_19
111,141,Soporte: Rol Ejecutor,Soporte,Ejecutor,114,Ejecutor,36,Transporte,98,Transportación,sicpro_app_transporte.grupo_app_transporte_ejecutor,60,ROLE_NAME_EXACT;HAS_XMLID_19
111,141,Soporte: Rol Ejecutor,Soporte,Ejecutor,118,Ejecutor,37,Piquera,98,Transportación,sicpro_app_transporte.grupo_app_transporte_piquera_ejecutor,60,ROLE_NAME_EXACT;HAS_XMLID_19
111,141,Soporte: Rol Ejecutor,Soporte,Ejecutor,120,Ejecutor,38,Víveres Logística,111,Alimentación,sicpro_app_viveres.grupo_app_viveres_resumen_ejecutor,60,ROLE_NAME_EXACT;HAS_XMLID_19
111,141,Soporte: Rol Ejecutor,Soporte,Ejecutor,124,Ejecutor,39,Víveres Áreas,111,Alimentación,sicpro_app_viveres.grupo_app_viveres_areas_ejecutor,60,ROLE_NAME_EXACT;HAS_XMLID_19
111,141,Soporte: Rol Ejecutor,Soporte,Ejecutor,127,Ejecutor,40,Clientes,101,Solicitudes de Obras,sicpro_app_clientes.grupo_app_clientes_ejecutor,60,ROLE_NAME_EXACT;HAS_XMLID_19
111,141,Soporte: Rol Ejecutor,Soporte,Ejecutor,145,Ejecutor,45,Inversionistas,101,Solicitudes de Obras,sicpro_app_solicitudes.grupo_app_iniciativas_ejecutor,60,ROLE_NAME_EXACT;HAS_XMLID_19
111,141,Soporte: Rol Ejecutor,Soporte,Ejecutor,147,Ejecutor,46,Negociación,101,Solicitudes de Obras,sicpro_app_solicitudes.grupo_app_negocio_ejecutor,60,ROLE_NAME_EXACT;HAS_XMLID_19
111,141,Soporte: Rol Ejecutor,Soporte,Ejecutor,148,Ejecutor,47,Revisión del Negocio,101,Solicitudes de Obras,sicpro_app_solicitudes.grupo_app_negocio_pg_ejecutor,60,ROLE_NAME_EXACT;HAS_XMLID_19
111,141,Soporte: Rol Ejecutor,Soporte,Ejecutor,149,Ejecutor,48,Distribuidores,101,Solicitudes de Obras,sicpro_app_solicitudes.grupo_app_ejecutor_ejecutor,60,ROLE_NAME_EXACT;HAS_XMLID_19
111,141,Soporte: Rol Ejecutor,Soporte,Ejecutor,111,Administrador,34,Soporte,113,Soporte Técnico,sicpro_app_soporte.group_soporte_admin,50,PRIVILEGE_EXACT;HAS_XMLID_19
111,141,Soporte: Rol Ejecutor,Soporte,Ejecutor,101,Ejecutor de Servicios,32,Servicios Internos,107,Servicios Corporativos,sicpro_app_servicios_internos.grupo_app_internos_ejecutor_servicios,35,ROLE_NAME_PARTIAL;HAS_XMLID_19
111,141,Soporte: Rol Ejecutor,Soporte,Ejecutor,102,Ejecutor Corporativo,32,Servicios Internos,107,Servicios Corporativos,sicpro_app_servicios_internos.grupo_app_internos_ejecutor_interno,35,ROLE_NAME_PARTIAL;HAS_XMLID_19
111,141,Soporte: Rol Ejecutor,Soporte,Ejecutor,106,Ejecutor de Solicitud,33,Solicitudes de S.I.,107,Servicios Corporativos,sicpro_app_servicios_internos.grupo_app_internos_solicitudes_ejecutor,35,ROLE_NAME_PARTIAL;HAS_XMLID_19
111,141,Soporte: Rol Ejecutor,Soporte,Ejecutor,164,Gestión del Ejecutor,53,Transferencias,104,Gestión de Gastos,sicpro_app_transferencias_gastos.grupo_transferencias_ejecutores_procesos,35,ROLE_NAME_PARTIAL;HAS_XMLID_19
111,141,Soporte: Rol Ejecutor,Soporte,Ejecutor,1,Role / User,,,,,base.group_user,25,PRIVILEGE_PARTIAL;HAS_XMLID_19
111,141,Soporte: Rol Ejecutor,Soporte,Ejecutor,2,Access Rights,,,,,base.group_erp_manager,25,PRIVILEGE_PARTIAL;HAS_XMLID_19
111,141,Soporte: Rol Ejecutor,Soporte,Ejecutor,3,Bypass HTML Field Sanitize,,,,,base.group_sanitize_override,25,PRIVILEGE_PARTIAL;HAS_XMLID_19
111,141,Soporte: Rol Ejecutor,Soporte,Ejecutor,4,Role / Administrator,,,,,base.group_system,25,PRIVILEGE_PARTIAL;HAS_XMLID_19
111,141,Soporte: Rol Ejecutor,Soporte,Ejecutor,5,Multi Companies,,,,,base.group_multi_company,25,PRIVILEGE_PARTIAL;HAS_XMLID_19
111,141,Soporte: Rol Ejecutor,Soporte,Ejecutor,6,Multi Currencies,,,,,base.group_multi_currency,25,PRIVILEGE_PARTIAL;HAS_XMLID_19
111,141,Soporte: Rol Ejecutor,Soporte,Ejecutor,7,Technical Features,,,,,base.group_no_one,25,PRIVILEGE_PARTIAL;HAS_XMLID_19
111,141,Soporte: Rol Ejecutor,Soporte,Ejecutor,10,Role / Portal,,,,,base.group_portal,25,PRIVILEGE_PARTIAL;HAS_XMLID_19
111,141,Soporte: Rol Ejecutor,Soporte,Ejecutor,11,Role / Public,,,,,base.group_public,25,PRIVILEGE_PARTIAL;HAS_XMLID_19
111,141,Soporte: Rol Ejecutor,Soporte,Ejecutor,12,Default access for new users,,,,,base.default_user_group,25,PRIVILEGE_PARTIAL;HAS_XMLID_19
111,141,Soporte: Rol Ejecutor,Soporte,Ejecutor,13,Technical Documentation,,,,,api_doc.group_allow_doc,25,PRIVILEGE_PARTIAL;HAS_XMLID_19
111,141,Soporte: Rol Ejecutor,Soporte,Ejecutor,15,Mail Template Editor,,,,,mail.group_mail_template_editor,25,PRIVILEGE_PARTIAL;HAS_XMLID_19
111,141,Soporte: Rol Ejecutor,Soporte,Ejecutor,16,Receive notifications in Odoo,,,,,mail.group_mail_notification_type_inbox,25,PRIVILEGE_PARTIAL;HAS_XMLID_19
111,141,Soporte: Rol Ejecutor,Soporte,Ejecutor,25,Menus y Accesos Obsoletos,,,,,sicpro_app_administracion.grupo_app_administracion_obsoletos,25,PRIVILEGE_PARTIAL;HAS_XMLID_19
111,141,Soporte: Rol Ejecutor,Soporte,Ejecutor,26,Manage Multiple Units of Measure,,,,,uom.group_uom,25,PRIVILEGE_PARTIAL;HAS_XMLID_19
111,141,Soporte: Rol Ejecutor,Soporte,Ejecutor,27,Analytic Accounting,,,,,analytic.group_analytic_accounting,25,PRIVILEGE_PARTIAL;HAS_XMLID_19
111,141,Soporte: Rol Ejecutor,Soporte,Ejecutor,32,Use Stages on Project,,,,,project.group_project_stages,25,PRIVILEGE_PARTIAL;HAS_XMLID_19
111,141,Soporte: Rol Ejecutor,Soporte,Ejecutor,33,Use Recurring Tasks,,,,,project.group_project_recurring_tasks,25,PRIVILEGE_PARTIAL;HAS_XMLID_19
111,141,Soporte: Rol Ejecutor,Soporte,Ejecutor,34,Use Task Dependencies,,,,,project.group_project_task_dependencies,25,PRIVILEGE_PARTIAL;HAS_XMLID_19
111,141,Soporte: Rol Ejecutor,Soporte,Ejecutor,35,Use Milestones,,,,,project.group_project_milestone,25,PRIVILEGE_PARTIAL;HAS_XMLID_19
111,141,Soporte: Rol Ejecutor,Soporte,Ejecutor,44,Consultas Postgres,,,,,sicpro_modulo_querydb.group_querydeluxe,25,PRIVILEGE_PARTIAL;HAS_XMLID_19
111,141,Soporte: Rol Ejecutor,Soporte,Ejecutor,48,Responsable,15,CMI,108,Gestión de Producción,sicpro_app_cmi.grupo_app_cmi_responsable,10,IMPLIED_COMMON:ejecutor;HAS_XMLID_19
111,141,Soporte: Rol Ejecutor,Soporte,Ejecutor,52,Responsable,16,Materiales e Insumos,102,Preparación Técnica,sicpro_app_materiales_insumos.grupo_app_materiales_insumos_responsable,10,IMPLIED_COMMON:ejecutor;HAS_XMLID_19
111,141,Soporte: Rol Ejecutor,Soporte,Ejecutor,70,Responsable,22,Seguridad y Salud,97,Capital Humano,sicpro_app_trabajadores.grupo_app_trabajador_seguridad_salud_responsable,10,IMPLIED_COMMON:ejecutor;HAS_XMLID_19
111,141,Soporte: Rol Ejecutor,Soporte,Ejecutor,88,Responsable,29,Metrología,106,Activos y Herramientas,sicpro_app_metrologia.grupo_app_metrologia_responsable,10,IMPLIED_COMMON:ejecutor;HAS_XMLID_19
111,141,Soporte: Rol Ejecutor,Soporte,Ejecutor,115,Responsable,36,Transporte,98,Transportación,sicpro_app_transporte.grupo_app_transporte_responsable,10,IMPLIED_COMMON:ejecutor;HAS_XMLID_19
111,141,Soporte: Rol Ejecutor,Soporte,Ejecutor,121,Responsable,38,Víveres Logística,111,Alimentación,sicpro_app_viveres.grupo_app_viveres_resumen_responsable,10,IMPLIED_COMMON:ejecutor;HAS_XMLID_19
111,141,Soporte: Rol Ejecutor,Soporte,Ejecutor,125,Jefe,39,Víveres Áreas,111,Alimentación,sicpro_app_viveres.grupo_app_viveres_areas_responsable,10,IMPLIED_COMMON:ejecutor;HAS_XMLID_19
111,141,Soporte: Rol Ejecutor,Soporte,Ejecutor,128,Responsable,40,Clientes,101,Solicitudes de Obras,sicpro_app_clientes.grupo_app_clientes_responsable,10,IMPLIED_COMMON:ejecutor;HAS_XMLID_19
111,141,Soporte: Rol Ejecutor,Soporte,Ejecutor,146,Territorial,45,Inversionistas,101,Solicitudes de Obras,sicpro_app_solicitudes.grupo_app_iniciativas_territorios,10,IMPLIED_COMMON:ejecutor;HAS_XMLID_19
112,142,Soporte: Rol Responsable,Soporte,Responsable,110,Responsable,34,Soporte,113,Soporte Técnico,sicpro_app_soporte.group_soporte_responsable,110,ROLE_NAME_EXACT;PRIVILEGE_EXACT;HAS_XMLID_19
112,142,Soporte: Rol Responsable,Soporte,Responsable,39,Responsable,11,Salón de Clases,107,Servicios Corporativos,sicpro_app_salon_clases.grupo_app_salon_clases_responsable,60,ROLE_NAME_EXACT;HAS_XMLID_19
112,142,Soporte: Rol Responsable,Soporte,Responsable,48,Responsable,15,CMI,108,Gestión de Producción,sicpro_app_cmi.grupo_app_cmi_responsable,60,ROLE_NAME_EXACT;HAS_XMLID_19
112,142,Soporte: Rol Responsable,Soporte,Responsable,52,Responsable,16,Materiales e Insumos,102,Preparación Técnica,sicpro_app_materiales_insumos.grupo_app_materiales_insumos_responsable,60,ROLE_NAME_EXACT;HAS_XMLID_19
112,142,Soporte: Rol Responsable,Soporte,Responsable,57,Responsable,18,Trabajadores,97,Capital Humano,sicpro_app_trabajadores.grupo_app_trabajador_responsable,60,ROLE_NAME_EXACT;HAS_XMLID_19
112,142,Soporte: Rol Responsable,Soporte,Responsable,60,Responsable,19,Equipo Técnico,97,Capital Humano,sicpro_app_trabajadores.grupo_app_trabajador_equipos_responsable,60,ROLE_NAME_EXACT;HAS_XMLID_19
112,142,Soporte: Rol Responsable,Soporte,Responsable,65,Responsable,20,Disciplinarias,97,Capital Humano,sicpro_app_trabajadores.grupo_app_trabajador_disciplina_responsable,60,ROLE_NAME_EXACT;HAS_XMLID_19
112,142,Soporte: Rol Responsable,Soporte,Responsable,68,Responsable,21,Capacitación,97,Capital Humano,sicpro_app_trabajadores.grupo_app_trabajador_capacitacion_responsable,60,ROLE_NAME_EXACT;HAS_XMLID_19
112,142,Soporte: Rol Responsable,Soporte,Responsable,70,Responsable,22,Seguridad y Salud,97,Capital Humano,sicpro_app_trabajadores.grupo_app_trabajador_seguridad_salud_responsable,60,ROLE_NAME_EXACT;HAS_XMLID_19
112,142,Soporte: Rol Responsable,Soporte,Responsable,75,Responsable,25,Control,109,Control de la información,sicpro_app_control_informacion.grupo_control_informacion_responsable,60,ROLE_NAME_EXACT;HAS_XMLID_19
112,142,Soporte: Rol Responsable,Soporte,Responsable,78,Responsable,26,Credenciales,97,Capital Humano,sicpro_app_credenciales.grupo_app_credenciales_responsable,60,ROLE_NAME_EXACT;HAS_XMLID_19
112,142,Soporte: Rol Responsable,Soporte,Responsable,82,Responsable,27,Medios Informáticos,112,Informática,sicpro_app_medios_informaticos.grupo_app_medios_informaticos_responsable,60,ROLE_NAME_EXACT;HAS_XMLID_19
112,142,Soporte: Rol Responsable,Soporte,Responsable,88,Responsable,29,Metrología,106,Activos y Herramientas,sicpro_app_metrologia.grupo_app_metrologia_responsable,60,ROLE_NAME_EXACT;HAS_XMLID_19
112,142,Soporte: Rol Responsable,Soporte,Responsable,93,Responsable,30,Repositorio DVPE.,107,Servicios Corporativos,sicpro_app_repositorio_institucional.group_repositorio_institucional_responsable,60,ROLE_NAME_EXACT;HAS_XMLID_19
112,142,Soporte: Rol Responsable,Soporte,Responsable,98,Responsable,31,Reuniones,105,Gestión de Reuniones,sicpro_app_reuniones.group_reuniones_responsable,60,ROLE_NAME_EXACT;HAS_XMLID_19
112,142,Soporte: Rol Responsable,Soporte,Responsable,103,Responsable,32,Servicios Internos,107,Servicios Corporativos,sicpro_app_servicios_internos.grupo_app_internos_responsable,60,ROLE_NAME_EXACT;HAS_XMLID_19
112,142,Soporte: Rol Responsable,Soporte,Responsable,111,Administrador,34,Soporte,113,Soporte Técnico,sicpro_app_soporte.group_soporte_admin,60,PRIVILEGE_EXACT;IMPLIED_COMMON:responsable;HAS_XMLID_19
112,142,Soporte: Rol Responsable,Soporte,Responsable,115,Responsable,36,Transporte,98,Transportación,sicpro_app_transporte.grupo_app_transporte_responsable,60,ROLE_NAME_EXACT;HAS_XMLID_19
112,142,Soporte: Rol Responsable,Soporte,Responsable,121,Responsable,38,Víveres Logística,111,Alimentación,sicpro_app_viveres.grupo_app_viveres_resumen_responsable,60,ROLE_NAME_EXACT;HAS_XMLID_19
112,142,Soporte: Rol Responsable,Soporte,Responsable,128,Responsable,40,Clientes,101,Solicitudes de Obras,sicpro_app_clientes.grupo_app_clientes_responsable,60,ROLE_NAME_EXACT;HAS_XMLID_19
112,142,Soporte: Rol Responsable,Soporte,Responsable,139,Responsable,43,Operaciones,110,Programa de la Vivienda,sicpro_app_programa_viviendas.grupo_app_vivienda_responsable,60,ROLE_NAME_EXACT;HAS_XMLID_19
112,142,Soporte: Rol Responsable,Soporte,Responsable,143,Responsable,44,Solicitudes,101,Solicitudes de Obras,sicpro_app_solicitudes.grupo_app_solicitud_responsable,60,ROLE_NAME_EXACT;HAS_XMLID_19
112,142,Soporte: Rol Responsable,Soporte,Responsable,151,Responsable,49,Especialista Ejecutor,101,Solicitudes de Obras,sicpro_app_solicitudes.grupo_app_grupos_ejecutor,60,ROLE_NAME_EXACT;HAS_XMLID_19
112,142,Soporte: Rol Responsable,Soporte,Responsable,154,Responsable,50,Usuarios Internos,103,Órdenes de Trabajo,sicpro_app_ordenes_trabajo.grupo_ordenes_responsable,60,ROLE_NAME_EXACT;HAS_XMLID_19
112,142,Soporte: Rol Responsable,Soporte,Responsable,167,Responsable,53,Transferencias,104,Gestión de Gastos,sicpro_app_transferencias_gastos.grupo_transferencias_responsable,60,ROLE_NAME_EXACT;HAS_XMLID_19
112,142,Soporte: Rol Responsable,Soporte,Responsable,109,Ejecutor,34,Soporte,113,Soporte Técnico,sicpro_app_soporte.group_soporte_ejecutor,50,PRIVILEGE_EXACT;HAS_XMLID_19
112,142,Soporte: Rol Responsable,Soporte,Responsable,1,Role / User,,,,,base.group_user,25,PRIVILEGE_PARTIAL;HAS_XMLID_19
112,142,Soporte: Rol Responsable,Soporte,Responsable,2,Access Rights,,,,,base.group_erp_manager,25,PRIVILEGE_PARTIAL;HAS_XMLID_19
112,142,Soporte: Rol Responsable,Soporte,Responsable,3,Bypass HTML Field Sanitize,,,,,base.group_sanitize_override,25,PRIVILEGE_PARTIAL;HAS_XMLID_19
112,142,Soporte: Rol Responsable,Soporte,Responsable,4,Role / Administrator,,,,,base.group_system,25,PRIVILEGE_PARTIAL;HAS_XMLID_19
112,142,Soporte: Rol Responsable,Soporte,Responsable,5,Multi Companies,,,,,base.group_multi_company,25,PRIVILEGE_PARTIAL;HAS_XMLID_19
112,142,Soporte: Rol Responsable,Soporte,Responsable,6,Multi Currencies,,,,,base.group_multi_currency,25,PRIVILEGE_PARTIAL;HAS_XMLID_19
112,142,Soporte: Rol Responsable,Soporte,Responsable,7,Technical Features,,,,,base.group_no_one,25,PRIVILEGE_PARTIAL;HAS_XMLID_19
112,142,Soporte: Rol Responsable,Soporte,Responsable,10,Role / Portal,,,,,base.group_portal,25,PRIVILEGE_PARTIAL;HAS_XMLID_19
112,142,Soporte: Rol Responsable,Soporte,Responsable,11,Role / Public,,,,,base.group_public,25,PRIVILEGE_PARTIAL;HAS_XMLID_19
112,142,Soporte: Rol Responsable,Soporte,Responsable,12,Default access for new users,,,,,base.default_user_group,25,PRIVILEGE_PARTIAL;HAS_XMLID_19
112,142,Soporte: Rol Responsable,Soporte,Responsable,13,Technical Documentation,,,,,api_doc.group_allow_doc,25,PRIVILEGE_PARTIAL;HAS_XMLID_19
112,142,Soporte: Rol Responsable,Soporte,Responsable,15,Mail Template Editor,,,,,mail.group_mail_template_editor,25,PRIVILEGE_PARTIAL;HAS_XMLID_19
112,142,Soporte: Rol Responsable,Soporte,Responsable,16,Receive notifications in Odoo,,,,,mail.group_mail_notification_type_inbox,25,PRIVILEGE_PARTIAL;HAS_XMLID_19
112,142,Soporte: Rol Responsable,Soporte,Responsable,25,Menus y Accesos Obsoletos,,,,,sicpro_app_administracion.grupo_app_administracion_obsoletos,25,PRIVILEGE_PARTIAL;HAS_XMLID_19
112,142,Soporte: Rol Responsable,Soporte,Responsable,26,Manage Multiple Units of Measure,,,,,uom.group_uom,25,PRIVILEGE_PARTIAL;HAS_XMLID_19
112,142,Soporte: Rol Responsable,Soporte,Responsable,27,Analytic Accounting,,,,,analytic.group_analytic_accounting,25,PRIVILEGE_PARTIAL;HAS_XMLID_19
112,142,Soporte: Rol Responsable,Soporte,Responsable,32,Use Stages on Project,,,,,project.group_project_stages,25,PRIVILEGE_PARTIAL;HAS_XMLID_19
112,142,Soporte: Rol Responsable,Soporte,Responsable,33,Use Recurring Tasks,,,,,project.group_project_recurring_tasks,25,PRIVILEGE_PARTIAL;HAS_XMLID_19
112,142,Soporte: Rol Responsable,Soporte,Responsable,34,Use Task Dependencies,,,,,project.group_project_task_dependencies,25,PRIVILEGE_PARTIAL;HAS_XMLID_19
112,142,Soporte: Rol Responsable,Soporte,Responsable,35,Use Milestones,,,,,project.group_project_milestone,25,PRIVILEGE_PARTIAL;HAS_XMLID_19
112,142,Soporte: Rol Responsable,Soporte,Responsable,44,Consultas Postgres,,,,,sicpro_modulo_querydb.group_querydeluxe,25,PRIVILEGE_PARTIAL;HAS_XMLID_19
112,142,Soporte: Rol Responsable,Soporte,Responsable,40,Administrador,11,Salón de Clases,107,Servicios Corporativos,sicpro_app_salon_clases.grupo_app_salon_clases_admin,10,IMPLIED_COMMON:responsable;HAS_XMLID_19
112,142,Soporte: Rol Responsable,Soporte,Responsable,49,Administrador,15,CMI,108,Gestión de Producción,sicpro_app_cmi.grupo_app_cmi_admin,10,IMPLIED_COMMON:responsable;HAS_XMLID_19
112,142,Soporte: Rol Responsable,Soporte,Responsable,53,Administrador,16,Materiales e Insumos,102,Preparación Técnica,sicpro_app_materiales_insumos.grupo_app_materiales_insumos_admin,10,IMPLIED_COMMON:responsable;HAS_XMLID_19
112,142,Soporte: Rol Responsable,Soporte,Responsable,58,Administrador,18,Trabajadores,97,Capital Humano,sicpro_app_trabajadores.grupo_app_trabajador_admin,10,IMPLIED_COMMON:responsable;HAS_XMLID_19
112,142,Soporte: Rol Responsable,Soporte,Responsable,61,Administrador,19,Equipo Técnico,97,Capital Humano,sicpro_app_trabajadores.grupo_app_trabajador_equipos_admin,10,IMPLIED_COMMON:responsable;HAS_XMLID_19
112,142,Soporte: Rol Responsable,Soporte,Responsable,66,Administrador,20,Disciplinarias,97,Capital Humano,sicpro_app_trabajadores.grupo_app_trabajador_disciplina_admin,10,IMPLIED_COMMON:responsable;HAS_XMLID_19
112,142,Soporte: Rol Responsable,Soporte,Responsable,76,Administrador,25,Control,109,Control de la información,sicpro_app_control_informacion.grupo_control_informacion_admin,10,IMPLIED_COMMON:responsable;HAS_XMLID_19
112,142,Soporte: Rol Responsable,Soporte,Responsable,79,Administrador,26,Credenciales,97,Capital Humano,sicpro_app_credenciales.grupo_app_credenciales_admin,10,IMPLIED_COMMON:responsable;HAS_XMLID_19
112,142,Soporte: Rol Responsable,Soporte,Responsable,83,Administrador,27,Medios Informáticos,112,Informática,sicpro_app_medios_informaticos.grupo_app_medios_informaticos_admin,10,IMPLIED_COMMON:responsable;HAS_XMLID_19
112,142,Soporte: Rol Responsable,Soporte,Responsable,89,Administrador,29,Metrología,106,Activos y Herramientas,sicpro_app_metrologia.grupo_app_metrologia_admin,10,IMPLIED_COMMON:responsable;HAS_XMLID_19
112,142,Soporte: Rol Responsable,Soporte,Responsable,94,Administrador,30,Repositorio DVPE.,107,Servicios Corporativos,sicpro_app_repositorio_institucional.group_repositorio_institucional_admin,10,IMPLIED_COMMON:responsable;HAS_XMLID_19
112,142,Soporte: Rol Responsable,Soporte,Responsable,99,Administrator,31,Reuniones,105,Gestión de Reuniones,sicpro_app_reuniones.group_reuniones_admin,10,IMPLIED_COMMON:responsable;HAS_XMLID_19
112,142,Soporte: Rol Responsable,Soporte,Responsable,104,Administrador,32,Servicios Internos,107,Servicios Corporativos,sicpro_app_servicios_internos.grupo_app_internos_admin,10,IMPLIED_COMMON:responsable;HAS_XMLID_19
112,142,Soporte: Rol Responsable,Soporte,Responsable,116,Administrador,36,Transporte,98,Transportación,sicpro_app_transporte.grupo_app_transporte_admin,10,IMPLIED_COMMON:responsable;HAS_XMLID_19
112,142,Soporte: Rol Responsable,Soporte,Responsable,122,Administrador,38,Víveres Logística,111,Alimentación,sicpro_app_viveres.grupo_app_viveres_admin,10,IMPLIED_COMMON:responsable;HAS_XMLID_19
112,142,Soporte: Rol Responsable,Soporte,Responsable,129,Administrador,40,Clientes,101,Solicitudes de Obras,sicpro_app_clientes.grupo_app_clientes_admin,10,IMPLIED_COMMON:responsable;HAS_XMLID_19
112,142,Soporte: Rol Responsable,Soporte,Responsable,140,Administrador,43,Operaciones,110,Programa de la Vivienda,sicpro_app_programa_viviendas.grupo_app_vivienda_admin,10,IMPLIED_COMMON:responsable;HAS_XMLID_19
112,142,Soporte: Rol Responsable,Soporte,Responsable,144,Administrador,44,Solicitudes,101,Solicitudes de Obras,sicpro_app_solicitudes.grupo_app_solicitud_admin,10,IMPLIED_COMMON:responsable;HAS_XMLID_19
112,142,Soporte: Rol Responsable,Soporte,Responsable,155,Administrador,50,Usuarios Internos,103,Órdenes de Trabajo,sicpro_app_ordenes_trabajo.grupo_ordenes_admin,10,IMPLIED_COMMON:responsable;HAS_XMLID_19
112,142,Soporte: Rol Responsable,Soporte,Responsable,168,Administrador,53,Transferencias,104,Gestión de Gastos,sicpro_app_transferencias_gastos.grupo_transferencias_admin,10,IMPLIED_COMMON:responsable;HAS_XMLID_19
113,143,Soporte: Rol Visualizar Todo,Soporte,Visualizar Todo,74,Visualizar Todo,25,Control,109,Control de la información,sicpro_app_control_informacion.grupo_control_informacion_visualizar_todo,60,ROLE_NAME_EXACT;HAS_XMLID_19
113,143,Soporte: Rol Visualizar Todo,Soporte,Visualizar Todo,109,Ejecutor,34,Soporte,113,Soporte Técnico,sicpro_app_soporte.group_soporte_ejecutor,50,PRIVILEGE_EXACT;HAS_XMLID_19
113,143,Soporte: Rol Visualizar Todo,Soporte,Visualizar Todo,110,Responsable,34,Soporte,113,Soporte Técnico,sicpro_app_soporte.group_soporte_responsable,50,PRIVILEGE_EXACT;HAS_XMLID_19
113,143,Soporte: Rol Visualizar Todo,Soporte,Visualizar Todo,111,Administrador,34,Soporte,113,Soporte Técnico,sicpro_app_soporte.group_soporte_admin,50,PRIVILEGE_EXACT;HAS_XMLID_19
113,143,Soporte: Rol Visualizar Todo,Soporte,Visualizar Todo,80,Visualizar,27,Medios Informáticos,112,Informática,sicpro_app_medios_informaticos.grupo_app_medios_informaticos_inventario_usuario,35,ROLE_NAME_PARTIAL;HAS_XMLID_19
113,143,Soporte: Rol Visualizar Todo,Soporte,Visualizar Todo,84,Visualizar,28,Taller,112,Informática,sicpro_app_medios_informaticos.grupo_app_medios_informaticos_taller_usuario,35,ROLE_NAME_PARTIAL;HAS_XMLID_19
113,143,Soporte: Rol Visualizar Todo,Soporte,Visualizar Todo,112,Visualizar Todos los Tickets de Soporte,35,Ver Todo,113,Soporte Técnico,sicpro_app_soporte.group_soporte_todos,35,ROLE_NAME_PARTIAL;HAS_XMLID_19
113,143,Soporte: Rol Visualizar Todo,Soporte,Visualizar Todo,119,Visualizar,38,Víveres Logística,111,Alimentación,sicpro_app_viveres.grupo_app_viveres_resumen_usuario,35,ROLE_NAME_PARTIAL;HAS_XMLID_19
113,143,Soporte: Rol Visualizar Todo,Soporte,Visualizar Todo,123,Visualizar,39,Víveres Áreas,111,Alimentación,sicpro_app_viveres.grupo_app_viveres_areas_usuario,35,ROLE_NAME_PARTIAL;HAS_XMLID_19
113,143,Soporte: Rol Visualizar Todo,Soporte,Visualizar Todo,1,Role / User,,,,,base.group_user,25,PRIVILEGE_PARTIAL;HAS_XMLID_19
113,143,Soporte: Rol Visualizar Todo,Soporte,Visualizar Todo,2,Access Rights,,,,,base.group_erp_manager,25,PRIVILEGE_PARTIAL;HAS_XMLID_19
113,143,Soporte: Rol Visualizar Todo,Soporte,Visualizar Todo,3,Bypass HTML Field Sanitize,,,,,base.group_sanitize_override,25,PRIVILEGE_PARTIAL;HAS_XMLID_19
113,143,Soporte: Rol Visualizar Todo,Soporte,Visualizar Todo,4,Role / Administrator,,,,,base.group_system,25,PRIVILEGE_PARTIAL;HAS_XMLID_19
113,143,Soporte: Rol Visualizar Todo,Soporte,Visualizar Todo,5,Multi Companies,,,,,base.group_multi_company,25,PRIVILEGE_PARTIAL;HAS_XMLID_19
113,143,Soporte: Rol Visualizar Todo,Soporte,Visualizar Todo,6,Multi Currencies,,,,,base.group_multi_currency,25,PRIVILEGE_PARTIAL;HAS_XMLID_19
113,143,Soporte: Rol Visualizar Todo,Soporte,Visualizar Todo,7,Technical Features,,,,,base.group_no_one,25,PRIVILEGE_PARTIAL;HAS_XMLID_19
113,143,Soporte: Rol Visualizar Todo,Soporte,Visualizar Todo,10,Role / Portal,,,,,base.group_portal,25,PRIVILEGE_PARTIAL;HAS_XMLID_19
113,143,Soporte: Rol Visualizar Todo,Soporte,Visualizar Todo,11,Role / Public,,,,,base.group_public,25,PRIVILEGE_PARTIAL;HAS_XMLID_19
113,143,Soporte: Rol Visualizar Todo,Soporte,Visualizar Todo,12,Default access for new users,,,,,base.default_user_group,25,PRIVILEGE_PARTIAL;HAS_XMLID_19
113,143,Soporte: Rol Visualizar Todo,Soporte,Visualizar Todo,13,Technical Documentation,,,,,api_doc.group_allow_doc,25,PRIVILEGE_PARTIAL;HAS_XMLID_19
113,143,Soporte: Rol Visualizar Todo,Soporte,Visualizar Todo,15,Mail Template Editor,,,,,mail.group_mail_template_editor,25,PRIVILEGE_PARTIAL;HAS_XMLID_19
113,143,Soporte: Rol Visualizar Todo,Soporte,Visualizar Todo,16,Receive notifications in Odoo,,,,,mail.group_mail_notification_type_inbox,25,PRIVILEGE_PARTIAL;HAS_XMLID_19
113,143,Soporte: Rol Visualizar Todo,Soporte,Visualizar Todo,25,Menus y Accesos Obsoletos,,,,,sicpro_app_administracion.grupo_app_administracion_obsoletos,25,PRIVILEGE_PARTIAL;HAS_XMLID_19
113,143,Soporte: Rol Visualizar Todo,Soporte,Visualizar Todo,26,Manage Multiple Units of Measure,,,,,uom.group_uom,25,PRIVILEGE_PARTIAL;HAS_XMLID_19
113,143,Soporte: Rol Visualizar Todo,Soporte,Visualizar Todo,27,Analytic Accounting,,,,,analytic.group_analytic_accounting,25,PRIVILEGE_PARTIAL;HAS_XMLID_19
113,143,Soporte: Rol Visualizar Todo,Soporte,Visualizar Todo,32,Use Stages on Project,,,,,project.group_project_stages,25,PRIVILEGE_PARTIAL;HAS_XMLID_19
113,143,Soporte: Rol Visualizar Todo,Soporte,Visualizar Todo,33,Use Recurring Tasks,,,,,project.group_project_recurring_tasks,25,PRIVILEGE_PARTIAL;HAS_XMLID_19
113,143,Soporte: Rol Visualizar Todo,Soporte,Visualizar Todo,34,Use Task Dependencies,,,,,project.group_project_task_dependencies,25,PRIVILEGE_PARTIAL;HAS_XMLID_19
113,143,Soporte: Rol Visualizar Todo,Soporte,Visualizar Todo,35,Use Milestones,,,,,project.group_project_milestone,25,PRIVILEGE_PARTIAL;HAS_XMLID_19
113,143,Soporte: Rol Visualizar Todo,Soporte,Visualizar Todo,44,Consultas Postgres,,,,,sicpro_modulo_querydb.group_querydeluxe,25,PRIVILEGE_PARTIAL;HAS_XMLID_19
114,144,Soporte: Rol Administrador,Soporte,Administrador,111,Administrador,34,Soporte,113,Soporte Técnico,sicpro_app_soporte.group_soporte_admin,110,ROLE_NAME_EXACT;PRIVILEGE_EXACT;HAS_XMLID_19
114,144,Soporte: Rol Administrador,Soporte,Administrador,17,Administrador,4,Administrar SICPRO,94,Administración SICPRO ERP,sicpro_app_administracion.grupo_app_administracion_admin,60,ROLE_NAME_EXACT;HAS_XMLID_19
114,144,Soporte: Rol Administrador,Soporte,Administrador,40,Administrador,11,Salón de Clases,107,Servicios Corporativos,sicpro_app_salon_clases.grupo_app_salon_clases_admin,60,ROLE_NAME_EXACT;HAS_XMLID_19
114,144,Soporte: Rol Administrador,Soporte,Administrador,42,Administrador,12,Registros de auditoría,115,Registro de auditoría,sicpro_modulo_auditorias.group_auditlog_manager,60,ROLE_NAME_EXACT;HAS_XMLID_19
114,144,Soporte: Rol Administrador,Soporte,Administrador,43,Administrador,13,Nomencladores,94,Administración SICPRO ERP,sicpro_modulo_nomencladores.grupo_sicpro_nomencladores_admin,60,ROLE_NAME_EXACT;HAS_XMLID_19
114,144,Soporte: Rol Administrador,Soporte,Administrador,49,Administrador,15,CMI,108,Gestión de Producción,sicpro_app_cmi.grupo_app_cmi_admin,60,ROLE_NAME_EXACT;HAS_XMLID_19
114,144,Soporte: Rol Administrador,Soporte,Administrador,53,Administrador,16,Materiales e Insumos,102,Preparación Técnica,sicpro_app_materiales_insumos.grupo_app_materiales_insumos_admin,60,ROLE_NAME_EXACT;HAS_XMLID_19
114,144,Soporte: Rol Administrador,Soporte,Administrador,58,Administrador,18,Trabajadores,97,Capital Humano,sicpro_app_trabajadores.grupo_app_trabajador_admin,60,ROLE_NAME_EXACT;HAS_XMLID_19
114,144,Soporte: Rol Administrador,Soporte,Administrador,61,Administrador,19,Equipo Técnico,97,Capital Humano,sicpro_app_trabajadores.grupo_app_trabajador_equipos_admin,60,ROLE_NAME_EXACT;HAS_XMLID_19
114,144,Soporte: Rol Administrador,Soporte,Administrador,66,Administrador,20,Disciplinarias,97,Capital Humano,sicpro_app_trabajadores.grupo_app_trabajador_disciplina_admin,60,ROLE_NAME_EXACT;HAS_XMLID_19
114,144,Soporte: Rol Administrador,Soporte,Administrador,76,Administrador,25,Control,109,Control de la información,sicpro_app_control_informacion.grupo_control_informacion_admin,60,ROLE_NAME_EXACT;HAS_XMLID_19
114,144,Soporte: Rol Administrador,Soporte,Administrador,79,Administrador,26,Credenciales,97,Capital Humano,sicpro_app_credenciales.grupo_app_credenciales_admin,60,ROLE_NAME_EXACT;HAS_XMLID_19
114,144,Soporte: Rol Administrador,Soporte,Administrador,83,Administrador,27,Medios Informáticos,112,Informática,sicpro_app_medios_informaticos.grupo_app_medios_informaticos_admin,60,ROLE_NAME_EXACT;HAS_XMLID_19
114,144,Soporte: Rol Administrador,Soporte,Administrador,89,Administrador,29,Metrología,106,Activos y Herramientas,sicpro_app_metrologia.grupo_app_metrologia_admin,60,ROLE_NAME_EXACT;HAS_XMLID_19
114,144,Soporte: Rol Administrador,Soporte,Administrador,94,Administrador,30,Repositorio DVPE.,107,Servicios Corporativos,sicpro_app_repositorio_institucional.group_repositorio_institucional_admin,60,ROLE_NAME_EXACT;HAS_XMLID_19
114,144,Soporte: Rol Administrador,Soporte,Administrador,104,Administrador,32,Servicios Internos,107,Servicios Corporativos,sicpro_app_servicios_internos.grupo_app_internos_admin,60,ROLE_NAME_EXACT;HAS_XMLID_19
114,144,Soporte: Rol Administrador,Soporte,Administrador,116,Administrador,36,Transporte,98,Transportación,sicpro_app_transporte.grupo_app_transporte_admin,60,ROLE_NAME_EXACT;HAS_XMLID_19
114,144,Soporte: Rol Administrador,Soporte,Administrador,122,Administrador,38,Víveres Logística,111,Alimentación,sicpro_app_viveres.grupo_app_viveres_admin,60,ROLE_NAME_EXACT;HAS_XMLID_19
114,144,Soporte: Rol Administrador,Soporte,Administrador,129,Administrador,40,Clientes,101,Solicitudes de Obras,sicpro_app_clientes.grupo_app_clientes_admin,60,ROLE_NAME_EXACT;HAS_XMLID_19
114,144,Soporte: Rol Administrador,Soporte,Administrador,132,Administrador,41,Instrucciones,97,Capital Humano,sicpro_app_instrucciones.grupo_app_instruciones_admin,60,ROLE_NAME_EXACT;HAS_XMLID_19
114,144,Soporte: Rol Administrador,Soporte,Administrador,140,Administrador,43,Operaciones,110,Programa de la Vivienda,sicpro_app_programa_viviendas.grupo_app_vivienda_admin,60,ROLE_NAME_EXACT;HAS_XMLID_19
114,144,Soporte: Rol Administrador,Soporte,Administrador,144,Administrador,44,Solicitudes,101,Solicitudes de Obras,sicpro_app_solicitudes.grupo_app_solicitud_admin,60,ROLE_NAME_EXACT;HAS_XMLID_19
114,144,Soporte: Rol Administrador,Soporte,Administrador,155,Administrador,50,Usuarios Internos,103,Órdenes de Trabajo,sicpro_app_ordenes_trabajo.grupo_ordenes_admin,60,ROLE_NAME_EXACT;HAS_XMLID_19
114,144,Soporte: Rol Administrador,Soporte,Administrador,168,Administrador,53,Transferencias,104,Gestión de Gastos,sicpro_app_transferencias_gastos.grupo_transferencias_admin,60,ROLE_NAME_EXACT;HAS_XMLID_19
114,144,Soporte: Rol Administrador,Soporte,Administrador,109,Ejecutor,34,Soporte,113,Soporte Técnico,sicpro_app_soporte.group_soporte_ejecutor,50,PRIVILEGE_EXACT;HAS_XMLID_19
114,144,Soporte: Rol Administrador,Soporte,Administrador,110,Responsable,34,Soporte,113,Soporte Técnico,sicpro_app_soporte.group_soporte_responsable,50,PRIVILEGE_EXACT;HAS_XMLID_19
114,144,Soporte: Rol Administrador,Soporte,Administrador,4,Role / Administrator,,,,,base.group_system,35,PRIVILEGE_PARTIAL;IMPLIED_COMMON:administrador;HAS_XMLID_19
114,144,Soporte: Rol Administrador,Soporte,Administrador,1,Role / User,,,,,base.group_user,25,PRIVILEGE_PARTIAL;HAS_XMLID_19
114,144,Soporte: Rol Administrador,Soporte,Administrador,2,Access Rights,,,,,base.group_erp_manager,25,PRIVILEGE_PARTIAL;HAS_XMLID_19
114,144,Soporte: Rol Administrador,Soporte,Administrador,3,Bypass HTML Field Sanitize,,,,,base.group_sanitize_override,25,PRIVILEGE_PARTIAL;HAS_XMLID_19
114,144,Soporte: Rol Administrador,Soporte,Administrador,5,Multi Companies,,,,,base.group_multi_company,25,PRIVILEGE_PARTIAL;HAS_XMLID_19
114,144,Soporte: Rol Administrador,Soporte,Administrador,6,Multi Currencies,,,,,base.group_multi_currency,25,PRIVILEGE_PARTIAL;HAS_XMLID_19
114,144,Soporte: Rol Administrador,Soporte,Administrador,7,Technical Features,,,,,base.group_no_one,25,PRIVILEGE_PARTIAL;HAS_XMLID_19
114,144,Soporte: Rol Administrador,Soporte,Administrador,10,Role / Portal,,,,,base.group_portal,25,PRIVILEGE_PARTIAL;HAS_XMLID_19
114,144,Soporte: Rol Administrador,Soporte,Administrador,11,Role / Public,,,,,base.group_public,25,PRIVILEGE_PARTIAL;HAS_XMLID_19
114,144,Soporte: Rol Administrador,Soporte,Administrador,12,Default access for new users,,,,,base.default_user_group,25,PRIVILEGE_PARTIAL;HAS_XMLID_19
114,144,Soporte: Rol Administrador,Soporte,Administrador,13,Technical Documentation,,,,,api_doc.group_allow_doc,25,PRIVILEGE_PARTIAL;HAS_XMLID_19
114,144,Soporte: Rol Administrador,Soporte,Administrador,15,Mail Template Editor,,,,,mail.group_mail_template_editor,25,PRIVILEGE_PARTIAL;HAS_XMLID_19
114,144,Soporte: Rol Administrador,Soporte,Administrador,16,Receive notifications in Odoo,,,,,mail.group_mail_notification_type_inbox,25,PRIVILEGE_PARTIAL;HAS_XMLID_19
114,144,Soporte: Rol Administrador,Soporte,Administrador,25,Menus y Accesos Obsoletos,,,,,sicpro_app_administracion.grupo_app_administracion_obsoletos,25,PRIVILEGE_PARTIAL;HAS_XMLID_19
114,144,Soporte: Rol Administrador,Soporte,Administrador,26,Manage Multiple Units of Measure,,,,,uom.group_uom,25,PRIVILEGE_PARTIAL;HAS_XMLID_19
114,144,Soporte: Rol Administrador,Soporte,Administrador,27,Analytic Accounting,,,,,analytic.group_analytic_accounting,25,PRIVILEGE_PARTIAL;HAS_XMLID_19
114,144,Soporte: Rol Administrador,Soporte,Administrador,32,Use Stages on Project,,,,,project.group_project_stages,25,PRIVILEGE_PARTIAL;HAS_XMLID_19
114,144,Soporte: Rol Administrador,Soporte,Administrador,33,Use Recurring Tasks,,,,,project.group_project_recurring_tasks,25,PRIVILEGE_PARTIAL;HAS_XMLID_19
114,144,Soporte: Rol Administrador,Soporte,Administrador,34,Use Task Dependencies,,,,,project.group_project_task_dependencies,25,PRIVILEGE_PARTIAL;HAS_XMLID_19
114,144,Soporte: Rol Administrador,Soporte,Administrador,35,Use Milestones,,,,,project.group_project_milestone,25,PRIVILEGE_PARTIAL;HAS_XMLID_19
114,144,Soporte: Rol Administrador,Soporte,Administrador,44,Consultas Postgres,,,,,sicpro_modulo_querydb.group_querydeluxe,25,PRIVILEGE_PARTIAL;HAS_XMLID_19
115,145,Materiales/Insumos: Rol Usuario,Materiales/Insumos,Usuario,36,Usuario,10,Gestor Documental,107,Servicios Corporativos,sicpro_app_gestor_documental.group_document_user,60,ROLE_NAME_EXACT;HAS_XMLID_19
115,145,Materiales/Insumos: Rol Usuario,Materiales/Insumos,Usuario,38,Usuario,11,Salón de Clases,107,Servicios Corporativos,sicpro_app_salon_clases.grupo_app_salon_clases_usuario,60,ROLE_NAME_EXACT;HAS_XMLID_19
115,145,Materiales/Insumos: Rol Usuario,Materiales/Insumos,Usuario,41,Usuario,12,Registros de auditoría,115,Registro de auditoría,sicpro_modulo_auditorias.group_auditlog_user,60,ROLE_NAME_EXACT;HAS_XMLID_19
115,145,Materiales/Insumos: Rol Usuario,Materiales/Insumos,Usuario,90,Usuario,30,Repositorio DVPE.,107,Servicios Corporativos,sicpro_app_repositorio_institucional.group_repositorio_institucional_user,60,ROLE_NAME_EXACT;HAS_XMLID_19
115,145,Materiales/Insumos: Rol Usuario,Materiales/Insumos,Usuario,95,Usuario,31,Reuniones,105,Gestión de Reuniones,sicpro_app_reuniones.group_reuniones_usuario,60,ROLE_NAME_EXACT;HAS_XMLID_19
115,145,Materiales/Insumos: Rol Usuario,Materiales/Insumos,Usuario,100,Usuario,32,Servicios Internos,107,Servicios Corporativos,sicpro_app_servicios_internos.grupo_app_internos_usuario,60,ROLE_NAME_EXACT;HAS_XMLID_19
115,145,Materiales/Insumos: Rol Usuario,Materiales/Insumos,Usuario,105,Usuario,33,Solicitudes de S.I.,107,Servicios Corporativos,sicpro_app_servicios_internos.grupo_app_internos_solicitudes_usuario,60,ROLE_NAME_EXACT;HAS_XMLID_19
115,145,Materiales/Insumos: Rol Usuario,Materiales/Insumos,Usuario,134,Usuario,43,Operaciones,110,Programa de la Vivienda,sicpro_app_programa_viviendas.grupo_app_vivienda_visualizar,60,ROLE_NAME_EXACT;HAS_XMLID_19
115,145,Materiales/Insumos: Rol Usuario,Materiales/Insumos,Usuario,46,Usuarios,15,CMI,108,Gestión de Producción,sicpro_app_cmi.grupo_app_cmi_usuario,35,ROLE_NAME_PARTIAL;HAS_XMLID_19
115,145,Materiales/Insumos: Rol Usuario,Materiales/Insumos,Usuario,50,Usuarios,16,Materiales e Insumos,102,Preparación Técnica,sicpro_app_materiales_insumos.grupo_app_materiales_insumos_usuario,35,ROLE_NAME_PARTIAL;HAS_XMLID_19
115,145,Materiales/Insumos: Rol Usuario,Materiales/Insumos,Usuario,54,Usuarios,17,Usuario del Proceso,97,Capital Humano,sicpro_app_trabajadores.grupo_app_trabajador_usuario_proceso,35,ROLE_NAME_PARTIAL;HAS_XMLID_19
115,145,Materiales/Insumos: Rol Usuario,Materiales/Insumos,Usuario,86,Usuarios,29,Metrología,106,Activos y Herramientas,sicpro_app_metrologia.grupo_app_metrologia_usuario,35,ROLE_NAME_PARTIAL;HAS_XMLID_19
115,145,Materiales/Insumos: Rol Usuario,Materiales/Insumos,Usuario,113,Usuarios,36,Transporte,98,Transportación,sicpro_app_transporte.grupo_app_transporte_usuario,35,ROLE_NAME_PARTIAL;HAS_XMLID_19
115,145,Materiales/Insumos: Rol Usuario,Materiales/Insumos,Usuario,117,Usuarios,37,Piquera,98,Transportación,sicpro_app_transporte.grupo_app_transporte_piquera_usuario,35,ROLE_NAME_PARTIAL;HAS_XMLID_19
115,145,Materiales/Insumos: Rol Usuario,Materiales/Insumos,Usuario,126,Usuarios,40,Clientes,101,Solicitudes de Obras,sicpro_app_clientes.grupo_app_clientes_usuario,35,ROLE_NAME_PARTIAL;HAS_XMLID_19
115,145,Materiales/Insumos: Rol Usuario,Materiales/Insumos,Usuario,130,Usuarios,41,Instrucciones,97,Capital Humano,sicpro_app_instrucciones.grupo_app_instruciones_usuario,35,ROLE_NAME_PARTIAL;HAS_XMLID_19
115,145,Materiales/Insumos: Rol Usuario,Materiales/Insumos,Usuario,141,Usuarios,44,Solicitudes,101,Solicitudes de Obras,sicpro_app_solicitudes.grupo_app_solicitud_usuario,35,ROLE_NAME_PARTIAL;HAS_XMLID_19
115,145,Materiales/Insumos: Rol Usuario,Materiales/Insumos,Usuario,1,Role / User,,,,,base.group_user,25,PRIVILEGE_PARTIAL;HAS_XMLID_19
115,145,Materiales/Insumos: Rol Usuario,Materiales/Insumos,Usuario,2,Access Rights,,,,,base.group_erp_manager,25,PRIVILEGE_PARTIAL;HAS_XMLID_19
115,145,Materiales/Insumos: Rol Usuario,Materiales/Insumos,Usuario,3,Bypass HTML Field Sanitize,,,,,base.group_sanitize_override,25,PRIVILEGE_PARTIAL;HAS_XMLID_19
115,145,Materiales/Insumos: Rol Usuario,Materiales/Insumos,Usuario,4,Role / Administrator,,,,,base.group_system,25,PRIVILEGE_PARTIAL;HAS_XMLID_19
115,145,Materiales/Insumos: Rol Usuario,Materiales/Insumos,Usuario,5,Multi Companies,,,,,base.group_multi_company,25,PRIVILEGE_PARTIAL;HAS_XMLID_19
115,145,Materiales/Insumos: Rol Usuario,Materiales/Insumos,Usuario,6,Multi Currencies,,,,,base.group_multi_currency,25,PRIVILEGE_PARTIAL;HAS_XMLID_19
115,145,Materiales/Insumos: Rol Usuario,Materiales/Insumos,Usuario,7,Technical Features,,,,,base.group_no_one,25,PRIVILEGE_PARTIAL;HAS_XMLID_19
115,145,Materiales/Insumos: Rol Usuario,Materiales/Insumos,Usuario,10,Role / Portal,,,,,base.group_portal,25,PRIVILEGE_PARTIAL;HAS_XMLID_19
115,145,Materiales/Insumos: Rol Usuario,Materiales/Insumos,Usuario,11,Role / Public,,,,,base.group_public,25,PRIVILEGE_PARTIAL;HAS_XMLID_19
115,145,Materiales/Insumos: Rol Usuario,Materiales/Insumos,Usuario,12,Default access for new users,,,,,base.default_user_group,25,PRIVILEGE_PARTIAL;HAS_XMLID_19
115,145,Materiales/Insumos: Rol Usuario,Materiales/Insumos,Usuario,13,Technical Documentation,,,,,api_doc.group_allow_doc,25,PRIVILEGE_PARTIAL;HAS_XMLID_19
115,145,Materiales/Insumos: Rol Usuario,Materiales/Insumos,Usuario,15,Mail Template Editor,,,,,mail.group_mail_template_editor,25,PRIVILEGE_PARTIAL;HAS_XMLID_19
115,145,Materiales/Insumos: Rol Usuario,Materiales/Insumos,Usuario,16,Receive notifications in Odoo,,,,,mail.group_mail_notification_type_inbox,25,PRIVILEGE_PARTIAL;HAS_XMLID_19
115,145,Materiales/Insumos: Rol Usuario,Materiales/Insumos,Usuario,25,Menus y Accesos Obsoletos,,,,,sicpro_app_administracion.grupo_app_administracion_obsoletos,25,PRIVILEGE_PARTIAL;HAS_XMLID_19
115,145,Materiales/Insumos: Rol Usuario,Materiales/Insumos,Usuario,26,Manage Multiple Units of Measure,,,,,uom.group_uom,25,PRIVILEGE_PARTIAL;HAS_XMLID_19
115,145,Materiales/Insumos: Rol Usuario,Materiales/Insumos,Usuario,27,Analytic Accounting,,,,,analytic.group_analytic_accounting,25,PRIVILEGE_PARTIAL;HAS_XMLID_19
115,145,Materiales/Insumos: Rol Usuario,Materiales/Insumos,Usuario,32,Use Stages on Project,,,,,project.group_project_stages,25,PRIVILEGE_PARTIAL;HAS_XMLID_19
115,145,Materiales/Insumos: Rol Usuario,Materiales/Insumos,Usuario,33,Use Recurring Tasks,,,,,project.group_project_recurring_tasks,25,PRIVILEGE_PARTIAL;HAS_XMLID_19
115,145,Materiales/Insumos: Rol Usuario,Materiales/Insumos,Usuario,34,Use Task Dependencies,,,,,project.group_project_task_dependencies,25,PRIVILEGE_PARTIAL;HAS_XMLID_19
115,145,Materiales/Insumos: Rol Usuario,Materiales/Insumos,Usuario,35,Use Milestones,,,,,project.group_project_milestone,25,PRIVILEGE_PARTIAL;HAS_XMLID_19
115,145,Materiales/Insumos: Rol Usuario,Materiales/Insumos,Usuario,44,Consultas Postgres,,,,,sicpro_modulo_querydb.group_querydeluxe,25,PRIVILEGE_PARTIAL;HAS_XMLID_19
115,145,Materiales/Insumos: Rol Usuario,Materiales/Insumos,Usuario,47,Ejecutor,15,CMI,108,Gestión de Producción,sicpro_app_cmi.grupo_app_cmi_ejecutor,10,IMPLIED_COMMON:usuarios;HAS_XMLID_19
115,145,Materiales/Insumos: Rol Usuario,Materiales/Insumos,Usuario,51,Ejecutor,16,Materiales e Insumos,102,Preparación Técnica,sicpro_app_materiales_insumos.grupo_app_materiales_insumos_ejecutor,10,IMPLIED_COMMON:usuarios;HAS_XMLID_19
115,145,Materiales/Insumos: Rol Usuario,Materiales/Insumos,Usuario,55,Todos los Trabajadores,17,Usuario del Proceso,97,Capital Humano,sicpro_app_trabajadores.grupo_app_trabajador_usuario_todos,10,IMPLIED_COMMON:usuarios;HAS_XMLID_19
115,145,Materiales/Insumos: Rol Usuario,Materiales/Insumos,Usuario,87,Ejecutor,29,Metrología,106,Activos y Herramientas,sicpro_app_metrologia.grupo_app_metrologia_ejecutor,10,IMPLIED_COMMON:usuarios;HAS_XMLID_19
115,145,Materiales/Insumos: Rol Usuario,Materiales/Insumos,Usuario,114,Ejecutor,36,Transporte,98,Transportación,sicpro_app_transporte.grupo_app_transporte_ejecutor,10,IMPLIED_COMMON:usuarios;HAS_XMLID_19
115,145,Materiales/Insumos: Rol Usuario,Materiales/Insumos,Usuario,118,Ejecutor,37,Piquera,98,Transportación,sicpro_app_transporte.grupo_app_transporte_piquera_ejecutor,10,IMPLIED_COMMON:usuarios;HAS_XMLID_19
115,145,Materiales/Insumos: Rol Usuario,Materiales/Insumos,Usuario,127,Ejecutor,40,Clientes,101,Solicitudes de Obras,sicpro_app_clientes.grupo_app_clientes_ejecutor,10,IMPLIED_COMMON:usuarios;HAS_XMLID_19
115,145,Materiales/Insumos: Rol Usuario,Materiales/Insumos,Usuario,131,Instructor,41,Instrucciones,97,Capital Humano,sicpro_app_instrucciones.grupo_app_instruciones_responsable,10,IMPLIED_COMMON:usuarios;HAS_XMLID_19
115,145,Materiales/Insumos: Rol Usuario,Materiales/Insumos,Usuario,142,Administrativos,44,Solicitudes,101,Solicitudes de Obras,sicpro_app_solicitudes.grupo_app_solicitud_usuario_vertodo,10,IMPLIED_COMMON:usuarios;HAS_XMLID_19
116,146,Materiales/Insumos: Rol Ejecutor,Materiales/Insumos,Ejecutor,37,Ejecutor,10,Gestor Documental,107,Servicios Corporativos,sicpro_app_gestor_documental.group_document_manager,60,ROLE_NAME_EXACT;HAS_XMLID_19
116,146,Materiales/Insumos: Rol Ejecutor,Materiales/Insumos,Ejecutor,47,Ejecutor,15,CMI,108,Gestión de Producción,sicpro_app_cmi.grupo_app_cmi_ejecutor,60,ROLE_NAME_EXACT;HAS_XMLID_19
116,146,Materiales/Insumos: Rol Ejecutor,Materiales/Insumos,Ejecutor,51,Ejecutor,16,Materiales e Insumos,102,Preparación Técnica,sicpro_app_materiales_insumos.grupo_app_materiales_insumos_ejecutor,60,ROLE_NAME_EXACT;HAS_XMLID_19
116,146,Materiales/Insumos: Rol Ejecutor,Materiales/Insumos,Ejecutor,69,Ejecutor,22,Seguridad y Salud,97,Capital Humano,sicpro_app_trabajadores.grupo_app_trabajador_seguridad_salud,60,ROLE_NAME_EXACT;HAS_XMLID_19
116,146,Materiales/Insumos: Rol Ejecutor,Materiales/Insumos,Ejecutor,72,Ejecutor,23,Ejecutor,109,Control de la información,sicpro_app_control_informacion.grupo_control_informacion_ejecutor,60,ROLE_NAME_EXACT;HAS_XMLID_19
116,146,Materiales/Insumos: Rol Ejecutor,Materiales/Insumos,Ejecutor,87,Ejecutor,29,Metrología,106,Activos y Herramientas,sicpro_app_metrologia.grupo_app_metrologia_ejecutor,60,ROLE_NAME_EXACT;HAS_XMLID_19
116,146,Materiales/Insumos: Rol Ejecutor,Materiales/Insumos,Ejecutor,109,Ejecutor,34,Soporte,113,Soporte Técnico,sicpro_app_soporte.group_soporte_ejecutor,60,ROLE_NAME_EXACT;HAS_XMLID_19
116,146,Materiales/Insumos: Rol Ejecutor,Materiales/Insumos,Ejecutor,114,Ejecutor,36,Transporte,98,Transportación,sicpro_app_transporte.grupo_app_transporte_ejecutor,60,ROLE_NAME_EXACT;HAS_XMLID_19
116,146,Materiales/Insumos: Rol Ejecutor,Materiales/Insumos,Ejecutor,118,Ejecutor,37,Piquera,98,Transportación,sicpro_app_transporte.grupo_app_transporte_piquera_ejecutor,60,ROLE_NAME_EXACT;HAS_XMLID_19
116,146,Materiales/Insumos: Rol Ejecutor,Materiales/Insumos,Ejecutor,120,Ejecutor,38,Víveres Logística,111,Alimentación,sicpro_app_viveres.grupo_app_viveres_resumen_ejecutor,60,ROLE_NAME_EXACT;HAS_XMLID_19
116,146,Materiales/Insumos: Rol Ejecutor,Materiales/Insumos,Ejecutor,124,Ejecutor,39,Víveres Áreas,111,Alimentación,sicpro_app_viveres.grupo_app_viveres_areas_ejecutor,60,ROLE_NAME_EXACT;HAS_XMLID_19
116,146,Materiales/Insumos: Rol Ejecutor,Materiales/Insumos,Ejecutor,127,Ejecutor,40,Clientes,101,Solicitudes de Obras,sicpro_app_clientes.grupo_app_clientes_ejecutor,60,ROLE_NAME_EXACT;HAS_XMLID_19
116,146,Materiales/Insumos: Rol Ejecutor,Materiales/Insumos,Ejecutor,145,Ejecutor,45,Inversionistas,101,Solicitudes de Obras,sicpro_app_solicitudes.grupo_app_iniciativas_ejecutor,60,ROLE_NAME_EXACT;HAS_XMLID_19
116,146,Materiales/Insumos: Rol Ejecutor,Materiales/Insumos,Ejecutor,147,Ejecutor,46,Negociación,101,Solicitudes de Obras,sicpro_app_solicitudes.grupo_app_negocio_ejecutor,60,ROLE_NAME_EXACT;HAS_XMLID_19
116,146,Materiales/Insumos: Rol Ejecutor,Materiales/Insumos,Ejecutor,148,Ejecutor,47,Revisión del Negocio,101,Solicitudes de Obras,sicpro_app_solicitudes.grupo_app_negocio_pg_ejecutor,60,ROLE_NAME_EXACT;HAS_XMLID_19
116,146,Materiales/Insumos: Rol Ejecutor,Materiales/Insumos,Ejecutor,149,Ejecutor,48,Distribuidores,101,Solicitudes de Obras,sicpro_app_solicitudes.grupo_app_ejecutor_ejecutor,60,ROLE_NAME_EXACT;HAS_XMLID_19
116,146,Materiales/Insumos: Rol Ejecutor,Materiales/Insumos,Ejecutor,101,Ejecutor de Servicios,32,Servicios Internos,107,Servicios Corporativos,sicpro_app_servicios_internos.grupo_app_internos_ejecutor_servicios,35,ROLE_NAME_PARTIAL;HAS_XMLID_19
116,146,Materiales/Insumos: Rol Ejecutor,Materiales/Insumos,Ejecutor,102,Ejecutor Corporativo,32,Servicios Internos,107,Servicios Corporativos,sicpro_app_servicios_internos.grupo_app_internos_ejecutor_interno,35,ROLE_NAME_PARTIAL;HAS_XMLID_19
116,146,Materiales/Insumos: Rol Ejecutor,Materiales/Insumos,Ejecutor,106,Ejecutor de Solicitud,33,Solicitudes de S.I.,107,Servicios Corporativos,sicpro_app_servicios_internos.grupo_app_internos_solicitudes_ejecutor,35,ROLE_NAME_PARTIAL;HAS_XMLID_19
116,146,Materiales/Insumos: Rol Ejecutor,Materiales/Insumos,Ejecutor,164,Gestión del Ejecutor,53,Transferencias,104,Gestión de Gastos,sicpro_app_transferencias_gastos.grupo_transferencias_ejecutores_procesos,35,ROLE_NAME_PARTIAL;HAS_XMLID_19
116,146,Materiales/Insumos: Rol Ejecutor,Materiales/Insumos,Ejecutor,1,Role / User,,,,,base.group_user,25,PRIVILEGE_PARTIAL;HAS_XMLID_19
116,146,Materiales/Insumos: Rol Ejecutor,Materiales/Insumos,Ejecutor,2,Access Rights,,,,,base.group_erp_manager,25,PRIVILEGE_PARTIAL;HAS_XMLID_19
116,146,Materiales/Insumos: Rol Ejecutor,Materiales/Insumos,Ejecutor,3,Bypass HTML Field Sanitize,,,,,base.group_sanitize_override,25,PRIVILEGE_PARTIAL;HAS_XMLID_19
116,146,Materiales/Insumos: Rol Ejecutor,Materiales/Insumos,Ejecutor,4,Role / Administrator,,,,,base.group_system,25,PRIVILEGE_PARTIAL;HAS_XMLID_19
116,146,Materiales/Insumos: Rol Ejecutor,Materiales/Insumos,Ejecutor,5,Multi Companies,,,,,base.group_multi_company,25,PRIVILEGE_PARTIAL;HAS_XMLID_19
116,146,Materiales/Insumos: Rol Ejecutor,Materiales/Insumos,Ejecutor,6,Multi Currencies,,,,,base.group_multi_currency,25,PRIVILEGE_PARTIAL;HAS_XMLID_19
116,146,Materiales/Insumos: Rol Ejecutor,Materiales/Insumos,Ejecutor,7,Technical Features,,,,,base.group_no_one,25,PRIVILEGE_PARTIAL;HAS_XMLID_19
116,146,Materiales/Insumos: Rol Ejecutor,Materiales/Insumos,Ejecutor,10,Role / Portal,,,,,base.group_portal,25,PRIVILEGE_PARTIAL;HAS_XMLID_19
116,146,Materiales/Insumos: Rol Ejecutor,Materiales/Insumos,Ejecutor,11,Role / Public,,,,,base.group_public,25,PRIVILEGE_PARTIAL;HAS_XMLID_19
116,146,Materiales/Insumos: Rol Ejecutor,Materiales/Insumos,Ejecutor,12,Default access for new users,,,,,base.default_user_group,25,PRIVILEGE_PARTIAL;HAS_XMLID_19
116,146,Materiales/Insumos: Rol Ejecutor,Materiales/Insumos,Ejecutor,13,Technical Documentation,,,,,api_doc.group_allow_doc,25,PRIVILEGE_PARTIAL;HAS_XMLID_19
116,146,Materiales/Insumos: Rol Ejecutor,Materiales/Insumos,Ejecutor,15,Mail Template Editor,,,,,mail.group_mail_template_editor,25,PRIVILEGE_PARTIAL;HAS_XMLID_19
116,146,Materiales/Insumos: Rol Ejecutor,Materiales/Insumos,Ejecutor,16,Receive notifications in Odoo,,,,,mail.group_mail_notification_type_inbox,25,PRIVILEGE_PARTIAL;HAS_XMLID_19
116,146,Materiales/Insumos: Rol Ejecutor,Materiales/Insumos,Ejecutor,25,Menus y Accesos Obsoletos,,,,,sicpro_app_administracion.grupo_app_administracion_obsoletos,25,PRIVILEGE_PARTIAL;HAS_XMLID_19
116,146,Materiales/Insumos: Rol Ejecutor,Materiales/Insumos,Ejecutor,26,Manage Multiple Units of Measure,,,,,uom.group_uom,25,PRIVILEGE_PARTIAL;HAS_XMLID_19
116,146,Materiales/Insumos: Rol Ejecutor,Materiales/Insumos,Ejecutor,27,Analytic Accounting,,,,,analytic.group_analytic_accounting,25,PRIVILEGE_PARTIAL;HAS_XMLID_19
116,146,Materiales/Insumos: Rol Ejecutor,Materiales/Insumos,Ejecutor,32,Use Stages on Project,,,,,project.group_project_stages,25,PRIVILEGE_PARTIAL;HAS_XMLID_19
116,146,Materiales/Insumos: Rol Ejecutor,Materiales/Insumos,Ejecutor,33,Use Recurring Tasks,,,,,project.group_project_recurring_tasks,25,PRIVILEGE_PARTIAL;HAS_XMLID_19
116,146,Materiales/Insumos: Rol Ejecutor,Materiales/Insumos,Ejecutor,34,Use Task Dependencies,,,,,project.group_project_task_dependencies,25,PRIVILEGE_PARTIAL;HAS_XMLID_19
116,146,Materiales/Insumos: Rol Ejecutor,Materiales/Insumos,Ejecutor,35,Use Milestones,,,,,project.group_project_milestone,25,PRIVILEGE_PARTIAL;HAS_XMLID_19
116,146,Materiales/Insumos: Rol Ejecutor,Materiales/Insumos,Ejecutor,44,Consultas Postgres,,,,,sicpro_modulo_querydb.group_querydeluxe,25,PRIVILEGE_PARTIAL;HAS_XMLID_19
116,146,Materiales/Insumos: Rol Ejecutor,Materiales/Insumos,Ejecutor,48,Responsable,15,CMI,108,Gestión de Producción,sicpro_app_cmi.grupo_app_cmi_responsable,10,IMPLIED_COMMON:ejecutor;HAS_XMLID_19
116,146,Materiales/Insumos: Rol Ejecutor,Materiales/Insumos,Ejecutor,52,Responsable,16,Materiales e Insumos,102,Preparación Técnica,sicpro_app_materiales_insumos.grupo_app_materiales_insumos_responsable,10,IMPLIED_COMMON:ejecutor;HAS_XMLID_19
116,146,Materiales/Insumos: Rol Ejecutor,Materiales/Insumos,Ejecutor,70,Responsable,22,Seguridad y Salud,97,Capital Humano,sicpro_app_trabajadores.grupo_app_trabajador_seguridad_salud_responsable,10,IMPLIED_COMMON:ejecutor;HAS_XMLID_19
116,146,Materiales/Insumos: Rol Ejecutor,Materiales/Insumos,Ejecutor,88,Responsable,29,Metrología,106,Activos y Herramientas,sicpro_app_metrologia.grupo_app_metrologia_responsable,10,IMPLIED_COMMON:ejecutor;HAS_XMLID_19
116,146,Materiales/Insumos: Rol Ejecutor,Materiales/Insumos,Ejecutor,110,Responsable,34,Soporte,113,Soporte Técnico,sicpro_app_soporte.group_soporte_responsable,10,IMPLIED_COMMON:ejecutor;HAS_XMLID_19
116,146,Materiales/Insumos: Rol Ejecutor,Materiales/Insumos,Ejecutor,115,Responsable,36,Transporte,98,Transportación,sicpro_app_transporte.grupo_app_transporte_responsable,10,IMPLIED_COMMON:ejecutor;HAS_XMLID_19
116,146,Materiales/Insumos: Rol Ejecutor,Materiales/Insumos,Ejecutor,121,Responsable,38,Víveres Logística,111,Alimentación,sicpro_app_viveres.grupo_app_viveres_resumen_responsable,10,IMPLIED_COMMON:ejecutor;HAS_XMLID_19
116,146,Materiales/Insumos: Rol Ejecutor,Materiales/Insumos,Ejecutor,125,Jefe,39,Víveres Áreas,111,Alimentación,sicpro_app_viveres.grupo_app_viveres_areas_responsable,10,IMPLIED_COMMON:ejecutor;HAS_XMLID_19
116,146,Materiales/Insumos: Rol Ejecutor,Materiales/Insumos,Ejecutor,128,Responsable,40,Clientes,101,Solicitudes de Obras,sicpro_app_clientes.grupo_app_clientes_responsable,10,IMPLIED_COMMON:ejecutor;HAS_XMLID_19
116,146,Materiales/Insumos: Rol Ejecutor,Materiales/Insumos,Ejecutor,146,Territorial,45,Inversionistas,101,Solicitudes de Obras,sicpro_app_solicitudes.grupo_app_iniciativas_territorios,10,IMPLIED_COMMON:ejecutor;HAS_XMLID_19
117,147,Materiales/Insumos: Rol Responsable,Materiales/Insumos,Responsable,39,Responsable,11,Salón de Clases,107,Servicios Corporativos,sicpro_app_salon_clases.grupo_app_salon_clases_responsable,60,ROLE_NAME_EXACT;HAS_XMLID_19
117,147,Materiales/Insumos: Rol Responsable,Materiales/Insumos,Responsable,48,Responsable,15,CMI,108,Gestión de Producción,sicpro_app_cmi.grupo_app_cmi_responsable,60,ROLE_NAME_EXACT;HAS_XMLID_19
117,147,Materiales/Insumos: Rol Responsable,Materiales/Insumos,Responsable,52,Responsable,16,Materiales e Insumos,102,Preparación Técnica,sicpro_app_materiales_insumos.grupo_app_materiales_insumos_responsable,60,ROLE_NAME_EXACT;HAS_XMLID_19
117,147,Materiales/Insumos: Rol Responsable,Materiales/Insumos,Responsable,57,Responsable,18,Trabajadores,97,Capital Humano,sicpro_app_trabajadores.grupo_app_trabajador_responsable,60,ROLE_NAME_EXACT;HAS_XMLID_19
117,147,Materiales/Insumos: Rol Responsable,Materiales/Insumos,Responsable,60,Responsable,19,Equipo Técnico,97,Capital Humano,sicpro_app_trabajadores.grupo_app_trabajador_equipos_responsable,60,ROLE_NAME_EXACT;HAS_XMLID_19
117,147,Materiales/Insumos: Rol Responsable,Materiales/Insumos,Responsable,65,Responsable,20,Disciplinarias,97,Capital Humano,sicpro_app_trabajadores.grupo_app_trabajador_disciplina_responsable,60,ROLE_NAME_EXACT;HAS_XMLID_19
117,147,Materiales/Insumos: Rol Responsable,Materiales/Insumos,Responsable,68,Responsable,21,Capacitación,97,Capital Humano,sicpro_app_trabajadores.grupo_app_trabajador_capacitacion_responsable,60,ROLE_NAME_EXACT;HAS_XMLID_19
117,147,Materiales/Insumos: Rol Responsable,Materiales/Insumos,Responsable,70,Responsable,22,Seguridad y Salud,97,Capital Humano,sicpro_app_trabajadores.grupo_app_trabajador_seguridad_salud_responsable,60,ROLE_NAME_EXACT;HAS_XMLID_19
117,147,Materiales/Insumos: Rol Responsable,Materiales/Insumos,Responsable,75,Responsable,25,Control,109,Control de la información,sicpro_app_control_informacion.grupo_control_informacion_responsable,60,ROLE_NAME_EXACT;HAS_XMLID_19
117,147,Materiales/Insumos: Rol Responsable,Materiales/Insumos,Responsable,78,Responsable,26,Credenciales,97,Capital Humano,sicpro_app_credenciales.grupo_app_credenciales_responsable,60,ROLE_NAME_EXACT;HAS_XMLID_19
117,147,Materiales/Insumos: Rol Responsable,Materiales/Insumos,Responsable,82,Responsable,27,Medios Informáticos,112,Informática,sicpro_app_medios_informaticos.grupo_app_medios_informaticos_responsable,60,ROLE_NAME_EXACT;HAS_XMLID_19
117,147,Materiales/Insumos: Rol Responsable,Materiales/Insumos,Responsable,88,Responsable,29,Metrología,106,Activos y Herramientas,sicpro_app_metrologia.grupo_app_metrologia_responsable,60,ROLE_NAME_EXACT;HAS_XMLID_19
117,147,Materiales/Insumos: Rol Responsable,Materiales/Insumos,Responsable,93,Responsable,30,Repositorio DVPE.,107,Servicios Corporativos,sicpro_app_repositorio_institucional.group_repositorio_institucional_responsable,60,ROLE_NAME_EXACT;HAS_XMLID_19
117,147,Materiales/Insumos: Rol Responsable,Materiales/Insumos,Responsable,98,Responsable,31,Reuniones,105,Gestión de Reuniones,sicpro_app_reuniones.group_reuniones_responsable,60,ROLE_NAME_EXACT;HAS_XMLID_19
117,147,Materiales/Insumos: Rol Responsable,Materiales/Insumos,Responsable,103,Responsable,32,Servicios Internos,107,Servicios Corporativos,sicpro_app_servicios_internos.grupo_app_internos_responsable,60,ROLE_NAME_EXACT;HAS_XMLID_19
117,147,Materiales/Insumos: Rol Responsable,Materiales/Insumos,Responsable,110,Responsable,34,Soporte,113,Soporte Técnico,sicpro_app_soporte.group_soporte_responsable,60,ROLE_NAME_EXACT;HAS_XMLID_19
117,147,Materiales/Insumos: Rol Responsable,Materiales/Insumos,Responsable,115,Responsable,36,Transporte,98,Transportación,sicpro_app_transporte.grupo_app_transporte_responsable,60,ROLE_NAME_EXACT;HAS_XMLID_19
117,147,Materiales/Insumos: Rol Responsable,Materiales/Insumos,Responsable,121,Responsable,38,Víveres Logística,111,Alimentación,sicpro_app_viveres.grupo_app_viveres_resumen_responsable,60,ROLE_NAME_EXACT;HAS_XMLID_19
117,147,Materiales/Insumos: Rol Responsable,Materiales/Insumos,Responsable,128,Responsable,40,Clientes,101,Solicitudes de Obras,sicpro_app_clientes.grupo_app_clientes_responsable,60,ROLE_NAME_EXACT;HAS_XMLID_19
117,147,Materiales/Insumos: Rol Responsable,Materiales/Insumos,Responsable,139,Responsable,43,Operaciones,110,Programa de la Vivienda,sicpro_app_programa_viviendas.grupo_app_vivienda_responsable,60,ROLE_NAME_EXACT;HAS_XMLID_19
117,147,Materiales/Insumos: Rol Responsable,Materiales/Insumos,Responsable,143,Responsable,44,Solicitudes,101,Solicitudes de Obras,sicpro_app_solicitudes.grupo_app_solicitud_responsable,60,ROLE_NAME_EXACT;HAS_XMLID_19
117,147,Materiales/Insumos: Rol Responsable,Materiales/Insumos,Responsable,151,Responsable,49,Especialista Ejecutor,101,Solicitudes de Obras,sicpro_app_solicitudes.grupo_app_grupos_ejecutor,60,ROLE_NAME_EXACT;HAS_XMLID_19
117,147,Materiales/Insumos: Rol Responsable,Materiales/Insumos,Responsable,154,Responsable,50,Usuarios Internos,103,Órdenes de Trabajo,sicpro_app_ordenes_trabajo.grupo_ordenes_responsable,60,ROLE_NAME_EXACT;HAS_XMLID_19
117,147,Materiales/Insumos: Rol Responsable,Materiales/Insumos,Responsable,167,Responsable,53,Transferencias,104,Gestión de Gastos,sicpro_app_transferencias_gastos.grupo_transferencias_responsable,60,ROLE_NAME_EXACT;HAS_XMLID_19
117,147,Materiales/Insumos: Rol Responsable,Materiales/Insumos,Responsable,1,Role / User,,,,,base.group_user,25,PRIVILEGE_PARTIAL;HAS_XMLID_19
117,147,Materiales/Insumos: Rol Responsable,Materiales/Insumos,Responsable,2,Access Rights,,,,,base.group_erp_manager,25,PRIVILEGE_PARTIAL;HAS_XMLID_19
117,147,Materiales/Insumos: Rol Responsable,Materiales/Insumos,Responsable,3,Bypass HTML Field Sanitize,,,,,base.group_sanitize_override,25,PRIVILEGE_PARTIAL;HAS_XMLID_19
117,147,Materiales/Insumos: Rol Responsable,Materiales/Insumos,Responsable,4,Role / Administrator,,,,,base.group_system,25,PRIVILEGE_PARTIAL;HAS_XMLID_19
117,147,Materiales/Insumos: Rol Responsable,Materiales/Insumos,Responsable,5,Multi Companies,,,,,base.group_multi_company,25,PRIVILEGE_PARTIAL;HAS_XMLID_19
117,147,Materiales/Insumos: Rol Responsable,Materiales/Insumos,Responsable,6,Multi Currencies,,,,,base.group_multi_currency,25,PRIVILEGE_PARTIAL;HAS_XMLID_19
117,147,Materiales/Insumos: Rol Responsable,Materiales/Insumos,Responsable,7,Technical Features,,,,,base.group_no_one,25,PRIVILEGE_PARTIAL;HAS_XMLID_19
117,147,Materiales/Insumos: Rol Responsable,Materiales/Insumos,Responsable,10,Role / Portal,,,,,base.group_portal,25,PRIVILEGE_PARTIAL;HAS_XMLID_19
117,147,Materiales/Insumos: Rol Responsable,Materiales/Insumos,Responsable,11,Role / Public,,,,,base.group_public,25,PRIVILEGE_PARTIAL;HAS_XMLID_19
117,147,Materiales/Insumos: Rol Responsable,Materiales/Insumos,Responsable,12,Default access for new users,,,,,base.default_user_group,25,PRIVILEGE_PARTIAL;HAS_XMLID_19
117,147,Materiales/Insumos: Rol Responsable,Materiales/Insumos,Responsable,13,Technical Documentation,,,,,api_doc.group_allow_doc,25,PRIVILEGE_PARTIAL;HAS_XMLID_19
117,147,Materiales/Insumos: Rol Responsable,Materiales/Insumos,Responsable,15,Mail Template Editor,,,,,mail.group_mail_template_editor,25,PRIVILEGE_PARTIAL;HAS_XMLID_19
117,147,Materiales/Insumos: Rol Responsable,Materiales/Insumos,Responsable,16,Receive notifications in Odoo,,,,,mail.group_mail_notification_type_inbox,25,PRIVILEGE_PARTIAL;HAS_XMLID_19
117,147,Materiales/Insumos: Rol Responsable,Materiales/Insumos,Responsable,25,Menus y Accesos Obsoletos,,,,,sicpro_app_administracion.grupo_app_administracion_obsoletos,25,PRIVILEGE_PARTIAL;HAS_XMLID_19
117,147,Materiales/Insumos: Rol Responsable,Materiales/Insumos,Responsable,26,Manage Multiple Units of Measure,,,,,uom.group_uom,25,PRIVILEGE_PARTIAL;HAS_XMLID_19
117,147,Materiales/Insumos: Rol Responsable,Materiales/Insumos,Responsable,27,Analytic Accounting,,,,,analytic.group_analytic_accounting,25,PRIVILEGE_PARTIAL;HAS_XMLID_19
117,147,Materiales/Insumos: Rol Responsable,Materiales/Insumos,Responsable,32,Use Stages on Project,,,,,project.group_project_stages,25,PRIVILEGE_PARTIAL;HAS_XMLID_19
117,147,Materiales/Insumos: Rol Responsable,Materiales/Insumos,Responsable,33,Use Recurring Tasks,,,,,project.group_project_recurring_tasks,25,PRIVILEGE_PARTIAL;HAS_XMLID_19
117,147,Materiales/Insumos: Rol Responsable,Materiales/Insumos,Responsable,34,Use Task Dependencies,,,,,project.group_project_task_dependencies,25,PRIVILEGE_PARTIAL;HAS_XMLID_19
117,147,Materiales/Insumos: Rol Responsable,Materiales/Insumos,Responsable,35,Use Milestones,,,,,project.group_project_milestone,25,PRIVILEGE_PARTIAL;HAS_XMLID_19
117,147,Materiales/Insumos: Rol Responsable,Materiales/Insumos,Responsable,44,Consultas Postgres,,,,,sicpro_modulo_querydb.group_querydeluxe,25,PRIVILEGE_PARTIAL;HAS_XMLID_19
117,147,Materiales/Insumos: Rol Responsable,Materiales/Insumos,Responsable,40,Administrador,11,Salón de Clases,107,Servicios Corporativos,sicpro_app_salon_clases.grupo_app_salon_clases_admin,10,IMPLIED_COMMON:responsable;HAS_XMLID_19
117,147,Materiales/Insumos: Rol Responsable,Materiales/Insumos,Responsable,49,Administrador,15,CMI,108,Gestión de Producción,sicpro_app_cmi.grupo_app_cmi_admin,10,IMPLIED_COMMON:responsable;HAS_XMLID_19
117,147,Materiales/Insumos: Rol Responsable,Materiales/Insumos,Responsable,53,Administrador,16,Materiales e Insumos,102,Preparación Técnica,sicpro_app_materiales_insumos.grupo_app_materiales_insumos_admin,10,IMPLIED_COMMON:responsable;HAS_XMLID_19
117,147,Materiales/Insumos: Rol Responsable,Materiales/Insumos,Responsable,58,Administrador,18,Trabajadores,97,Capital Humano,sicpro_app_trabajadores.grupo_app_trabajador_admin,10,IMPLIED_COMMON:responsable;HAS_XMLID_19
117,147,Materiales/Insumos: Rol Responsable,Materiales/Insumos,Responsable,61,Administrador,19,Equipo Técnico,97,Capital Humano,sicpro_app_trabajadores.grupo_app_trabajador_equipos_admin,10,IMPLIED_COMMON:responsable;HAS_XMLID_19
117,147,Materiales/Insumos: Rol Responsable,Materiales/Insumos,Responsable,66,Administrador,20,Disciplinarias,97,Capital Humano,sicpro_app_trabajadores.grupo_app_trabajador_disciplina_admin,10,IMPLIED_COMMON:responsable;HAS_XMLID_19
117,147,Materiales/Insumos: Rol Responsable,Materiales/Insumos,Responsable,76,Administrador,25,Control,109,Control de la información,sicpro_app_control_informacion.grupo_control_informacion_admin,10,IMPLIED_COMMON:responsable;HAS_XMLID_19
117,147,Materiales/Insumos: Rol Responsable,Materiales/Insumos,Responsable,79,Administrador,26,Credenciales,97,Capital Humano,sicpro_app_credenciales.grupo_app_credenciales_admin,10,IMPLIED_COMMON:responsable;HAS_XMLID_19
117,147,Materiales/Insumos: Rol Responsable,Materiales/Insumos,Responsable,83,Administrador,27,Medios Informáticos,112,Informática,sicpro_app_medios_informaticos.grupo_app_medios_informaticos_admin,10,IMPLIED_COMMON:responsable;HAS_XMLID_19
117,147,Materiales/Insumos: Rol Responsable,Materiales/Insumos,Responsable,89,Administrador,29,Metrología,106,Activos y Herramientas,sicpro_app_metrologia.grupo_app_metrologia_admin,10,IMPLIED_COMMON:responsable;HAS_XMLID_19
117,147,Materiales/Insumos: Rol Responsable,Materiales/Insumos,Responsable,94,Administrador,30,Repositorio DVPE.,107,Servicios Corporativos,sicpro_app_repositorio_institucional.group_repositorio_institucional_admin,10,IMPLIED_COMMON:responsable;HAS_XMLID_19
117,147,Materiales/Insumos: Rol Responsable,Materiales/Insumos,Responsable,99,Administrator,31,Reuniones,105,Gestión de Reuniones,sicpro_app_reuniones.group_reuniones_admin,10,IMPLIED_COMMON:responsable;HAS_XMLID_19
117,147,Materiales/Insumos: Rol Responsable,Materiales/Insumos,Responsable,104,Administrador,32,Servicios Internos,107,Servicios Corporativos,sicpro_app_servicios_internos.grupo_app_internos_admin,10,IMPLIED_COMMON:responsable;HAS_XMLID_19
117,147,Materiales/Insumos: Rol Responsable,Materiales/Insumos,Responsable,111,Administrador,34,Soporte,113,Soporte Técnico,sicpro_app_soporte.group_soporte_admin,10,IMPLIED_COMMON:responsable;HAS_XMLID_19
117,147,Materiales/Insumos: Rol Responsable,Materiales/Insumos,Responsable,116,Administrador,36,Transporte,98,Transportación,sicpro_app_transporte.grupo_app_transporte_admin,10,IMPLIED_COMMON:responsable;HAS_XMLID_19
117,147,Materiales/Insumos: Rol Responsable,Materiales/Insumos,Responsable,122,Administrador,38,Víveres Logística,111,Alimentación,sicpro_app_viveres.grupo_app_viveres_admin,10,IMPLIED_COMMON:responsable;HAS_XMLID_19
117,147,Materiales/Insumos: Rol Responsable,Materiales/Insumos,Responsable,129,Administrador,40,Clientes,101,Solicitudes de Obras,sicpro_app_clientes.grupo_app_clientes_admin,10,IMPLIED_COMMON:responsable;HAS_XMLID_19
117,147,Materiales/Insumos: Rol Responsable,Materiales/Insumos,Responsable,140,Administrador,43,Operaciones,110,Programa de la Vivienda,sicpro_app_programa_viviendas.grupo_app_vivienda_admin,10,IMPLIED_COMMON:responsable;HAS_XMLID_19
117,147,Materiales/Insumos: Rol Responsable,Materiales/Insumos,Responsable,144,Administrador,44,Solicitudes,101,Solicitudes de Obras,sicpro_app_solicitudes.grupo_app_solicitud_admin,10,IMPLIED_COMMON:responsable;HAS_XMLID_19
117,147,Materiales/Insumos: Rol Responsable,Materiales/Insumos,Responsable,155,Administrador,50,Usuarios Internos,103,Órdenes de Trabajo,sicpro_app_ordenes_trabajo.grupo_ordenes_admin,10,IMPLIED_COMMON:responsable;HAS_XMLID_19
117,147,Materiales/Insumos: Rol Responsable,Materiales/Insumos,Responsable,168,Administrador,53,Transferencias,104,Gestión de Gastos,sicpro_app_transferencias_gastos.grupo_transferencias_admin,10,IMPLIED_COMMON:responsable;HAS_XMLID_19
118,148,Materiales/Insumos: Rol Administrador,Materiales/Insumos,Administrador,17,Administrador,4,Administrar SICPRO,94,Administración SICPRO ERP,sicpro_app_administracion.grupo_app_administracion_admin,60,ROLE_NAME_EXACT;HAS_XMLID_19
118,148,Materiales/Insumos: Rol Administrador,Materiales/Insumos,Administrador,40,Administrador,11,Salón de Clases,107,Servicios Corporativos,sicpro_app_salon_clases.grupo_app_salon_clases_admin,60,ROLE_NAME_EXACT;HAS_XMLID_19
118,148,Materiales/Insumos: Rol Administrador,Materiales/Insumos,Administrador,42,Administrador,12,Registros de auditoría,115,Registro de auditoría,sicpro_modulo_auditorias.group_auditlog_manager,60,ROLE_NAME_EXACT;HAS_XMLID_19
118,148,Materiales/Insumos: Rol Administrador,Materiales/Insumos,Administrador,43,Administrador,13,Nomencladores,94,Administración SICPRO ERP,sicpro_modulo_nomencladores.grupo_sicpro_nomencladores_admin,60,ROLE_NAME_EXACT;HAS_XMLID_19
118,148,Materiales/Insumos: Rol Administrador,Materiales/Insumos,Administrador,49,Administrador,15,CMI,108,Gestión de Producción,sicpro_app_cmi.grupo_app_cmi_admin,60,ROLE_NAME_EXACT;HAS_XMLID_19
118,148,Materiales/Insumos: Rol Administrador,Materiales/Insumos,Administrador,53,Administrador,16,Materiales e Insumos,102,Preparación Técnica,sicpro_app_materiales_insumos.grupo_app_materiales_insumos_admin,60,ROLE_NAME_EXACT;HAS_XMLID_19
118,148,Materiales/Insumos: Rol Administrador,Materiales/Insumos,Administrador,58,Administrador,18,Trabajadores,97,Capital Humano,sicpro_app_trabajadores.grupo_app_trabajador_admin,60,ROLE_NAME_EXACT;HAS_XMLID_19
118,148,Materiales/Insumos: Rol Administrador,Materiales/Insumos,Administrador,61,Administrador,19,Equipo Técnico,97,Capital Humano,sicpro_app_trabajadores.grupo_app_trabajador_equipos_admin,60,ROLE_NAME_EXACT;HAS_XMLID_19
118,148,Materiales/Insumos: Rol Administrador,Materiales/Insumos,Administrador,66,Administrador,20,Disciplinarias,97,Capital Humano,sicpro_app_trabajadores.grupo_app_trabajador_disciplina_admin,60,ROLE_NAME_EXACT;HAS_XMLID_19
118,148,Materiales/Insumos: Rol Administrador,Materiales/Insumos,Administrador,76,Administrador,25,Control,109,Control de la información,sicpro_app_control_informacion.grupo_control_informacion_admin,60,ROLE_NAME_EXACT;HAS_XMLID_19
118,148,Materiales/Insumos: Rol Administrador,Materiales/Insumos,Administrador,79,Administrador,26,Credenciales,97,Capital Humano,sicpro_app_credenciales.grupo_app_credenciales_admin,60,ROLE_NAME_EXACT;HAS_XMLID_19
118,148,Materiales/Insumos: Rol Administrador,Materiales/Insumos,Administrador,83,Administrador,27,Medios Informáticos,112,Informática,sicpro_app_medios_informaticos.grupo_app_medios_informaticos_admin,60,ROLE_NAME_EXACT;HAS_XMLID_19
118,148,Materiales/Insumos: Rol Administrador,Materiales/Insumos,Administrador,89,Administrador,29,Metrología,106,Activos y Herramientas,sicpro_app_metrologia.grupo_app_metrologia_admin,60,ROLE_NAME_EXACT;HAS_XMLID_19
118,148,Materiales/Insumos: Rol Administrador,Materiales/Insumos,Administrador,94,Administrador,30,Repositorio DVPE.,107,Servicios Corporativos,sicpro_app_repositorio_institucional.group_repositorio_institucional_admin,60,ROLE_NAME_EXACT;HAS_XMLID_19
118,148,Materiales/Insumos: Rol Administrador,Materiales/Insumos,Administrador,104,Administrador,32,Servicios Internos,107,Servicios Corporativos,sicpro_app_servicios_internos.grupo_app_internos_admin,60,ROLE_NAME_EXACT;HAS_XMLID_19
118,148,Materiales/Insumos: Rol Administrador,Materiales/Insumos,Administrador,111,Administrador,34,Soporte,113,Soporte Técnico,sicpro_app_soporte.group_soporte_admin,60,ROLE_NAME_EXACT;HAS_XMLID_19
118,148,Materiales/Insumos: Rol Administrador,Materiales/Insumos,Administrador,116,Administrador,36,Transporte,98,Transportación,sicpro_app_transporte.grupo_app_transporte_admin,60,ROLE_NAME_EXACT;HAS_XMLID_19
118,148,Materiales/Insumos: Rol Administrador,Materiales/Insumos,Administrador,122,Administrador,38,Víveres Logística,111,Alimentación,sicpro_app_viveres.grupo_app_viveres_admin,60,ROLE_NAME_EXACT;HAS_XMLID_19
118,148,Materiales/Insumos: Rol Administrador,Materiales/Insumos,Administrador,129,Administrador,40,Clientes,101,Solicitudes de Obras,sicpro_app_clientes.grupo_app_clientes_admin,60,ROLE_NAME_EXACT;HAS_XMLID_19
118,148,Materiales/Insumos: Rol Administrador,Materiales/Insumos,Administrador,132,Administrador,41,Instrucciones,97,Capital Humano,sicpro_app_instrucciones.grupo_app_instruciones_admin,60,ROLE_NAME_EXACT;HAS_XMLID_19
118,148,Materiales/Insumos: Rol Administrador,Materiales/Insumos,Administrador,140,Administrador,43,Operaciones,110,Programa de la Vivienda,sicpro_app_programa_viviendas.grupo_app_vivienda_admin,60,ROLE_NAME_EXACT;HAS_XMLID_19
118,148,Materiales/Insumos: Rol Administrador,Materiales/Insumos,Administrador,144,Administrador,44,Solicitudes,101,Solicitudes de Obras,sicpro_app_solicitudes.grupo_app_solicitud_admin,60,ROLE_NAME_EXACT;HAS_XMLID_19
118,148,Materiales/Insumos: Rol Administrador,Materiales/Insumos,Administrador,155,Administrador,50,Usuarios Internos,103,Órdenes de Trabajo,sicpro_app_ordenes_trabajo.grupo_ordenes_admin,60,ROLE_NAME_EXACT;HAS_XMLID_19
118,148,Materiales/Insumos: Rol Administrador,Materiales/Insumos,Administrador,168,Administrador,53,Transferencias,104,Gestión de Gastos,sicpro_app_transferencias_gastos.grupo_transferencias_admin,60,ROLE_NAME_EXACT;HAS_XMLID_19
118,148,Materiales/Insumos: Rol Administrador,Materiales/Insumos,Administrador,4,Role / Administrator,,,,,base.group_system,35,PRIVILEGE_PARTIAL;IMPLIED_COMMON:administrador;HAS_XMLID_19
118,148,Materiales/Insumos: Rol Administrador,Materiales/Insumos,Administrador,1,Role / User,,,,,base.group_user,25,PRIVILEGE_PARTIAL;HAS_XMLID_19
118,148,Materiales/Insumos: Rol Administrador,Materiales/Insumos,Administrador,2,Access Rights,,,,,base.group_erp_manager,25,PRIVILEGE_PARTIAL;HAS_XMLID_19
118,148,Materiales/Insumos: Rol Administrador,Materiales/Insumos,Administrador,3,Bypass HTML Field Sanitize,,,,,base.group_sanitize_override,25,PRIVILEGE_PARTIAL;HAS_XMLID_19
118,148,Materiales/Insumos: Rol Administrador,Materiales/Insumos,Administrador,5,Multi Companies,,,,,base.group_multi_company,25,PRIVILEGE_PARTIAL;HAS_XMLID_19
118,148,Materiales/Insumos: Rol Administrador,Materiales/Insumos,Administrador,6,Multi Currencies,,,,,base.group_multi_currency,25,PRIVILEGE_PARTIAL;HAS_XMLID_19
118,148,Materiales/Insumos: Rol Administrador,Materiales/Insumos,Administrador,7,Technical Features,,,,,base.group_no_one,25,PRIVILEGE_PARTIAL;HAS_XMLID_19
118,148,Materiales/Insumos: Rol Administrador,Materiales/Insumos,Administrador,10,Role / Portal,,,,,base.group_portal,25,PRIVILEGE_PARTIAL;HAS_XMLID_19
118,148,Materiales/Insumos: Rol Administrador,Materiales/Insumos,Administrador,11,Role / Public,,,,,base.group_public,25,PRIVILEGE_PARTIAL;HAS_XMLID_19
118,148,Materiales/Insumos: Rol Administrador,Materiales/Insumos,Administrador,12,Default access for new users,,,,,base.default_user_group,25,PRIVILEGE_PARTIAL;HAS_XMLID_19
118,148,Materiales/Insumos: Rol Administrador,Materiales/Insumos,Administrador,13,Technical Documentation,,,,,api_doc.group_allow_doc,25,PRIVILEGE_PARTIAL;HAS_XMLID_19
118,148,Materiales/Insumos: Rol Administrador,Materiales/Insumos,Administrador,15,Mail Template Editor,,,,,mail.group_mail_template_editor,25,PRIVILEGE_PARTIAL;HAS_XMLID_19
118,148,Materiales/Insumos: Rol Administrador,Materiales/Insumos,Administrador,16,Receive notifications in Odoo,,,,,mail.group_mail_notification_type_inbox,25,PRIVILEGE_PARTIAL;HAS_XMLID_19
118,148,Materiales/Insumos: Rol Administrador,Materiales/Insumos,Administrador,25,Menus y Accesos Obsoletos,,,,,sicpro_app_administracion.grupo_app_administracion_obsoletos,25,PRIVILEGE_PARTIAL;HAS_XMLID_19
118,148,Materiales/Insumos: Rol Administrador,Materiales/Insumos,Administrador,26,Manage Multiple Units of Measure,,,,,uom.group_uom,25,PRIVILEGE_PARTIAL;HAS_XMLID_19
118,148,Materiales/Insumos: Rol Administrador,Materiales/Insumos,Administrador,27,Analytic Accounting,,,,,analytic.group_analytic_accounting,25,PRIVILEGE_PARTIAL;HAS_XMLID_19
118,148,Materiales/Insumos: Rol Administrador,Materiales/Insumos,Administrador,32,Use Stages on Project,,,,,project.group_project_stages,25,PRIVILEGE_PARTIAL;HAS_XMLID_19
118,148,Materiales/Insumos: Rol Administrador,Materiales/Insumos,Administrador,33,Use Recurring Tasks,,,,,project.group_project_recurring_tasks,25,PRIVILEGE_PARTIAL;HAS_XMLID_19
118,148,Materiales/Insumos: Rol Administrador,Materiales/Insumos,Administrador,34,Use Task Dependencies,,,,,project.group_project_task_dependencies,25,PRIVILEGE_PARTIAL;HAS_XMLID_19
118,148,Materiales/Insumos: Rol Administrador,Materiales/Insumos,Administrador,35,Use Milestones,,,,,project.group_project_milestone,25,PRIVILEGE_PARTIAL;HAS_XMLID_19
118,148,Materiales/Insumos: Rol Administrador,Materiales/Insumos,Administrador,44,Consultas Postgres,,,,,sicpro_modulo_querydb.group_querydeluxe,25,PRIVILEGE_PARTIAL;HAS_XMLID_19
121,151,Trabajadores: Rol Seguridad y Salud,Trabajadores,Seguridad y Salud,57,Responsable,18,Trabajadores,97,Capital Humano,sicpro_app_trabajadores.grupo_app_trabajador_responsable,60,PRIVILEGE_EXACT;IMPLIED_COMMON:tecnicos;HAS_XMLID_19
121,151,Trabajadores: Rol Seguridad y Salud,Trabajadores,Seguridad y Salud,58,Administrador,18,Trabajadores,97,Capital Humano,sicpro_app_trabajadores.grupo_app_trabajador_admin,60,PRIVILEGE_EXACT;IMPLIED_COMMON:responsable;HAS_XMLID_19
121,151,Trabajadores: Rol Seguridad y Salud,Trabajadores,Seguridad y Salud,56,Técnicos,18,Trabajadores,97,Capital Humano,sicpro_app_trabajadores.grupo_app_trabajador_ejecutor,50,PRIVILEGE_EXACT;HAS_XMLID_19
121,151,Trabajadores: Rol Seguridad y Salud,Trabajadores,Seguridad y Salud,1,Role / User,,,,,base.group_user,25,PRIVILEGE_PARTIAL;HAS_XMLID_19
121,151,Trabajadores: Rol Seguridad y Salud,Trabajadores,Seguridad y Salud,2,Access Rights,,,,,base.group_erp_manager,25,PRIVILEGE_PARTIAL;HAS_XMLID_19
121,151,Trabajadores: Rol Seguridad y Salud,Trabajadores,Seguridad y Salud,3,Bypass HTML Field Sanitize,,,,,base.group_sanitize_override,25,PRIVILEGE_PARTIAL;HAS_XMLID_19
121,151,Trabajadores: Rol Seguridad y Salud,Trabajadores,Seguridad y Salud,4,Role / Administrator,,,,,base.group_system,25,PRIVILEGE_PARTIAL;HAS_XMLID_19
121,151,Trabajadores: Rol Seguridad y Salud,Trabajadores,Seguridad y Salud,5,Multi Companies,,,,,base.group_multi_company,25,PRIVILEGE_PARTIAL;HAS_XMLID_19
121,151,Trabajadores: Rol Seguridad y Salud,Trabajadores,Seguridad y Salud,6,Multi Currencies,,,,,base.group_multi_currency,25,PRIVILEGE_PARTIAL;HAS_XMLID_19
121,151,Trabajadores: Rol Seguridad y Salud,Trabajadores,Seguridad y Salud,7,Technical Features,,,,,base.group_no_one,25,PRIVILEGE_PARTIAL;HAS_XMLID_19
121,151,Trabajadores: Rol Seguridad y Salud,Trabajadores,Seguridad y Salud,10,Role / Portal,,,,,base.group_portal,25,PRIVILEGE_PARTIAL;HAS_XMLID_19
121,151,Trabajadores: Rol Seguridad y Salud,Trabajadores,Seguridad y Salud,11,Role / Public,,,,,base.group_public,25,PRIVILEGE_PARTIAL;HAS_XMLID_19
121,151,Trabajadores: Rol Seguridad y Salud,Trabajadores,Seguridad y Salud,12,Default access for new users,,,,,base.default_user_group,25,PRIVILEGE_PARTIAL;HAS_XMLID_19
121,151,Trabajadores: Rol Seguridad y Salud,Trabajadores,Seguridad y Salud,13,Technical Documentation,,,,,api_doc.group_allow_doc,25,PRIVILEGE_PARTIAL;HAS_XMLID_19
121,151,Trabajadores: Rol Seguridad y Salud,Trabajadores,Seguridad y Salud,15,Mail Template Editor,,,,,mail.group_mail_template_editor,25,PRIVILEGE_PARTIAL;HAS_XMLID_19
121,151,Trabajadores: Rol Seguridad y Salud,Trabajadores,Seguridad y Salud,16,Receive notifications in Odoo,,,,,mail.group_mail_notification_type_inbox,25,PRIVILEGE_PARTIAL;HAS_XMLID_19
121,151,Trabajadores: Rol Seguridad y Salud,Trabajadores,Seguridad y Salud,25,Menus y Accesos Obsoletos,,,,,sicpro_app_administracion.grupo_app_administracion_obsoletos,25,PRIVILEGE_PARTIAL;HAS_XMLID_19
121,151,Trabajadores: Rol Seguridad y Salud,Trabajadores,Seguridad y Salud,26,Manage Multiple Units of Measure,,,,,uom.group_uom,25,PRIVILEGE_PARTIAL;HAS_XMLID_19
121,151,Trabajadores: Rol Seguridad y Salud,Trabajadores,Seguridad y Salud,27,Analytic Accounting,,,,,analytic.group_analytic_accounting,25,PRIVILEGE_PARTIAL;HAS_XMLID_19
121,151,Trabajadores: Rol Seguridad y Salud,Trabajadores,Seguridad y Salud,32,Use Stages on Project,,,,,project.group_project_stages,25,PRIVILEGE_PARTIAL;HAS_XMLID_19
121,151,Trabajadores: Rol Seguridad y Salud,Trabajadores,Seguridad y Salud,33,Use Recurring Tasks,,,,,project.group_project_recurring_tasks,25,PRIVILEGE_PARTIAL;HAS_XMLID_19
121,151,Trabajadores: Rol Seguridad y Salud,Trabajadores,Seguridad y Salud,34,Use Task Dependencies,,,,,project.group_project_task_dependencies,25,PRIVILEGE_PARTIAL;HAS_XMLID_19
121,151,Trabajadores: Rol Seguridad y Salud,Trabajadores,Seguridad y Salud,35,Use Milestones,,,,,project.group_project_milestone,25,PRIVILEGE_PARTIAL;HAS_XMLID_19
121,151,Trabajadores: Rol Seguridad y Salud,Trabajadores,Seguridad y Salud,44,Consultas Postgres,,,,,sicpro_modulo_querydb.group_querydeluxe,25,PRIVILEGE_PARTIAL;HAS_XMLID_19
121,151,Trabajadores: Rol Seguridad y Salud,Trabajadores,Seguridad y Salud,40,Administrador,11,Salón de Clases,107,Servicios Corporativos,sicpro_app_salon_clases.grupo_app_salon_clases_admin,10,IMPLIED_COMMON:responsable;HAS_XMLID_19
121,151,Trabajadores: Rol Seguridad y Salud,Trabajadores,Seguridad y Salud,49,Administrador,15,CMI,108,Gestión de Producción,sicpro_app_cmi.grupo_app_cmi_admin,10,IMPLIED_COMMON:responsable;HAS_XMLID_19
121,151,Trabajadores: Rol Seguridad y Salud,Trabajadores,Seguridad y Salud,53,Administrador,16,Materiales e Insumos,102,Preparación Técnica,sicpro_app_materiales_insumos.grupo_app_materiales_insumos_admin,10,IMPLIED_COMMON:responsable;HAS_XMLID_19
121,151,Trabajadores: Rol Seguridad y Salud,Trabajadores,Seguridad y Salud,60,Responsable,19,Equipo Técnico,97,Capital Humano,sicpro_app_trabajadores.grupo_app_trabajador_equipos_responsable,10,IMPLIED_COMMON:tecnicos;HAS_XMLID_19
121,151,Trabajadores: Rol Seguridad y Salud,Trabajadores,Seguridad y Salud,61,Administrador,19,Equipo Técnico,97,Capital Humano,sicpro_app_trabajadores.grupo_app_trabajador_equipos_admin,10,IMPLIED_COMMON:responsable;HAS_XMLID_19
121,151,Trabajadores: Rol Seguridad y Salud,Trabajadores,Seguridad y Salud,64,Acción Legal,20,Disciplinarias,97,Capital Humano,sicpro_app_trabajadores.grupo_app_trabajador_disciplina_legal,10,IMPLIED_COMMON:tecnicos;HAS_XMLID_19
121,151,Trabajadores: Rol Seguridad y Salud,Trabajadores,Seguridad y Salud,66,Administrador,20,Disciplinarias,97,Capital Humano,sicpro_app_trabajadores.grupo_app_trabajador_disciplina_admin,10,IMPLIED_COMMON:responsable;HAS_XMLID_19
121,151,Trabajadores: Rol Seguridad y Salud,Trabajadores,Seguridad y Salud,76,Administrador,25,Control,109,Control de la información,sicpro_app_control_informacion.grupo_control_informacion_admin,10,IMPLIED_COMMON:responsable;HAS_XMLID_19
121,151,Trabajadores: Rol Seguridad y Salud,Trabajadores,Seguridad y Salud,78,Responsable,26,Credenciales,97,Capital Humano,sicpro_app_credenciales.grupo_app_credenciales_responsable,10,IMPLIED_COMMON:tecnicos;HAS_XMLID_19
121,151,Trabajadores: Rol Seguridad y Salud,Trabajadores,Seguridad y Salud,79,Administrador,26,Credenciales,97,Capital Humano,sicpro_app_credenciales.grupo_app_credenciales_admin,10,IMPLIED_COMMON:responsable;HAS_XMLID_19
121,151,Trabajadores: Rol Seguridad y Salud,Trabajadores,Seguridad y Salud,83,Administrador,27,Medios Informáticos,112,Informática,sicpro_app_medios_informaticos.grupo_app_medios_informaticos_admin,10,IMPLIED_COMMON:responsable;HAS_XMLID_19
121,151,Trabajadores: Rol Seguridad y Salud,Trabajadores,Seguridad y Salud,89,Administrador,29,Metrología,106,Activos y Herramientas,sicpro_app_metrologia.grupo_app_metrologia_admin,10,IMPLIED_COMMON:responsable;HAS_XMLID_19
121,151,Trabajadores: Rol Seguridad y Salud,Trabajadores,Seguridad y Salud,94,Administrador,30,Repositorio DVPE.,107,Servicios Corporativos,sicpro_app_repositorio_institucional.group_repositorio_institucional_admin,10,IMPLIED_COMMON:responsable;HAS_XMLID_19
121,151,Trabajadores: Rol Seguridad y Salud,Trabajadores,Seguridad y Salud,99,Administrator,31,Reuniones,105,Gestión de Reuniones,sicpro_app_reuniones.group_reuniones_admin,10,IMPLIED_COMMON:responsable;HAS_XMLID_19
121,151,Trabajadores: Rol Seguridad y Salud,Trabajadores,Seguridad y Salud,104,Administrador,32,Servicios Internos,107,Servicios Corporativos,sicpro_app_servicios_internos.grupo_app_internos_admin,10,IMPLIED_COMMON:responsable;HAS_XMLID_19
121,151,Trabajadores: Rol Seguridad y Salud,Trabajadores,Seguridad y Salud,111,Administrador,34,Soporte,113,Soporte Técnico,sicpro_app_soporte.group_soporte_admin,10,IMPLIED_COMMON:responsable;HAS_XMLID_19
121,151,Trabajadores: Rol Seguridad y Salud,Trabajadores,Seguridad y Salud,116,Administrador,36,Transporte,98,Transportación,sicpro_app_transporte.grupo_app_transporte_admin,10,IMPLIED_COMMON:responsable;HAS_XMLID_19
121,151,Trabajadores: Rol Seguridad y Salud,Trabajadores,Seguridad y Salud,122,Administrador,38,Víveres Logística,111,Alimentación,sicpro_app_viveres.grupo_app_viveres_admin,10,IMPLIED_COMMON:responsable;HAS_XMLID_19
121,151,Trabajadores: Rol Seguridad y Salud,Trabajadores,Seguridad y Salud,129,Administrador,40,Clientes,101,Solicitudes de Obras,sicpro_app_clientes.grupo_app_clientes_admin,10,IMPLIED_COMMON:responsable;HAS_XMLID_19
121,151,Trabajadores: Rol Seguridad y Salud,Trabajadores,Seguridad y Salud,140,Administrador,43,Operaciones,110,Programa de la Vivienda,sicpro_app_programa_viviendas.grupo_app_vivienda_admin,10,IMPLIED_COMMON:responsable;HAS_XMLID_19
121,151,Trabajadores: Rol Seguridad y Salud,Trabajadores,Seguridad y Salud,144,Administrador,44,Solicitudes,101,Solicitudes de Obras,sicpro_app_solicitudes.grupo_app_solicitud_admin,10,IMPLIED_COMMON:responsable;HAS_XMLID_19
121,151,Trabajadores: Rol Seguridad y Salud,Trabajadores,Seguridad y Salud,155,Administrador,50,Usuarios Internos,103,Órdenes de Trabajo,sicpro_app_ordenes_trabajo.grupo_ordenes_admin,10,IMPLIED_COMMON:responsable;HAS_XMLID_19
121,151,Trabajadores: Rol Seguridad y Salud,Trabajadores,Seguridad y Salud,168,Administrador,53,Transferencias,104,Gestión de Gastos,sicpro_app_transferencias_gastos.grupo_transferencias_admin,10,IMPLIED_COMMON:responsable;HAS_XMLID_19
122,152,Trabajadores: Rol Todos los Trabajadores,Trabajadores,Todos los Trabajadores,55,Todos los Trabajadores,17,Usuario del Proceso,97,Capital Humano,sicpro_app_trabajadores.grupo_app_trabajador_usuario_todos,60,ROLE_NAME_EXACT;HAS_XMLID_19
122,152,Trabajadores: Rol Todos los Trabajadores,Trabajadores,Todos los Trabajadores,56,Técnicos,18,Trabajadores,97,Capital Humano,sicpro_app_trabajadores.grupo_app_trabajador_ejecutor,50,PRIVILEGE_EXACT;HAS_XMLID_19
122,152,Trabajadores: Rol Todos los Trabajadores,Trabajadores,Todos los Trabajadores,57,Responsable,18,Trabajadores,97,Capital Humano,sicpro_app_trabajadores.grupo_app_trabajador_responsable,50,PRIVILEGE_EXACT;HAS_XMLID_19
122,152,Trabajadores: Rol Todos los Trabajadores,Trabajadores,Todos los Trabajadores,58,Administrador,18,Trabajadores,97,Capital Humano,sicpro_app_trabajadores.grupo_app_trabajador_admin,50,PRIVILEGE_EXACT;HAS_XMLID_19
122,152,Trabajadores: Rol Todos los Trabajadores,Trabajadores,Todos los Trabajadores,1,Role / User,,,,,base.group_user,25,PRIVILEGE_PARTIAL;HAS_XMLID_19
122,152,Trabajadores: Rol Todos los Trabajadores,Trabajadores,Todos los Trabajadores,2,Access Rights,,,,,base.group_erp_manager,25,PRIVILEGE_PARTIAL;HAS_XMLID_19
122,152,Trabajadores: Rol Todos los Trabajadores,Trabajadores,Todos los Trabajadores,3,Bypass HTML Field Sanitize,,,,,base.group_sanitize_override,25,PRIVILEGE_PARTIAL;HAS_XMLID_19
122,152,Trabajadores: Rol Todos los Trabajadores,Trabajadores,Todos los Trabajadores,4,Role / Administrator,,,,,base.group_system,25,PRIVILEGE_PARTIAL;HAS_XMLID_19
122,152,Trabajadores: Rol Todos los Trabajadores,Trabajadores,Todos los Trabajadores,5,Multi Companies,,,,,base.group_multi_company,25,PRIVILEGE_PARTIAL;HAS_XMLID_19
122,152,Trabajadores: Rol Todos los Trabajadores,Trabajadores,Todos los Trabajadores,6,Multi Currencies,,,,,base.group_multi_currency,25,PRIVILEGE_PARTIAL;HAS_XMLID_19
122,152,Trabajadores: Rol Todos los Trabajadores,Trabajadores,Todos los Trabajadores,7,Technical Features,,,,,base.group_no_one,25,PRIVILEGE_PARTIAL;HAS_XMLID_19
122,152,Trabajadores: Rol Todos los Trabajadores,Trabajadores,Todos los Trabajadores,10,Role / Portal,,,,,base.group_portal,25,PRIVILEGE_PARTIAL;HAS_XMLID_19
122,152,Trabajadores: Rol Todos los Trabajadores,Trabajadores,Todos los Trabajadores,11,Role / Public,,,,,base.group_public,25,PRIVILEGE_PARTIAL;HAS_XMLID_19
122,152,Trabajadores: Rol Todos los Trabajadores,Trabajadores,Todos los Trabajadores,12,Default access for new users,,,,,base.default_user_group,25,PRIVILEGE_PARTIAL;HAS_XMLID_19
122,152,Trabajadores: Rol Todos los Trabajadores,Trabajadores,Todos los Trabajadores,13,Technical Documentation,,,,,api_doc.group_allow_doc,25,PRIVILEGE_PARTIAL;HAS_XMLID_19
122,152,Trabajadores: Rol Todos los Trabajadores,Trabajadores,Todos los Trabajadores,15,Mail Template Editor,,,,,mail.group_mail_template_editor,25,PRIVILEGE_PARTIAL;HAS_XMLID_19
122,152,Trabajadores: Rol Todos los Trabajadores,Trabajadores,Todos los Trabajadores,16,Receive notifications in Odoo,,,,,mail.group_mail_notification_type_inbox,25,PRIVILEGE_PARTIAL;HAS_XMLID_19
122,152,Trabajadores: Rol Todos los Trabajadores,Trabajadores,Todos los Trabajadores,25,Menus y Accesos Obsoletos,,,,,sicpro_app_administracion.grupo_app_administracion_obsoletos,25,PRIVILEGE_PARTIAL;HAS_XMLID_19
122,152,Trabajadores: Rol Todos los Trabajadores,Trabajadores,Todos los Trabajadores,26,Manage Multiple Units of Measure,,,,,uom.group_uom,25,PRIVILEGE_PARTIAL;HAS_XMLID_19
122,152,Trabajadores: Rol Todos los Trabajadores,Trabajadores,Todos los Trabajadores,27,Analytic Accounting,,,,,analytic.group_analytic_accounting,25,PRIVILEGE_PARTIAL;HAS_XMLID_19
122,152,Trabajadores: Rol Todos los Trabajadores,Trabajadores,Todos los Trabajadores,32,Use Stages on Project,,,,,project.group_project_stages,25,PRIVILEGE_PARTIAL;HAS_XMLID_19
122,152,Trabajadores: Rol Todos los Trabajadores,Trabajadores,Todos los Trabajadores,33,Use Recurring Tasks,,,,,project.group_project_recurring_tasks,25,PRIVILEGE_PARTIAL;HAS_XMLID_19
122,152,Trabajadores: Rol Todos los Trabajadores,Trabajadores,Todos los Trabajadores,34,Use Task Dependencies,,,,,project.group_project_task_dependencies,25,PRIVILEGE_PARTIAL;HAS_XMLID_19
122,152,Trabajadores: Rol Todos los Trabajadores,Trabajadores,Todos los Trabajadores,35,Use Milestones,,,,,project.group_project_milestone,25,PRIVILEGE_PARTIAL;HAS_XMLID_19
122,152,Trabajadores: Rol Todos los Trabajadores,Trabajadores,Todos los Trabajadores,44,Consultas Postgres,,,,,sicpro_modulo_querydb.group_querydeluxe,25,PRIVILEGE_PARTIAL;HAS_XMLID_19
123,153,Instrucciones Laborales: Rol Usuario,Instrucciones Laborales,Usuario,36,Usuario,10,Gestor Documental,107,Servicios Corporativos,sicpro_app_gestor_documental.group_document_user,60,ROLE_NAME_EXACT;HAS_XMLID_19
123,153,Instrucciones Laborales: Rol Usuario,Instrucciones Laborales,Usuario,38,Usuario,11,Salón de Clases,107,Servicios Corporativos,sicpro_app_salon_clases.grupo_app_salon_clases_usuario,60,ROLE_NAME_EXACT;HAS_XMLID_19
123,153,Instrucciones Laborales: Rol Usuario,Instrucciones Laborales,Usuario,41,Usuario,12,Registros de auditoría,115,Registro de auditoría,sicpro_modulo_auditorias.group_auditlog_user,60,ROLE_NAME_EXACT;HAS_XMLID_19
123,153,Instrucciones Laborales: Rol Usuario,Instrucciones Laborales,Usuario,90,Usuario,30,Repositorio DVPE.,107,Servicios Corporativos,sicpro_app_repositorio_institucional.group_repositorio_institucional_user,60,ROLE_NAME_EXACT;HAS_XMLID_19
123,153,Instrucciones Laborales: Rol Usuario,Instrucciones Laborales,Usuario,95,Usuario,31,Reuniones,105,Gestión de Reuniones,sicpro_app_reuniones.group_reuniones_usuario,60,ROLE_NAME_EXACT;HAS_XMLID_19
123,153,Instrucciones Laborales: Rol Usuario,Instrucciones Laborales,Usuario,100,Usuario,32,Servicios Internos,107,Servicios Corporativos,sicpro_app_servicios_internos.grupo_app_internos_usuario,60,ROLE_NAME_EXACT;HAS_XMLID_19
123,153,Instrucciones Laborales: Rol Usuario,Instrucciones Laborales,Usuario,105,Usuario,33,Solicitudes de S.I.,107,Servicios Corporativos,sicpro_app_servicios_internos.grupo_app_internos_solicitudes_usuario,60,ROLE_NAME_EXACT;HAS_XMLID_19
123,153,Instrucciones Laborales: Rol Usuario,Instrucciones Laborales,Usuario,130,Usuarios,41,Instrucciones,97,Capital Humano,sicpro_app_instrucciones.grupo_app_instruciones_usuario,60,ROLE_NAME_PARTIAL;PRIVILEGE_PARTIAL;HAS_XMLID_19
123,153,Instrucciones Laborales: Rol Usuario,Instrucciones Laborales,Usuario,134,Usuario,43,Operaciones,110,Programa de la Vivienda,sicpro_app_programa_viviendas.grupo_app_vivienda_visualizar,60,ROLE_NAME_EXACT;HAS_XMLID_19
123,153,Instrucciones Laborales: Rol Usuario,Instrucciones Laborales,Usuario,46,Usuarios,15,CMI,108,Gestión de Producción,sicpro_app_cmi.grupo_app_cmi_usuario,35,ROLE_NAME_PARTIAL;HAS_XMLID_19
123,153,Instrucciones Laborales: Rol Usuario,Instrucciones Laborales,Usuario,50,Usuarios,16,Materiales e Insumos,102,Preparación Técnica,sicpro_app_materiales_insumos.grupo_app_materiales_insumos_usuario,35,ROLE_NAME_PARTIAL;HAS_XMLID_19
123,153,Instrucciones Laborales: Rol Usuario,Instrucciones Laborales,Usuario,54,Usuarios,17,Usuario del Proceso,97,Capital Humano,sicpro_app_trabajadores.grupo_app_trabajador_usuario_proceso,35,ROLE_NAME_PARTIAL;HAS_XMLID_19
123,153,Instrucciones Laborales: Rol Usuario,Instrucciones Laborales,Usuario,86,Usuarios,29,Metrología,106,Activos y Herramientas,sicpro_app_metrologia.grupo_app_metrologia_usuario,35,ROLE_NAME_PARTIAL;HAS_XMLID_19
123,153,Instrucciones Laborales: Rol Usuario,Instrucciones Laborales,Usuario,113,Usuarios,36,Transporte,98,Transportación,sicpro_app_transporte.grupo_app_transporte_usuario,35,ROLE_NAME_PARTIAL;HAS_XMLID_19
123,153,Instrucciones Laborales: Rol Usuario,Instrucciones Laborales,Usuario,117,Usuarios,37,Piquera,98,Transportación,sicpro_app_transporte.grupo_app_transporte_piquera_usuario,35,ROLE_NAME_PARTIAL;HAS_XMLID_19
123,153,Instrucciones Laborales: Rol Usuario,Instrucciones Laborales,Usuario,126,Usuarios,40,Clientes,101,Solicitudes de Obras,sicpro_app_clientes.grupo_app_clientes_usuario,35,ROLE_NAME_PARTIAL;HAS_XMLID_19
123,153,Instrucciones Laborales: Rol Usuario,Instrucciones Laborales,Usuario,131,Instructor,41,Instrucciones,97,Capital Humano,sicpro_app_instrucciones.grupo_app_instruciones_responsable,35,PRIVILEGE_PARTIAL;IMPLIED_COMMON:usuarios;HAS_XMLID_19
123,153,Instrucciones Laborales: Rol Usuario,Instrucciones Laborales,Usuario,141,Usuarios,44,Solicitudes,101,Solicitudes de Obras,sicpro_app_solicitudes.grupo_app_solicitud_usuario,35,ROLE_NAME_PARTIAL;HAS_XMLID_19
123,153,Instrucciones Laborales: Rol Usuario,Instrucciones Laborales,Usuario,1,Role / User,,,,,base.group_user,25,PRIVILEGE_PARTIAL;HAS_XMLID_19
123,153,Instrucciones Laborales: Rol Usuario,Instrucciones Laborales,Usuario,2,Access Rights,,,,,base.group_erp_manager,25,PRIVILEGE_PARTIAL;HAS_XMLID_19
123,153,Instrucciones Laborales: Rol Usuario,Instrucciones Laborales,Usuario,3,Bypass HTML Field Sanitize,,,,,base.group_sanitize_override,25,PRIVILEGE_PARTIAL;HAS_XMLID_19
123,153,Instrucciones Laborales: Rol Usuario,Instrucciones Laborales,Usuario,4,Role / Administrator,,,,,base.group_system,25,PRIVILEGE_PARTIAL;HAS_XMLID_19
123,153,Instrucciones Laborales: Rol Usuario,Instrucciones Laborales,Usuario,5,Multi Companies,,,,,base.group_multi_company,25,PRIVILEGE_PARTIAL;HAS_XMLID_19
123,153,Instrucciones Laborales: Rol Usuario,Instrucciones Laborales,Usuario,6,Multi Currencies,,,,,base.group_multi_currency,25,PRIVILEGE_PARTIAL;HAS_XMLID_19
123,153,Instrucciones Laborales: Rol Usuario,Instrucciones Laborales,Usuario,7,Technical Features,,,,,base.group_no_one,25,PRIVILEGE_PARTIAL;HAS_XMLID_19
123,153,Instrucciones Laborales: Rol Usuario,Instrucciones Laborales,Usuario,10,Role / Portal,,,,,base.group_portal,25,PRIVILEGE_PARTIAL;HAS_XMLID_19
123,153,Instrucciones Laborales: Rol Usuario,Instrucciones Laborales,Usuario,11,Role / Public,,,,,base.group_public,25,PRIVILEGE_PARTIAL;HAS_XMLID_19
123,153,Instrucciones Laborales: Rol Usuario,Instrucciones Laborales,Usuario,12,Default access for new users,,,,,base.default_user_group,25,PRIVILEGE_PARTIAL;HAS_XMLID_19
123,153,Instrucciones Laborales: Rol Usuario,Instrucciones Laborales,Usuario,13,Technical Documentation,,,,,api_doc.group_allow_doc,25,PRIVILEGE_PARTIAL;HAS_XMLID_19
123,153,Instrucciones Laborales: Rol Usuario,Instrucciones Laborales,Usuario,15,Mail Template Editor,,,,,mail.group_mail_template_editor,25,PRIVILEGE_PARTIAL;HAS_XMLID_19
123,153,Instrucciones Laborales: Rol Usuario,Instrucciones Laborales,Usuario,16,Receive notifications in Odoo,,,,,mail.group_mail_notification_type_inbox,25,PRIVILEGE_PARTIAL;HAS_XMLID_19
123,153,Instrucciones Laborales: Rol Usuario,Instrucciones Laborales,Usuario,25,Menus y Accesos Obsoletos,,,,,sicpro_app_administracion.grupo_app_administracion_obsoletos,25,PRIVILEGE_PARTIAL;HAS_XMLID_19
123,153,Instrucciones Laborales: Rol Usuario,Instrucciones Laborales,Usuario,26,Manage Multiple Units of Measure,,,,,uom.group_uom,25,PRIVILEGE_PARTIAL;HAS_XMLID_19
123,153,Instrucciones Laborales: Rol Usuario,Instrucciones Laborales,Usuario,27,Analytic Accounting,,,,,analytic.group_analytic_accounting,25,PRIVILEGE_PARTIAL;HAS_XMLID_19
123,153,Instrucciones Laborales: Rol Usuario,Instrucciones Laborales,Usuario,32,Use Stages on Project,,,,,project.group_project_stages,25,PRIVILEGE_PARTIAL;HAS_XMLID_19
123,153,Instrucciones Laborales: Rol Usuario,Instrucciones Laborales,Usuario,33,Use Recurring Tasks,,,,,project.group_project_recurring_tasks,25,PRIVILEGE_PARTIAL;HAS_XMLID_19
123,153,Instrucciones Laborales: Rol Usuario,Instrucciones Laborales,Usuario,34,Use Task Dependencies,,,,,project.group_project_task_dependencies,25,PRIVILEGE_PARTIAL;HAS_XMLID_19
123,153,Instrucciones Laborales: Rol Usuario,Instrucciones Laborales,Usuario,35,Use Milestones,,,,,project.group_project_milestone,25,PRIVILEGE_PARTIAL;HAS_XMLID_19
123,153,Instrucciones Laborales: Rol Usuario,Instrucciones Laborales,Usuario,44,Consultas Postgres,,,,,sicpro_modulo_querydb.group_querydeluxe,25,PRIVILEGE_PARTIAL;HAS_XMLID_19
123,153,Instrucciones Laborales: Rol Usuario,Instrucciones Laborales,Usuario,132,Administrador,41,Instrucciones,97,Capital Humano,sicpro_app_instrucciones.grupo_app_instruciones_admin,25,PRIVILEGE_PARTIAL;HAS_XMLID_19
123,153,Instrucciones Laborales: Rol Usuario,Instrucciones Laborales,Usuario,47,Ejecutor,15,CMI,108,Gestión de Producción,sicpro_app_cmi.grupo_app_cmi_ejecutor,10,IMPLIED_COMMON:usuarios;HAS_XMLID_19
123,153,Instrucciones Laborales: Rol Usuario,Instrucciones Laborales,Usuario,51,Ejecutor,16,Materiales e Insumos,102,Preparación Técnica,sicpro_app_materiales_insumos.grupo_app_materiales_insumos_ejecutor,10,IMPLIED_COMMON:usuarios;HAS_XMLID_19
123,153,Instrucciones Laborales: Rol Usuario,Instrucciones Laborales,Usuario,55,Todos los Trabajadores,17,Usuario del Proceso,97,Capital Humano,sicpro_app_trabajadores.grupo_app_trabajador_usuario_todos,10,IMPLIED_COMMON:usuarios;HAS_XMLID_19
123,153,Instrucciones Laborales: Rol Usuario,Instrucciones Laborales,Usuario,87,Ejecutor,29,Metrología,106,Activos y Herramientas,sicpro_app_metrologia.grupo_app_metrologia_ejecutor,10,IMPLIED_COMMON:usuarios;HAS_XMLID_19
123,153,Instrucciones Laborales: Rol Usuario,Instrucciones Laborales,Usuario,114,Ejecutor,36,Transporte,98,Transportación,sicpro_app_transporte.grupo_app_transporte_ejecutor,10,IMPLIED_COMMON:usuarios;HAS_XMLID_19
123,153,Instrucciones Laborales: Rol Usuario,Instrucciones Laborales,Usuario,118,Ejecutor,37,Piquera,98,Transportación,sicpro_app_transporte.grupo_app_transporte_piquera_ejecutor,10,IMPLIED_COMMON:usuarios;HAS_XMLID_19
123,153,Instrucciones Laborales: Rol Usuario,Instrucciones Laborales,Usuario,127,Ejecutor,40,Clientes,101,Solicitudes de Obras,sicpro_app_clientes.grupo_app_clientes_ejecutor,10,IMPLIED_COMMON:usuarios;HAS_XMLID_19
123,153,Instrucciones Laborales: Rol Usuario,Instrucciones Laborales,Usuario,142,Administrativos,44,Solicitudes,101,Solicitudes de Obras,sicpro_app_solicitudes.grupo_app_solicitud_usuario_vertodo,10,IMPLIED_COMMON:usuarios;HAS_XMLID_19
124,154,Instrucciones Laborales: Rol Instructor,Instrucciones Laborales,Instructor,131,Instructor,41,Instrucciones,97,Capital Humano,sicpro_app_instrucciones.grupo_app_instruciones_responsable,85,ROLE_NAME_EXACT;PRIVILEGE_PARTIAL;HAS_XMLID_19
124,154,Instrucciones Laborales: Rol Instructor,Instrucciones Laborales,Instructor,132,Administrador,41,Instrucciones,97,Capital Humano,sicpro_app_instrucciones.grupo_app_instruciones_admin,35,PRIVILEGE_PARTIAL;IMPLIED_COMMON:instructor;HAS_XMLID_19
124,154,Instrucciones Laborales: Rol Instructor,Instrucciones Laborales,Instructor,1,Role / User,,,,,base.group_user,25,PRIVILEGE_PARTIAL;HAS_XMLID_19
124,154,Instrucciones Laborales: Rol Instructor,Instrucciones Laborales,Instructor,2,Access Rights,,,,,base.group_erp_manager,25,PRIVILEGE_PARTIAL;HAS_XMLID_19
124,154,Instrucciones Laborales: Rol Instructor,Instrucciones Laborales,Instructor,3,Bypass HTML Field Sanitize,,,,,base.group_sanitize_override,25,PRIVILEGE_PARTIAL;HAS_XMLID_19
124,154,Instrucciones Laborales: Rol Instructor,Instrucciones Laborales,Instructor,4,Role / Administrator,,,,,base.group_system,25,PRIVILEGE_PARTIAL;HAS_XMLID_19
124,154,Instrucciones Laborales: Rol Instructor,Instrucciones Laborales,Instructor,5,Multi Companies,,,,,base.group_multi_company,25,PRIVILEGE_PARTIAL;HAS_XMLID_19
124,154,Instrucciones Laborales: Rol Instructor,Instrucciones Laborales,Instructor,6,Multi Currencies,,,,,base.group_multi_currency,25,PRIVILEGE_PARTIAL;HAS_XMLID_19
124,154,Instrucciones Laborales: Rol Instructor,Instrucciones Laborales,Instructor,7,Technical Features,,,,,base.group_no_one,25,PRIVILEGE_PARTIAL;HAS_XMLID_19
124,154,Instrucciones Laborales: Rol Instructor,Instrucciones Laborales,Instructor,10,Role / Portal,,,,,base.group_portal,25,PRIVILEGE_PARTIAL;HAS_XMLID_19
124,154,Instrucciones Laborales: Rol Instructor,Instrucciones Laborales,Instructor,11,Role / Public,,,,,base.group_public,25,PRIVILEGE_PARTIAL;HAS_XMLID_19
124,154,Instrucciones Laborales: Rol Instructor,Instrucciones Laborales,Instructor,12,Default access for new users,,,,,base.default_user_group,25,PRIVILEGE_PARTIAL;HAS_XMLID_19
124,154,Instrucciones Laborales: Rol Instructor,Instrucciones Laborales,Instructor,13,Technical Documentation,,,,,api_doc.group_allow_doc,25,PRIVILEGE_PARTIAL;HAS_XMLID_19
124,154,Instrucciones Laborales: Rol Instructor,Instrucciones Laborales,Instructor,15,Mail Template Editor,,,,,mail.group_mail_template_editor,25,PRIVILEGE_PARTIAL;HAS_XMLID_19
124,154,Instrucciones Laborales: Rol Instructor,Instrucciones Laborales,Instructor,16,Receive notifications in Odoo,,,,,mail.group_mail_notification_type_inbox,25,PRIVILEGE_PARTIAL;HAS_XMLID_19
124,154,Instrucciones Laborales: Rol Instructor,Instrucciones Laborales,Instructor,25,Menus y Accesos Obsoletos,,,,,sicpro_app_administracion.grupo_app_administracion_obsoletos,25,PRIVILEGE_PARTIAL;HAS_XMLID_19
124,154,Instrucciones Laborales: Rol Instructor,Instrucciones Laborales,Instructor,26,Manage Multiple Units of Measure,,,,,uom.group_uom,25,PRIVILEGE_PARTIAL;HAS_XMLID_19
124,154,Instrucciones Laborales: Rol Instructor,Instrucciones Laborales,Instructor,27,Analytic Accounting,,,,,analytic.group_analytic_accounting,25,PRIVILEGE_PARTIAL;HAS_XMLID_19
124,154,Instrucciones Laborales: Rol Instructor,Instrucciones Laborales,Instructor,32,Use Stages on Project,,,,,project.group_project_stages,25,PRIVILEGE_PARTIAL;HAS_XMLID_19
124,154,Instrucciones Laborales: Rol Instructor,Instrucciones Laborales,Instructor,33,Use Recurring Tasks,,,,,project.group_project_recurring_tasks,25,PRIVILEGE_PARTIAL;HAS_XMLID_19
124,154,Instrucciones Laborales: Rol Instructor,Instrucciones Laborales,Instructor,34,Use Task Dependencies,,,,,project.group_project_task_dependencies,25,PRIVILEGE_PARTIAL;HAS_XMLID_19
124,154,Instrucciones Laborales: Rol Instructor,Instrucciones Laborales,Instructor,35,Use Milestones,,,,,project.group_project_milestone,25,PRIVILEGE_PARTIAL;HAS_XMLID_19
124,154,Instrucciones Laborales: Rol Instructor,Instrucciones Laborales,Instructor,44,Consultas Postgres,,,,,sicpro_modulo_querydb.group_querydeluxe,25,PRIVILEGE_PARTIAL;HAS_XMLID_19
124,154,Instrucciones Laborales: Rol Instructor,Instrucciones Laborales,Instructor,130,Usuarios,41,Instrucciones,97,Capital Humano,sicpro_app_instrucciones.grupo_app_instruciones_usuario,25,PRIVILEGE_PARTIAL;HAS_XMLID_19
125,155,Instrucciones Laborales: Rol Administrador,Instrucciones Laborales,Administrador,132,Administrador,41,Instrucciones,97,Capital Humano,sicpro_app_instrucciones.grupo_app_instruciones_admin,85,ROLE_NAME_EXACT;PRIVILEGE_PARTIAL;HAS_XMLID_19
125,155,Instrucciones Laborales: Rol Administrador,Instrucciones Laborales,Administrador,17,Administrador,4,Administrar SICPRO,94,Administración SICPRO ERP,sicpro_app_administracion.grupo_app_administracion_admin,60,ROLE_NAME_EXACT;HAS_XMLID_19
125,155,Instrucciones Laborales: Rol Administrador,Instrucciones Laborales,Administrador,40,Administrador,11,Salón de Clases,107,Servicios Corporativos,sicpro_app_salon_clases.grupo_app_salon_clases_admin,60,ROLE_NAME_EXACT;HAS_XMLID_19
125,155,Instrucciones Laborales: Rol Administrador,Instrucciones Laborales,Administrador,42,Administrador,12,Registros de auditoría,115,Registro de auditoría,sicpro_modulo_auditorias.group_auditlog_manager,60,ROLE_NAME_EXACT;HAS_XMLID_19
125,155,Instrucciones Laborales: Rol Administrador,Instrucciones Laborales,Administrador,43,Administrador,13,Nomencladores,94,Administración SICPRO ERP,sicpro_modulo_nomencladores.grupo_sicpro_nomencladores_admin,60,ROLE_NAME_EXACT;HAS_XMLID_19
125,155,Instrucciones Laborales: Rol Administrador,Instrucciones Laborales,Administrador,49,Administrador,15,CMI,108,Gestión de Producción,sicpro_app_cmi.grupo_app_cmi_admin,60,ROLE_NAME_EXACT;HAS_XMLID_19
125,155,Instrucciones Laborales: Rol Administrador,Instrucciones Laborales,Administrador,53,Administrador,16,Materiales e Insumos,102,Preparación Técnica,sicpro_app_materiales_insumos.grupo_app_materiales_insumos_admin,60,ROLE_NAME_EXACT;HAS_XMLID_19
125,155,Instrucciones Laborales: Rol Administrador,Instrucciones Laborales,Administrador,58,Administrador,18,Trabajadores,97,Capital Humano,sicpro_app_trabajadores.grupo_app_trabajador_admin,60,ROLE_NAME_EXACT;HAS_XMLID_19
125,155,Instrucciones Laborales: Rol Administrador,Instrucciones Laborales,Administrador,61,Administrador,19,Equipo Técnico,97,Capital Humano,sicpro_app_trabajadores.grupo_app_trabajador_equipos_admin,60,ROLE_NAME_EXACT;HAS_XMLID_19
125,155,Instrucciones Laborales: Rol Administrador,Instrucciones Laborales,Administrador,66,Administrador,20,Disciplinarias,97,Capital Humano,sicpro_app_trabajadores.grupo_app_trabajador_disciplina_admin,60,ROLE_NAME_EXACT;HAS_XMLID_19
125,155,Instrucciones Laborales: Rol Administrador,Instrucciones Laborales,Administrador,76,Administrador,25,Control,109,Control de la información,sicpro_app_control_informacion.grupo_control_informacion_admin,60,ROLE_NAME_EXACT;HAS_XMLID_19
125,155,Instrucciones Laborales: Rol Administrador,Instrucciones Laborales,Administrador,79,Administrador,26,Credenciales,97,Capital Humano,sicpro_app_credenciales.grupo_app_credenciales_admin,60,ROLE_NAME_EXACT;HAS_XMLID_19
125,155,Instrucciones Laborales: Rol Administrador,Instrucciones Laborales,Administrador,83,Administrador,27,Medios Informáticos,112,Informática,sicpro_app_medios_informaticos.grupo_app_medios_informaticos_admin,60,ROLE_NAME_EXACT;HAS_XMLID_19
125,155,Instrucciones Laborales: Rol Administrador,Instrucciones Laborales,Administrador,89,Administrador,29,Metrología,106,Activos y Herramientas,sicpro_app_metrologia.grupo_app_metrologia_admin,60,ROLE_NAME_EXACT;HAS_XMLID_19
125,155,Instrucciones Laborales: Rol Administrador,Instrucciones Laborales,Administrador,94,Administrador,30,Repositorio DVPE.,107,Servicios Corporativos,sicpro_app_repositorio_institucional.group_repositorio_institucional_admin,60,ROLE_NAME_EXACT;HAS_XMLID_19
125,155,Instrucciones Laborales: Rol Administrador,Instrucciones Laborales,Administrador,104,Administrador,32,Servicios Internos,107,Servicios Corporativos,sicpro_app_servicios_internos.grupo_app_internos_admin,60,ROLE_NAME_EXACT;HAS_XMLID_19
125,155,Instrucciones Laborales: Rol Administrador,Instrucciones Laborales,Administrador,111,Administrador,34,Soporte,113,Soporte Técnico,sicpro_app_soporte.group_soporte_admin,60,ROLE_NAME_EXACT;HAS_XMLID_19
125,155,Instrucciones Laborales: Rol Administrador,Instrucciones Laborales,Administrador,116,Administrador,36,Transporte,98,Transportación,sicpro_app_transporte.grupo_app_transporte_admin,60,ROLE_NAME_EXACT;HAS_XMLID_19
125,155,Instrucciones Laborales: Rol Administrador,Instrucciones Laborales,Administrador,122,Administrador,38,Víveres Logística,111,Alimentación,sicpro_app_viveres.grupo_app_viveres_admin,60,ROLE_NAME_EXACT;HAS_XMLID_19
125,155,Instrucciones Laborales: Rol Administrador,Instrucciones Laborales,Administrador,129,Administrador,40,Clientes,101,Solicitudes de Obras,sicpro_app_clientes.grupo_app_clientes_admin,60,ROLE_NAME_EXACT;HAS_XMLID_19
125,155,Instrucciones Laborales: Rol Administrador,Instrucciones Laborales,Administrador,140,Administrador,43,Operaciones,110,Programa de la Vivienda,sicpro_app_programa_viviendas.grupo_app_vivienda_admin,60,ROLE_NAME_EXACT;HAS_XMLID_19
125,155,Instrucciones Laborales: Rol Administrador,Instrucciones Laborales,Administrador,144,Administrador,44,Solicitudes,101,Solicitudes de Obras,sicpro_app_solicitudes.grupo_app_solicitud_admin,60,ROLE_NAME_EXACT;HAS_XMLID_19
125,155,Instrucciones Laborales: Rol Administrador,Instrucciones Laborales,Administrador,155,Administrador,50,Usuarios Internos,103,Órdenes de Trabajo,sicpro_app_ordenes_trabajo.grupo_ordenes_admin,60,ROLE_NAME_EXACT;HAS_XMLID_19
125,155,Instrucciones Laborales: Rol Administrador,Instrucciones Laborales,Administrador,168,Administrador,53,Transferencias,104,Gestión de Gastos,sicpro_app_transferencias_gastos.grupo_transferencias_admin,60,ROLE_NAME_EXACT;HAS_XMLID_19
125,155,Instrucciones Laborales: Rol Administrador,Instrucciones Laborales,Administrador,4,Role / Administrator,,,,,base.group_system,35,PRIVILEGE_PARTIAL;IMPLIED_COMMON:administrador;HAS_XMLID_19
125,155,Instrucciones Laborales: Rol Administrador,Instrucciones Laborales,Administrador,1,Role / User,,,,,base.group_user,25,PRIVILEGE_PARTIAL;HAS_XMLID_19
125,155,Instrucciones Laborales: Rol Administrador,Instrucciones Laborales,Administrador,2,Access Rights,,,,,base.group_erp_manager,25,PRIVILEGE_PARTIAL;HAS_XMLID_19
125,155,Instrucciones Laborales: Rol Administrador,Instrucciones Laborales,Administrador,3,Bypass HTML Field Sanitize,,,,,base.group_sanitize_override,25,PRIVILEGE_PARTIAL;HAS_XMLID_19
125,155,Instrucciones Laborales: Rol Administrador,Instrucciones Laborales,Administrador,5,Multi Companies,,,,,base.group_multi_company,25,PRIVILEGE_PARTIAL;HAS_XMLID_19
125,155,Instrucciones Laborales: Rol Administrador,Instrucciones Laborales,Administrador,6,Multi Currencies,,,,,base.group_multi_currency,25,PRIVILEGE_PARTIAL;HAS_XMLID_19
125,155,Instrucciones Laborales: Rol Administrador,Instrucciones Laborales,Administrador,7,Technical Features,,,,,base.group_no_one,25,PRIVILEGE_PARTIAL;HAS_XMLID_19
125,155,Instrucciones Laborales: Rol Administrador,Instrucciones Laborales,Administrador,10,Role / Portal,,,,,base.group_portal,25,PRIVILEGE_PARTIAL;HAS_XMLID_19
125,155,Instrucciones Laborales: Rol Administrador,Instrucciones Laborales,Administrador,11,Role / Public,,,,,base.group_public,25,PRIVILEGE_PARTIAL;HAS_XMLID_19
125,155,Instrucciones Laborales: Rol Administrador,Instrucciones Laborales,Administrador,12,Default access for new users,,,,,base.default_user_group,25,PRIVILEGE_PARTIAL;HAS_XMLID_19
125,155,Instrucciones Laborales: Rol Administrador,Instrucciones Laborales,Administrador,13,Technical Documentation,,,,,api_doc.group_allow_doc,25,PRIVILEGE_PARTIAL;HAS_XMLID_19
125,155,Instrucciones Laborales: Rol Administrador,Instrucciones Laborales,Administrador,15,Mail Template Editor,,,,,mail.group_mail_template_editor,25,PRIVILEGE_PARTIAL;HAS_XMLID_19
125,155,Instrucciones Laborales: Rol Administrador,Instrucciones Laborales,Administrador,16,Receive notifications in Odoo,,,,,mail.group_mail_notification_type_inbox,25,PRIVILEGE_PARTIAL;HAS_XMLID_19
125,155,Instrucciones Laborales: Rol Administrador,Instrucciones Laborales,Administrador,25,Menus y Accesos Obsoletos,,,,,sicpro_app_administracion.grupo_app_administracion_obsoletos,25,PRIVILEGE_PARTIAL;HAS_XMLID_19
125,155,Instrucciones Laborales: Rol Administrador,Instrucciones Laborales,Administrador,26,Manage Multiple Units of Measure,,,,,uom.group_uom,25,PRIVILEGE_PARTIAL;HAS_XMLID_19
125,155,Instrucciones Laborales: Rol Administrador,Instrucciones Laborales,Administrador,27,Analytic Accounting,,,,,analytic.group_analytic_accounting,25,PRIVILEGE_PARTIAL;HAS_XMLID_19
125,155,Instrucciones Laborales: Rol Administrador,Instrucciones Laborales,Administrador,32,Use Stages on Project,,,,,project.group_project_stages,25,PRIVILEGE_PARTIAL;HAS_XMLID_19
125,155,Instrucciones Laborales: Rol Administrador,Instrucciones Laborales,Administrador,33,Use Recurring Tasks,,,,,project.group_project_recurring_tasks,25,PRIVILEGE_PARTIAL;HAS_XMLID_19
125,155,Instrucciones Laborales: Rol Administrador,Instrucciones Laborales,Administrador,34,Use Task Dependencies,,,,,project.group_project_task_dependencies,25,PRIVILEGE_PARTIAL;HAS_XMLID_19
125,155,Instrucciones Laborales: Rol Administrador,Instrucciones Laborales,Administrador,35,Use Milestones,,,,,project.group_project_milestone,25,PRIVILEGE_PARTIAL;HAS_XMLID_19
125,155,Instrucciones Laborales: Rol Administrador,Instrucciones Laborales,Administrador,44,Consultas Postgres,,,,,sicpro_modulo_querydb.group_querydeluxe,25,PRIVILEGE_PARTIAL;HAS_XMLID_19
125,155,Instrucciones Laborales: Rol Administrador,Instrucciones Laborales,Administrador,130,Usuarios,41,Instrucciones,97,Capital Humano,sicpro_app_instrucciones.grupo_app_instruciones_usuario,25,PRIVILEGE_PARTIAL;HAS_XMLID_19
125,155,Instrucciones Laborales: Rol Administrador,Instrucciones Laborales,Administrador,131,Instructor,41,Instrucciones,97,Capital Humano,sicpro_app_instrucciones.grupo_app_instruciones_responsable,25,PRIVILEGE_PARTIAL;HAS_XMLID_19
126,156,Encuesta: Rol Usuario,Encuesta,Usuario,36,Usuario,10,Gestor Documental,107,Servicios Corporativos,sicpro_app_gestor_documental.group_document_user,60,ROLE_NAME_EXACT;HAS_XMLID_19
126,156,Encuesta: Rol Usuario,Encuesta,Usuario,38,Usuario,11,Salón de Clases,107,Servicios Corporativos,sicpro_app_salon_clases.grupo_app_salon_clases_usuario,60,ROLE_NAME_EXACT;HAS_XMLID_19
126,156,Encuesta: Rol Usuario,Encuesta,Usuario,41,Usuario,12,Registros de auditoría,115,Registro de auditoría,sicpro_modulo_auditorias.group_auditlog_user,60,ROLE_NAME_EXACT;HAS_XMLID_19
126,156,Encuesta: Rol Usuario,Encuesta,Usuario,90,Usuario,30,Repositorio DVPE.,107,Servicios Corporativos,sicpro_app_repositorio_institucional.group_repositorio_institucional_user,60,ROLE_NAME_EXACT;HAS_XMLID_19
126,156,Encuesta: Rol Usuario,Encuesta,Usuario,95,Usuario,31,Reuniones,105,Gestión de Reuniones,sicpro_app_reuniones.group_reuniones_usuario,60,ROLE_NAME_EXACT;HAS_XMLID_19
126,156,Encuesta: Rol Usuario,Encuesta,Usuario,100,Usuario,32,Servicios Internos,107,Servicios Corporativos,sicpro_app_servicios_internos.grupo_app_internos_usuario,60,ROLE_NAME_EXACT;HAS_XMLID_19
126,156,Encuesta: Rol Usuario,Encuesta,Usuario,105,Usuario,33,Solicitudes de S.I.,107,Servicios Corporativos,sicpro_app_servicios_internos.grupo_app_internos_solicitudes_usuario,60,ROLE_NAME_EXACT;HAS_XMLID_19
126,156,Encuesta: Rol Usuario,Encuesta,Usuario,134,Usuario,43,Operaciones,110,Programa de la Vivienda,sicpro_app_programa_viviendas.grupo_app_vivienda_visualizar,60,ROLE_NAME_EXACT;HAS_XMLID_19
126,156,Encuesta: Rol Usuario,Encuesta,Usuario,46,Usuarios,15,CMI,108,Gestión de Producción,sicpro_app_cmi.grupo_app_cmi_usuario,35,ROLE_NAME_PARTIAL;HAS_XMLID_19
126,156,Encuesta: Rol Usuario,Encuesta,Usuario,50,Usuarios,16,Materiales e Insumos,102,Preparación Técnica,sicpro_app_materiales_insumos.grupo_app_materiales_insumos_usuario,35,ROLE_NAME_PARTIAL;HAS_XMLID_19
126,156,Encuesta: Rol Usuario,Encuesta,Usuario,54,Usuarios,17,Usuario del Proceso,97,Capital Humano,sicpro_app_trabajadores.grupo_app_trabajador_usuario_proceso,35,ROLE_NAME_PARTIAL;HAS_XMLID_19
126,156,Encuesta: Rol Usuario,Encuesta,Usuario,86,Usuarios,29,Metrología,106,Activos y Herramientas,sicpro_app_metrologia.grupo_app_metrologia_usuario,35,ROLE_NAME_PARTIAL;HAS_XMLID_19
126,156,Encuesta: Rol Usuario,Encuesta,Usuario,113,Usuarios,36,Transporte,98,Transportación,sicpro_app_transporte.grupo_app_transporte_usuario,35,ROLE_NAME_PARTIAL;HAS_XMLID_19
126,156,Encuesta: Rol Usuario,Encuesta,Usuario,117,Usuarios,37,Piquera,98,Transportación,sicpro_app_transporte.grupo_app_transporte_piquera_usuario,35,ROLE_NAME_PARTIAL;HAS_XMLID_19
126,156,Encuesta: Rol Usuario,Encuesta,Usuario,126,Usuarios,40,Clientes,101,Solicitudes de Obras,sicpro_app_clientes.grupo_app_clientes_usuario,35,ROLE_NAME_PARTIAL;HAS_XMLID_19
126,156,Encuesta: Rol Usuario,Encuesta,Usuario,130,Usuarios,41,Instrucciones,97,Capital Humano,sicpro_app_instrucciones.grupo_app_instruciones_usuario,35,ROLE_NAME_PARTIAL;HAS_XMLID_19
126,156,Encuesta: Rol Usuario,Encuesta,Usuario,141,Usuarios,44,Solicitudes,101,Solicitudes de Obras,sicpro_app_solicitudes.grupo_app_solicitud_usuario,35,ROLE_NAME_PARTIAL;HAS_XMLID_19
126,156,Encuesta: Rol Usuario,Encuesta,Usuario,1,Role / User,,,,,base.group_user,25,PRIVILEGE_PARTIAL;HAS_XMLID_19
126,156,Encuesta: Rol Usuario,Encuesta,Usuario,2,Access Rights,,,,,base.group_erp_manager,25,PRIVILEGE_PARTIAL;HAS_XMLID_19
126,156,Encuesta: Rol Usuario,Encuesta,Usuario,3,Bypass HTML Field Sanitize,,,,,base.group_sanitize_override,25,PRIVILEGE_PARTIAL;HAS_XMLID_19
126,156,Encuesta: Rol Usuario,Encuesta,Usuario,4,Role / Administrator,,,,,base.group_system,25,PRIVILEGE_PARTIAL;HAS_XMLID_19
126,156,Encuesta: Rol Usuario,Encuesta,Usuario,5,Multi Companies,,,,,base.group_multi_company,25,PRIVILEGE_PARTIAL;HAS_XMLID_19
126,156,Encuesta: Rol Usuario,Encuesta,Usuario,6,Multi Currencies,,,,,base.group_multi_currency,25,PRIVILEGE_PARTIAL;HAS_XMLID_19
126,156,Encuesta: Rol Usuario,Encuesta,Usuario,7,Technical Features,,,,,base.group_no_one,25,PRIVILEGE_PARTIAL;HAS_XMLID_19
126,156,Encuesta: Rol Usuario,Encuesta,Usuario,10,Role / Portal,,,,,base.group_portal,25,PRIVILEGE_PARTIAL;HAS_XMLID_19
126,156,Encuesta: Rol Usuario,Encuesta,Usuario,11,Role / Public,,,,,base.group_public,25,PRIVILEGE_PARTIAL;HAS_XMLID_19
126,156,Encuesta: Rol Usuario,Encuesta,Usuario,12,Default access for new users,,,,,base.default_user_group,25,PRIVILEGE_PARTIAL;HAS_XMLID_19
126,156,Encuesta: Rol Usuario,Encuesta,Usuario,13,Technical Documentation,,,,,api_doc.group_allow_doc,25,PRIVILEGE_PARTIAL;HAS_XMLID_19
126,156,Encuesta: Rol Usuario,Encuesta,Usuario,15,Mail Template Editor,,,,,mail.group_mail_template_editor,25,PRIVILEGE_PARTIAL;HAS_XMLID_19
126,156,Encuesta: Rol Usuario,Encuesta,Usuario,16,Receive notifications in Odoo,,,,,mail.group_mail_notification_type_inbox,25,PRIVILEGE_PARTIAL;HAS_XMLID_19
126,156,Encuesta: Rol Usuario,Encuesta,Usuario,25,Menus y Accesos Obsoletos,,,,,sicpro_app_administracion.grupo_app_administracion_obsoletos,25,PRIVILEGE_PARTIAL;HAS_XMLID_19
126,156,Encuesta: Rol Usuario,Encuesta,Usuario,26,Manage Multiple Units of Measure,,,,,uom.group_uom,25,PRIVILEGE_PARTIAL;HAS_XMLID_19
126,156,Encuesta: Rol Usuario,Encuesta,Usuario,27,Analytic Accounting,,,,,analytic.group_analytic_accounting,25,PRIVILEGE_PARTIAL;HAS_XMLID_19
126,156,Encuesta: Rol Usuario,Encuesta,Usuario,32,Use Stages on Project,,,,,project.group_project_stages,25,PRIVILEGE_PARTIAL;HAS_XMLID_19
126,156,Encuesta: Rol Usuario,Encuesta,Usuario,33,Use Recurring Tasks,,,,,project.group_project_recurring_tasks,25,PRIVILEGE_PARTIAL;HAS_XMLID_19
126,156,Encuesta: Rol Usuario,Encuesta,Usuario,34,Use Task Dependencies,,,,,project.group_project_task_dependencies,25,PRIVILEGE_PARTIAL;HAS_XMLID_19
126,156,Encuesta: Rol Usuario,Encuesta,Usuario,35,Use Milestones,,,,,project.group_project_milestone,25,PRIVILEGE_PARTIAL;HAS_XMLID_19
126,156,Encuesta: Rol Usuario,Encuesta,Usuario,44,Consultas Postgres,,,,,sicpro_modulo_querydb.group_querydeluxe,25,PRIVILEGE_PARTIAL;HAS_XMLID_19
126,156,Encuesta: Rol Usuario,Encuesta,Usuario,29,Administrator,8,Surveys,19,Marketing,survey.group_survey_manager,10,IMPLIED_COMMON:user;HAS_XMLID_19
126,156,Encuesta: Rol Usuario,Encuesta,Usuario,31,Administrator,9,Project,28,Services,project.group_project_manager,10,IMPLIED_COMMON:user;HAS_XMLID_19
127,157,Encuesta: Rol Administrador,Encuesta,Administrador,17,Administrador,4,Administrar SICPRO,94,Administración SICPRO ERP,sicpro_app_administracion.grupo_app_administracion_admin,60,ROLE_NAME_EXACT;HAS_XMLID_19
127,157,Encuesta: Rol Administrador,Encuesta,Administrador,40,Administrador,11,Salón de Clases,107,Servicios Corporativos,sicpro_app_salon_clases.grupo_app_salon_clases_admin,60,ROLE_NAME_EXACT;HAS_XMLID_19
127,157,Encuesta: Rol Administrador,Encuesta,Administrador,42,Administrador,12,Registros de auditoría,115,Registro de auditoría,sicpro_modulo_auditorias.group_auditlog_manager,60,ROLE_NAME_EXACT;HAS_XMLID_19
127,157,Encuesta: Rol Administrador,Encuesta,Administrador,43,Administrador,13,Nomencladores,94,Administración SICPRO ERP,sicpro_modulo_nomencladores.grupo_sicpro_nomencladores_admin,60,ROLE_NAME_EXACT;HAS_XMLID_19
127,157,Encuesta: Rol Administrador,Encuesta,Administrador,49,Administrador,15,CMI,108,Gestión de Producción,sicpro_app_cmi.grupo_app_cmi_admin,60,ROLE_NAME_EXACT;HAS_XMLID_19
127,157,Encuesta: Rol Administrador,Encuesta,Administrador,53,Administrador,16,Materiales e Insumos,102,Preparación Técnica,sicpro_app_materiales_insumos.grupo_app_materiales_insumos_admin,60,ROLE_NAME_EXACT;HAS_XMLID_19
127,157,Encuesta: Rol Administrador,Encuesta,Administrador,58,Administrador,18,Trabajadores,97,Capital Humano,sicpro_app_trabajadores.grupo_app_trabajador_admin,60,ROLE_NAME_EXACT;HAS_XMLID_19
127,157,Encuesta: Rol Administrador,Encuesta,Administrador,61,Administrador,19,Equipo Técnico,97,Capital Humano,sicpro_app_trabajadores.grupo_app_trabajador_equipos_admin,60,ROLE_NAME_EXACT;HAS_XMLID_19
127,157,Encuesta: Rol Administrador,Encuesta,Administrador,66,Administrador,20,Disciplinarias,97,Capital Humano,sicpro_app_trabajadores.grupo_app_trabajador_disciplina_admin,60,ROLE_NAME_EXACT;HAS_XMLID_19
127,157,Encuesta: Rol Administrador,Encuesta,Administrador,76,Administrador,25,Control,109,Control de la información,sicpro_app_control_informacion.grupo_control_informacion_admin,60,ROLE_NAME_EXACT;HAS_XMLID_19
127,157,Encuesta: Rol Administrador,Encuesta,Administrador,79,Administrador,26,Credenciales,97,Capital Humano,sicpro_app_credenciales.grupo_app_credenciales_admin,60,ROLE_NAME_EXACT;HAS_XMLID_19
127,157,Encuesta: Rol Administrador,Encuesta,Administrador,83,Administrador,27,Medios Informáticos,112,Informática,sicpro_app_medios_informaticos.grupo_app_medios_informaticos_admin,60,ROLE_NAME_EXACT;HAS_XMLID_19
127,157,Encuesta: Rol Administrador,Encuesta,Administrador,89,Administrador,29,Metrología,106,Activos y Herramientas,sicpro_app_metrologia.grupo_app_metrologia_admin,60,ROLE_NAME_EXACT;HAS_XMLID_19
127,157,Encuesta: Rol Administrador,Encuesta,Administrador,94,Administrador,30,Repositorio DVPE.,107,Servicios Corporativos,sicpro_app_repositorio_institucional.group_repositorio_institucional_admin,60,ROLE_NAME_EXACT;HAS_XMLID_19
127,157,Encuesta: Rol Administrador,Encuesta,Administrador,104,Administrador,32,Servicios Internos,107,Servicios Corporativos,sicpro_app_servicios_internos.grupo_app_internos_admin,60,ROLE_NAME_EXACT;HAS_XMLID_19
127,157,Encuesta: Rol Administrador,Encuesta,Administrador,111,Administrador,34,Soporte,113,Soporte Técnico,sicpro_app_soporte.group_soporte_admin,60,ROLE_NAME_EXACT;HAS_XMLID_19
127,157,Encuesta: Rol Administrador,Encuesta,Administrador,116,Administrador,36,Transporte,98,Transportación,sicpro_app_transporte.grupo_app_transporte_admin,60,ROLE_NAME_EXACT;HAS_XMLID_19
127,157,Encuesta: Rol Administrador,Encuesta,Administrador,122,Administrador,38,Víveres Logística,111,Alimentación,sicpro_app_viveres.grupo_app_viveres_admin,60,ROLE_NAME_EXACT;HAS_XMLID_19
127,157,Encuesta: Rol Administrador,Encuesta,Administrador,129,Administrador,40,Clientes,101,Solicitudes de Obras,sicpro_app_clientes.grupo_app_clientes_admin,60,ROLE_NAME_EXACT;HAS_XMLID_19
127,157,Encuesta: Rol Administrador,Encuesta,Administrador,132,Administrador,41,Instrucciones,97,Capital Humano,sicpro_app_instrucciones.grupo_app_instruciones_admin,60,ROLE_NAME_EXACT;HAS_XMLID_19
127,157,Encuesta: Rol Administrador,Encuesta,Administrador,140,Administrador,43,Operaciones,110,Programa de la Vivienda,sicpro_app_programa_viviendas.grupo_app_vivienda_admin,60,ROLE_NAME_EXACT;HAS_XMLID_19
127,157,Encuesta: Rol Administrador,Encuesta,Administrador,144,Administrador,44,Solicitudes,101,Solicitudes de Obras,sicpro_app_solicitudes.grupo_app_solicitud_admin,60,ROLE_NAME_EXACT;HAS_XMLID_19
127,157,Encuesta: Rol Administrador,Encuesta,Administrador,155,Administrador,50,Usuarios Internos,103,Órdenes de Trabajo,sicpro_app_ordenes_trabajo.grupo_ordenes_admin,60,ROLE_NAME_EXACT;HAS_XMLID_19
127,157,Encuesta: Rol Administrador,Encuesta,Administrador,168,Administrador,53,Transferencias,104,Gestión de Gastos,sicpro_app_transferencias_gastos.grupo_transferencias_admin,60,ROLE_NAME_EXACT;HAS_XMLID_19
127,157,Encuesta: Rol Administrador,Encuesta,Administrador,1,Role / User,,,,,base.group_user,25,PRIVILEGE_PARTIAL;HAS_XMLID_19
127,157,Encuesta: Rol Administrador,Encuesta,Administrador,2,Access Rights,,,,,base.group_erp_manager,25,PRIVILEGE_PARTIAL;HAS_XMLID_19
127,157,Encuesta: Rol Administrador,Encuesta,Administrador,3,Bypass HTML Field Sanitize,,,,,base.group_sanitize_override,25,PRIVILEGE_PARTIAL;HAS_XMLID_19
127,157,Encuesta: Rol Administrador,Encuesta,Administrador,4,Role / Administrator,,,,,base.group_system,25,PRIVILEGE_PARTIAL;HAS_XMLID_19
127,157,Encuesta: Rol Administrador,Encuesta,Administrador,5,Multi Companies,,,,,base.group_multi_company,25,PRIVILEGE_PARTIAL;HAS_XMLID_19
127,157,Encuesta: Rol Administrador,Encuesta,Administrador,6,Multi Currencies,,,,,base.group_multi_currency,25,PRIVILEGE_PARTIAL;HAS_XMLID_19
127,157,Encuesta: Rol Administrador,Encuesta,Administrador,7,Technical Features,,,,,base.group_no_one,25,PRIVILEGE_PARTIAL;HAS_XMLID_19
127,157,Encuesta: Rol Administrador,Encuesta,Administrador,10,Role / Portal,,,,,base.group_portal,25,PRIVILEGE_PARTIAL;HAS_XMLID_19
127,157,Encuesta: Rol Administrador,Encuesta,Administrador,11,Role / Public,,,,,base.group_public,25,PRIVILEGE_PARTIAL;HAS_XMLID_19
127,157,Encuesta: Rol Administrador,Encuesta,Administrador,12,Default access for new users,,,,,base.default_user_group,25,PRIVILEGE_PARTIAL;HAS_XMLID_19
127,157,Encuesta: Rol Administrador,Encuesta,Administrador,13,Technical Documentation,,,,,api_doc.group_allow_doc,25,PRIVILEGE_PARTIAL;HAS_XMLID_19
127,157,Encuesta: Rol Administrador,Encuesta,Administrador,15,Mail Template Editor,,,,,mail.group_mail_template_editor,25,PRIVILEGE_PARTIAL;HAS_XMLID_19
127,157,Encuesta: Rol Administrador,Encuesta,Administrador,16,Receive notifications in Odoo,,,,,mail.group_mail_notification_type_inbox,25,PRIVILEGE_PARTIAL;HAS_XMLID_19
127,157,Encuesta: Rol Administrador,Encuesta,Administrador,25,Menus y Accesos Obsoletos,,,,,sicpro_app_administracion.grupo_app_administracion_obsoletos,25,PRIVILEGE_PARTIAL;HAS_XMLID_19
127,157,Encuesta: Rol Administrador,Encuesta,Administrador,26,Manage Multiple Units of Measure,,,,,uom.group_uom,25,PRIVILEGE_PARTIAL;HAS_XMLID_19
127,157,Encuesta: Rol Administrador,Encuesta,Administrador,27,Analytic Accounting,,,,,analytic.group_analytic_accounting,25,PRIVILEGE_PARTIAL;HAS_XMLID_19
127,157,Encuesta: Rol Administrador,Encuesta,Administrador,32,Use Stages on Project,,,,,project.group_project_stages,25,PRIVILEGE_PARTIAL;HAS_XMLID_19
127,157,Encuesta: Rol Administrador,Encuesta,Administrador,33,Use Recurring Tasks,,,,,project.group_project_recurring_tasks,25,PRIVILEGE_PARTIAL;HAS_XMLID_19
127,157,Encuesta: Rol Administrador,Encuesta,Administrador,34,Use Task Dependencies,,,,,project.group_project_task_dependencies,25,PRIVILEGE_PARTIAL;HAS_XMLID_19
127,157,Encuesta: Rol Administrador,Encuesta,Administrador,35,Use Milestones,,,,,project.group_project_milestone,25,PRIVILEGE_PARTIAL;HAS_XMLID_19
127,157,Encuesta: Rol Administrador,Encuesta,Administrador,44,Consultas Postgres,,,,,sicpro_modulo_querydb.group_querydeluxe,25,PRIVILEGE_PARTIAL;HAS_XMLID_19
128,158,Metrología: Rol Usuario,Metrología,Usuario,86,Usuarios,29,Metrología,106,Activos y Herramientas,sicpro_app_metrologia.grupo_app_metrologia_usuario,85,ROLE_NAME_PARTIAL;PRIVILEGE_EXACT;HAS_XMLID_19
128,158,Metrología: Rol Usuario,Metrología,Usuario,36,Usuario,10,Gestor Documental,107,Servicios Corporativos,sicpro_app_gestor_documental.group_document_user,60,ROLE_NAME_EXACT;HAS_XMLID_19
128,158,Metrología: Rol Usuario,Metrología,Usuario,38,Usuario,11,Salón de Clases,107,Servicios Corporativos,sicpro_app_salon_clases.grupo_app_salon_clases_usuario,60,ROLE_NAME_EXACT;HAS_XMLID_19
128,158,Metrología: Rol Usuario,Metrología,Usuario,41,Usuario,12,Registros de auditoría,115,Registro de auditoría,sicpro_modulo_auditorias.group_auditlog_user,60,ROLE_NAME_EXACT;HAS_XMLID_19
128,158,Metrología: Rol Usuario,Metrología,Usuario,87,Ejecutor,29,Metrología,106,Activos y Herramientas,sicpro_app_metrologia.grupo_app_metrologia_ejecutor,60,PRIVILEGE_EXACT;IMPLIED_COMMON:usuarios;HAS_XMLID_19
128,158,Metrología: Rol Usuario,Metrología,Usuario,90,Usuario,30,Repositorio DVPE.,107,Servicios Corporativos,sicpro_app_repositorio_institucional.group_repositorio_institucional_user,60,ROLE_NAME_EXACT;HAS_XMLID_19
128,158,Metrología: Rol Usuario,Metrología,Usuario,95,Usuario,31,Reuniones,105,Gestión de Reuniones,sicpro_app_reuniones.group_reuniones_usuario,60,ROLE_NAME_EXACT;HAS_XMLID_19
128,158,Metrología: Rol Usuario,Metrología,Usuario,100,Usuario,32,Servicios Internos,107,Servicios Corporativos,sicpro_app_servicios_internos.grupo_app_internos_usuario,60,ROLE_NAME_EXACT;HAS_XMLID_19
128,158,Metrología: Rol Usuario,Metrología,Usuario,105,Usuario,33,Solicitudes de S.I.,107,Servicios Corporativos,sicpro_app_servicios_internos.grupo_app_internos_solicitudes_usuario,60,ROLE_NAME_EXACT;HAS_XMLID_19
128,158,Metrología: Rol Usuario,Metrología,Usuario,134,Usuario,43,Operaciones,110,Programa de la Vivienda,sicpro_app_programa_viviendas.grupo_app_vivienda_visualizar,60,ROLE_NAME_EXACT;HAS_XMLID_19
128,158,Metrología: Rol Usuario,Metrología,Usuario,88,Responsable,29,Metrología,106,Activos y Herramientas,sicpro_app_metrologia.grupo_app_metrologia_responsable,50,PRIVILEGE_EXACT;HAS_XMLID_19
128,158,Metrología: Rol Usuario,Metrología,Usuario,89,Administrador,29,Metrología,106,Activos y Herramientas,sicpro_app_metrologia.grupo_app_metrologia_admin,50,PRIVILEGE_EXACT;HAS_XMLID_19
128,158,Metrología: Rol Usuario,Metrología,Usuario,46,Usuarios,15,CMI,108,Gestión de Producción,sicpro_app_cmi.grupo_app_cmi_usuario,35,ROLE_NAME_PARTIAL;HAS_XMLID_19
128,158,Metrología: Rol Usuario,Metrología,Usuario,50,Usuarios,16,Materiales e Insumos,102,Preparación Técnica,sicpro_app_materiales_insumos.grupo_app_materiales_insumos_usuario,35,ROLE_NAME_PARTIAL;HAS_XMLID_19
128,158,Metrología: Rol Usuario,Metrología,Usuario,54,Usuarios,17,Usuario del Proceso,97,Capital Humano,sicpro_app_trabajadores.grupo_app_trabajador_usuario_proceso,35,ROLE_NAME_PARTIAL;HAS_XMLID_19
128,158,Metrología: Rol Usuario,Metrología,Usuario,113,Usuarios,36,Transporte,98,Transportación,sicpro_app_transporte.grupo_app_transporte_usuario,35,ROLE_NAME_PARTIAL;HAS_XMLID_19
128,158,Metrología: Rol Usuario,Metrología,Usuario,117,Usuarios,37,Piquera,98,Transportación,sicpro_app_transporte.grupo_app_transporte_piquera_usuario,35,ROLE_NAME_PARTIAL;HAS_XMLID_19
128,158,Metrología: Rol Usuario,Metrología,Usuario,126,Usuarios,40,Clientes,101,Solicitudes de Obras,sicpro_app_clientes.grupo_app_clientes_usuario,35,ROLE_NAME_PARTIAL;HAS_XMLID_19
128,158,Metrología: Rol Usuario,Metrología,Usuario,130,Usuarios,41,Instrucciones,97,Capital Humano,sicpro_app_instrucciones.grupo_app_instruciones_usuario,35,ROLE_NAME_PARTIAL;HAS_XMLID_19
128,158,Metrología: Rol Usuario,Metrología,Usuario,141,Usuarios,44,Solicitudes,101,Solicitudes de Obras,sicpro_app_solicitudes.grupo_app_solicitud_usuario,35,ROLE_NAME_PARTIAL;HAS_XMLID_19
128,158,Metrología: Rol Usuario,Metrología,Usuario,1,Role / User,,,,,base.group_user,25,PRIVILEGE_PARTIAL;HAS_XMLID_19
128,158,Metrología: Rol Usuario,Metrología,Usuario,2,Access Rights,,,,,base.group_erp_manager,25,PRIVILEGE_PARTIAL;HAS_XMLID_19
128,158,Metrología: Rol Usuario,Metrología,Usuario,3,Bypass HTML Field Sanitize,,,,,base.group_sanitize_override,25,PRIVILEGE_PARTIAL;HAS_XMLID_19
128,158,Metrología: Rol Usuario,Metrología,Usuario,4,Role / Administrator,,,,,base.group_system,25,PRIVILEGE_PARTIAL;HAS_XMLID_19
128,158,Metrología: Rol Usuario,Metrología,Usuario,5,Multi Companies,,,,,base.group_multi_company,25,PRIVILEGE_PARTIAL;HAS_XMLID_19
128,158,Metrología: Rol Usuario,Metrología,Usuario,6,Multi Currencies,,,,,base.group_multi_currency,25,PRIVILEGE_PARTIAL;HAS_XMLID_19
128,158,Metrología: Rol Usuario,Metrología,Usuario,7,Technical Features,,,,,base.group_no_one,25,PRIVILEGE_PARTIAL;HAS_XMLID_19
128,158,Metrología: Rol Usuario,Metrología,Usuario,10,Role / Portal,,,,,base.group_portal,25,PRIVILEGE_PARTIAL;HAS_XMLID_19
128,158,Metrología: Rol Usuario,Metrología,Usuario,11,Role / Public,,,,,base.group_public,25,PRIVILEGE_PARTIAL;HAS_XMLID_19
128,158,Metrología: Rol Usuario,Metrología,Usuario,12,Default access for new users,,,,,base.default_user_group,25,PRIVILEGE_PARTIAL;HAS_XMLID_19
128,158,Metrología: Rol Usuario,Metrología,Usuario,13,Technical Documentation,,,,,api_doc.group_allow_doc,25,PRIVILEGE_PARTIAL;HAS_XMLID_19
128,158,Metrología: Rol Usuario,Metrología,Usuario,15,Mail Template Editor,,,,,mail.group_mail_template_editor,25,PRIVILEGE_PARTIAL;HAS_XMLID_19
128,158,Metrología: Rol Usuario,Metrología,Usuario,16,Receive notifications in Odoo,,,,,mail.group_mail_notification_type_inbox,25,PRIVILEGE_PARTIAL;HAS_XMLID_19
128,158,Metrología: Rol Usuario,Metrología,Usuario,25,Menus y Accesos Obsoletos,,,,,sicpro_app_administracion.grupo_app_administracion_obsoletos,25,PRIVILEGE_PARTIAL;HAS_XMLID_19
128,158,Metrología: Rol Usuario,Metrología,Usuario,26,Manage Multiple Units of Measure,,,,,uom.group_uom,25,PRIVILEGE_PARTIAL;HAS_XMLID_19
128,158,Metrología: Rol Usuario,Metrología,Usuario,27,Analytic Accounting,,,,,analytic.group_analytic_accounting,25,PRIVILEGE_PARTIAL;HAS_XMLID_19
128,158,Metrología: Rol Usuario,Metrología,Usuario,32,Use Stages on Project,,,,,project.group_project_stages,25,PRIVILEGE_PARTIAL;HAS_XMLID_19
128,158,Metrología: Rol Usuario,Metrología,Usuario,33,Use Recurring Tasks,,,,,project.group_project_recurring_tasks,25,PRIVILEGE_PARTIAL;HAS_XMLID_19
128,158,Metrología: Rol Usuario,Metrología,Usuario,34,Use Task Dependencies,,,,,project.group_project_task_dependencies,25,PRIVILEGE_PARTIAL;HAS_XMLID_19
128,158,Metrología: Rol Usuario,Metrología,Usuario,35,Use Milestones,,,,,project.group_project_milestone,25,PRIVILEGE_PARTIAL;HAS_XMLID_19
128,158,Metrología: Rol Usuario,Metrología,Usuario,44,Consultas Postgres,,,,,sicpro_modulo_querydb.group_querydeluxe,25,PRIVILEGE_PARTIAL;HAS_XMLID_19
128,158,Metrología: Rol Usuario,Metrología,Usuario,47,Ejecutor,15,CMI,108,Gestión de Producción,sicpro_app_cmi.grupo_app_cmi_ejecutor,10,IMPLIED_COMMON:usuarios;HAS_XMLID_19
128,158,Metrología: Rol Usuario,Metrología,Usuario,51,Ejecutor,16,Materiales e Insumos,102,Preparación Técnica,sicpro_app_materiales_insumos.grupo_app_materiales_insumos_ejecutor,10,IMPLIED_COMMON:usuarios;HAS_XMLID_19
128,158,Metrología: Rol Usuario,Metrología,Usuario,55,Todos los Trabajadores,17,Usuario del Proceso,97,Capital Humano,sicpro_app_trabajadores.grupo_app_trabajador_usuario_todos,10,IMPLIED_COMMON:usuarios;HAS_XMLID_19
128,158,Metrología: Rol Usuario,Metrología,Usuario,114,Ejecutor,36,Transporte,98,Transportación,sicpro_app_transporte.grupo_app_transporte_ejecutor,10,IMPLIED_COMMON:usuarios;HAS_XMLID_19
128,158,Metrología: Rol Usuario,Metrología,Usuario,118,Ejecutor,37,Piquera,98,Transportación,sicpro_app_transporte.grupo_app_transporte_piquera_ejecutor,10,IMPLIED_COMMON:usuarios;HAS_XMLID_19
128,158,Metrología: Rol Usuario,Metrología,Usuario,127,Ejecutor,40,Clientes,101,Solicitudes de Obras,sicpro_app_clientes.grupo_app_clientes_ejecutor,10,IMPLIED_COMMON:usuarios;HAS_XMLID_19
128,158,Metrología: Rol Usuario,Metrología,Usuario,131,Instructor,41,Instrucciones,97,Capital Humano,sicpro_app_instrucciones.grupo_app_instruciones_responsable,10,IMPLIED_COMMON:usuarios;HAS_XMLID_19
128,158,Metrología: Rol Usuario,Metrología,Usuario,142,Administrativos,44,Solicitudes,101,Solicitudes de Obras,sicpro_app_solicitudes.grupo_app_solicitud_usuario_vertodo,10,IMPLIED_COMMON:usuarios;HAS_XMLID_19
129,159,Metrología: Rol Ejecutor,Metrología,Ejecutor,87,Ejecutor,29,Metrología,106,Activos y Herramientas,sicpro_app_metrologia.grupo_app_metrologia_ejecutor,110,ROLE_NAME_EXACT;PRIVILEGE_EXACT;HAS_XMLID_19
129,159,Metrología: Rol Ejecutor,Metrología,Ejecutor,37,Ejecutor,10,Gestor Documental,107,Servicios Corporativos,sicpro_app_gestor_documental.group_document_manager,60,ROLE_NAME_EXACT;HAS_XMLID_19
129,159,Metrología: Rol Ejecutor,Metrología,Ejecutor,47,Ejecutor,15,CMI,108,Gestión de Producción,sicpro_app_cmi.grupo_app_cmi_ejecutor,60,ROLE_NAME_EXACT;HAS_XMLID_19
129,159,Metrología: Rol Ejecutor,Metrología,Ejecutor,51,Ejecutor,16,Materiales e Insumos,102,Preparación Técnica,sicpro_app_materiales_insumos.grupo_app_materiales_insumos_ejecutor,60,ROLE_NAME_EXACT;HAS_XMLID_19
129,159,Metrología: Rol Ejecutor,Metrología,Ejecutor,69,Ejecutor,22,Seguridad y Salud,97,Capital Humano,sicpro_app_trabajadores.grupo_app_trabajador_seguridad_salud,60,ROLE_NAME_EXACT;HAS_XMLID_19
129,159,Metrología: Rol Ejecutor,Metrología,Ejecutor,72,Ejecutor,23,Ejecutor,109,Control de la información,sicpro_app_control_informacion.grupo_control_informacion_ejecutor,60,ROLE_NAME_EXACT;HAS_XMLID_19
129,159,Metrología: Rol Ejecutor,Metrología,Ejecutor,88,Responsable,29,Metrología,106,Activos y Herramientas,sicpro_app_metrologia.grupo_app_metrologia_responsable,60,PRIVILEGE_EXACT;IMPLIED_COMMON:ejecutor;HAS_XMLID_19
129,159,Metrología: Rol Ejecutor,Metrología,Ejecutor,109,Ejecutor,34,Soporte,113,Soporte Técnico,sicpro_app_soporte.group_soporte_ejecutor,60,ROLE_NAME_EXACT;HAS_XMLID_19
129,159,Metrología: Rol Ejecutor,Metrología,Ejecutor,114,Ejecutor,36,Transporte,98,Transportación,sicpro_app_transporte.grupo_app_transporte_ejecutor,60,ROLE_NAME_EXACT;HAS_XMLID_19
129,159,Metrología: Rol Ejecutor,Metrología,Ejecutor,118,Ejecutor,37,Piquera,98,Transportación,sicpro_app_transporte.grupo_app_transporte_piquera_ejecutor,60,ROLE_NAME_EXACT;HAS_XMLID_19
129,159,Metrología: Rol Ejecutor,Metrología,Ejecutor,120,Ejecutor,38,Víveres Logística,111,Alimentación,sicpro_app_viveres.grupo_app_viveres_resumen_ejecutor,60,ROLE_NAME_EXACT;HAS_XMLID_19
129,159,Metrología: Rol Ejecutor,Metrología,Ejecutor,124,Ejecutor,39,Víveres Áreas,111,Alimentación,sicpro_app_viveres.grupo_app_viveres_areas_ejecutor,60,ROLE_NAME_EXACT;HAS_XMLID_19
129,159,Metrología: Rol Ejecutor,Metrología,Ejecutor,127,Ejecutor,40,Clientes,101,Solicitudes de Obras,sicpro_app_clientes.grupo_app_clientes_ejecutor,60,ROLE_NAME_EXACT;HAS_XMLID_19
129,159,Metrología: Rol Ejecutor,Metrología,Ejecutor,145,Ejecutor,45,Inversionistas,101,Solicitudes de Obras,sicpro_app_solicitudes.grupo_app_iniciativas_ejecutor,60,ROLE_NAME_EXACT;HAS_XMLID_19
129,159,Metrología: Rol Ejecutor,Metrología,Ejecutor,147,Ejecutor,46,Negociación,101,Solicitudes de Obras,sicpro_app_solicitudes.grupo_app_negocio_ejecutor,60,ROLE_NAME_EXACT;HAS_XMLID_19
129,159,Metrología: Rol Ejecutor,Metrología,Ejecutor,148,Ejecutor,47,Revisión del Negocio,101,Solicitudes de Obras,sicpro_app_solicitudes.grupo_app_negocio_pg_ejecutor,60,ROLE_NAME_EXACT;HAS_XMLID_19
129,159,Metrología: Rol Ejecutor,Metrología,Ejecutor,149,Ejecutor,48,Distribuidores,101,Solicitudes de Obras,sicpro_app_solicitudes.grupo_app_ejecutor_ejecutor,60,ROLE_NAME_EXACT;HAS_XMLID_19
129,159,Metrología: Rol Ejecutor,Metrología,Ejecutor,86,Usuarios,29,Metrología,106,Activos y Herramientas,sicpro_app_metrologia.grupo_app_metrologia_usuario,50,PRIVILEGE_EXACT;HAS_XMLID_19
129,159,Metrología: Rol Ejecutor,Metrología,Ejecutor,89,Administrador,29,Metrología,106,Activos y Herramientas,sicpro_app_metrologia.grupo_app_metrologia_admin,50,PRIVILEGE_EXACT;HAS_XMLID_19
129,159,Metrología: Rol Ejecutor,Metrología,Ejecutor,101,Ejecutor de Servicios,32,Servicios Internos,107,Servicios Corporativos,sicpro_app_servicios_internos.grupo_app_internos_ejecutor_servicios,35,ROLE_NAME_PARTIAL;HAS_XMLID_19
129,159,Metrología: Rol Ejecutor,Metrología,Ejecutor,102,Ejecutor Corporativo,32,Servicios Internos,107,Servicios Corporativos,sicpro_app_servicios_internos.grupo_app_internos_ejecutor_interno,35,ROLE_NAME_PARTIAL;HAS_XMLID_19
129,159,Metrología: Rol Ejecutor,Metrología,Ejecutor,106,Ejecutor de Solicitud,33,Solicitudes de S.I.,107,Servicios Corporativos,sicpro_app_servicios_internos.grupo_app_internos_solicitudes_ejecutor,35,ROLE_NAME_PARTIAL;HAS_XMLID_19
129,159,Metrología: Rol Ejecutor,Metrología,Ejecutor,164,Gestión del Ejecutor,53,Transferencias,104,Gestión de Gastos,sicpro_app_transferencias_gastos.grupo_transferencias_ejecutores_procesos,35,ROLE_NAME_PARTIAL;HAS_XMLID_19
129,159,Metrología: Rol Ejecutor,Metrología,Ejecutor,1,Role / User,,,,,base.group_user,25,PRIVILEGE_PARTIAL;HAS_XMLID_19
129,159,Metrología: Rol Ejecutor,Metrología,Ejecutor,2,Access Rights,,,,,base.group_erp_manager,25,PRIVILEGE_PARTIAL;HAS_XMLID_19
129,159,Metrología: Rol Ejecutor,Metrología,Ejecutor,3,Bypass HTML Field Sanitize,,,,,base.group_sanitize_override,25,PRIVILEGE_PARTIAL;HAS_XMLID_19
129,159,Metrología: Rol Ejecutor,Metrología,Ejecutor,4,Role / Administrator,,,,,base.group_system,25,PRIVILEGE_PARTIAL;HAS_XMLID_19
129,159,Metrología: Rol Ejecutor,Metrología,Ejecutor,5,Multi Companies,,,,,base.group_multi_company,25,PRIVILEGE_PARTIAL;HAS_XMLID_19
129,159,Metrología: Rol Ejecutor,Metrología,Ejecutor,6,Multi Currencies,,,,,base.group_multi_currency,25,PRIVILEGE_PARTIAL;HAS_XMLID_19
129,159,Metrología: Rol Ejecutor,Metrología,Ejecutor,7,Technical Features,,,,,base.group_no_one,25,PRIVILEGE_PARTIAL;HAS_XMLID_19
129,159,Metrología: Rol Ejecutor,Metrología,Ejecutor,10,Role / Portal,,,,,base.group_portal,25,PRIVILEGE_PARTIAL;HAS_XMLID_19
129,159,Metrología: Rol Ejecutor,Metrología,Ejecutor,11,Role / Public,,,,,base.group_public,25,PRIVILEGE_PARTIAL;HAS_XMLID_19
129,159,Metrología: Rol Ejecutor,Metrología,Ejecutor,12,Default access for new users,,,,,base.default_user_group,25,PRIVILEGE_PARTIAL;HAS_XMLID_19
129,159,Metrología: Rol Ejecutor,Metrología,Ejecutor,13,Technical Documentation,,,,,api_doc.group_allow_doc,25,PRIVILEGE_PARTIAL;HAS_XMLID_19
129,159,Metrología: Rol Ejecutor,Metrología,Ejecutor,15,Mail Template Editor,,,,,mail.group_mail_template_editor,25,PRIVILEGE_PARTIAL;HAS_XMLID_19
129,159,Metrología: Rol Ejecutor,Metrología,Ejecutor,16,Receive notifications in Odoo,,,,,mail.group_mail_notification_type_inbox,25,PRIVILEGE_PARTIAL;HAS_XMLID_19
129,159,Metrología: Rol Ejecutor,Metrología,Ejecutor,25,Menus y Accesos Obsoletos,,,,,sicpro_app_administracion.grupo_app_administracion_obsoletos,25,PRIVILEGE_PARTIAL;HAS_XMLID_19
129,159,Metrología: Rol Ejecutor,Metrología,Ejecutor,26,Manage Multiple Units of Measure,,,,,uom.group_uom,25,PRIVILEGE_PARTIAL;HAS_XMLID_19
129,159,Metrología: Rol Ejecutor,Metrología,Ejecutor,27,Analytic Accounting,,,,,analytic.group_analytic_accounting,25,PRIVILEGE_PARTIAL;HAS_XMLID_19
129,159,Metrología: Rol Ejecutor,Metrología,Ejecutor,32,Use Stages on Project,,,,,project.group_project_stages,25,PRIVILEGE_PARTIAL;HAS_XMLID_19
129,159,Metrología: Rol Ejecutor,Metrología,Ejecutor,33,Use Recurring Tasks,,,,,project.group_project_recurring_tasks,25,PRIVILEGE_PARTIAL;HAS_XMLID_19
129,159,Metrología: Rol Ejecutor,Metrología,Ejecutor,34,Use Task Dependencies,,,,,project.group_project_task_dependencies,25,PRIVILEGE_PARTIAL;HAS_XMLID_19
129,159,Metrología: Rol Ejecutor,Metrología,Ejecutor,35,Use Milestones,,,,,project.group_project_milestone,25,PRIVILEGE_PARTIAL;HAS_XMLID_19
129,159,Metrología: Rol Ejecutor,Metrología,Ejecutor,44,Consultas Postgres,,,,,sicpro_modulo_querydb.group_querydeluxe,25,PRIVILEGE_PARTIAL;HAS_XMLID_19
129,159,Metrología: Rol Ejecutor,Metrología,Ejecutor,48,Responsable,15,CMI,108,Gestión de Producción,sicpro_app_cmi.grupo_app_cmi_responsable,10,IMPLIED_COMMON:ejecutor;HAS_XMLID_19
129,159,Metrología: Rol Ejecutor,Metrología,Ejecutor,52,Responsable,16,Materiales e Insumos,102,Preparación Técnica,sicpro_app_materiales_insumos.grupo_app_materiales_insumos_responsable,10,IMPLIED_COMMON:ejecutor;HAS_XMLID_19
129,159,Metrología: Rol Ejecutor,Metrología,Ejecutor,70,Responsable,22,Seguridad y Salud,97,Capital Humano,sicpro_app_trabajadores.grupo_app_trabajador_seguridad_salud_responsable,10,IMPLIED_COMMON:ejecutor;HAS_XMLID_19
129,159,Metrología: Rol Ejecutor,Metrología,Ejecutor,110,Responsable,34,Soporte,113,Soporte Técnico,sicpro_app_soporte.group_soporte_responsable,10,IMPLIED_COMMON:ejecutor;HAS_XMLID_19
129,159,Metrología: Rol Ejecutor,Metrología,Ejecutor,115,Responsable,36,Transporte,98,Transportación,sicpro_app_transporte.grupo_app_transporte_responsable,10,IMPLIED_COMMON:ejecutor;HAS_XMLID_19
129,159,Metrología: Rol Ejecutor,Metrología,Ejecutor,121,Responsable,38,Víveres Logística,111,Alimentación,sicpro_app_viveres.grupo_app_viveres_resumen_responsable,10,IMPLIED_COMMON:ejecutor;HAS_XMLID_19
129,159,Metrología: Rol Ejecutor,Metrología,Ejecutor,125,Jefe,39,Víveres Áreas,111,Alimentación,sicpro_app_viveres.grupo_app_viveres_areas_responsable,10,IMPLIED_COMMON:ejecutor;HAS_XMLID_19
129,159,Metrología: Rol Ejecutor,Metrología,Ejecutor,128,Responsable,40,Clientes,101,Solicitudes de Obras,sicpro_app_clientes.grupo_app_clientes_responsable,10,IMPLIED_COMMON:ejecutor;HAS_XMLID_19
129,159,Metrología: Rol Ejecutor,Metrología,Ejecutor,146,Territorial,45,Inversionistas,101,Solicitudes de Obras,sicpro_app_solicitudes.grupo_app_iniciativas_territorios,10,IMPLIED_COMMON:ejecutor;HAS_XMLID_19
130,160,Metrología: Rol Responsable,Metrología,Responsable,88,Responsable,29,Metrología,106,Activos y Herramientas,sicpro_app_metrologia.grupo_app_metrologia_responsable,110,ROLE_NAME_EXACT;PRIVILEGE_EXACT;HAS_XMLID_19
130,160,Metrología: Rol Responsable,Metrología,Responsable,39,Responsable,11,Salón de Clases,107,Servicios Corporativos,sicpro_app_salon_clases.grupo_app_salon_clases_responsable,60,ROLE_NAME_EXACT;HAS_XMLID_19
130,160,Metrología: Rol Responsable,Metrología,Responsable,48,Responsable,15,CMI,108,Gestión de Producción,sicpro_app_cmi.grupo_app_cmi_responsable,60,ROLE_NAME_EXACT;HAS_XMLID_19
130,160,Metrología: Rol Responsable,Metrología,Responsable,52,Responsable,16,Materiales e Insumos,102,Preparación Técnica,sicpro_app_materiales_insumos.grupo_app_materiales_insumos_responsable,60,ROLE_NAME_EXACT;HAS_XMLID_19
130,160,Metrología: Rol Responsable,Metrología,Responsable,57,Responsable,18,Trabajadores,97,Capital Humano,sicpro_app_trabajadores.grupo_app_trabajador_responsable,60,ROLE_NAME_EXACT;HAS_XMLID_19
130,160,Metrología: Rol Responsable,Metrología,Responsable,60,Responsable,19,Equipo Técnico,97,Capital Humano,sicpro_app_trabajadores.grupo_app_trabajador_equipos_responsable,60,ROLE_NAME_EXACT;HAS_XMLID_19
130,160,Metrología: Rol Responsable,Metrología,Responsable,65,Responsable,20,Disciplinarias,97,Capital Humano,sicpro_app_trabajadores.grupo_app_trabajador_disciplina_responsable,60,ROLE_NAME_EXACT;HAS_XMLID_19
130,160,Metrología: Rol Responsable,Metrología,Responsable,68,Responsable,21,Capacitación,97,Capital Humano,sicpro_app_trabajadores.grupo_app_trabajador_capacitacion_responsable,60,ROLE_NAME_EXACT;HAS_XMLID_19
130,160,Metrología: Rol Responsable,Metrología,Responsable,70,Responsable,22,Seguridad y Salud,97,Capital Humano,sicpro_app_trabajadores.grupo_app_trabajador_seguridad_salud_responsable,60,ROLE_NAME_EXACT;HAS_XMLID_19
130,160,Metrología: Rol Responsable,Metrología,Responsable,75,Responsable,25,Control,109,Control de la información,sicpro_app_control_informacion.grupo_control_informacion_responsable,60,ROLE_NAME_EXACT;HAS_XMLID_19
130,160,Metrología: Rol Responsable,Metrología,Responsable,78,Responsable,26,Credenciales,97,Capital Humano,sicpro_app_credenciales.grupo_app_credenciales_responsable,60,ROLE_NAME_EXACT;HAS_XMLID_19
130,160,Metrología: Rol Responsable,Metrología,Responsable,82,Responsable,27,Medios Informáticos,112,Informática,sicpro_app_medios_informaticos.grupo_app_medios_informaticos_responsable,60,ROLE_NAME_EXACT;HAS_XMLID_19
130,160,Metrología: Rol Responsable,Metrología,Responsable,89,Administrador,29,Metrología,106,Activos y Herramientas,sicpro_app_metrologia.grupo_app_metrologia_admin,60,PRIVILEGE_EXACT;IMPLIED_COMMON:responsable;HAS_XMLID_19
130,160,Metrología: Rol Responsable,Metrología,Responsable,93,Responsable,30,Repositorio DVPE.,107,Servicios Corporativos,sicpro_app_repositorio_institucional.group_repositorio_institucional_responsable,60,ROLE_NAME_EXACT;HAS_XMLID_19
130,160,Metrología: Rol Responsable,Metrología,Responsable,98,Responsable,31,Reuniones,105,Gestión de Reuniones,sicpro_app_reuniones.group_reuniones_responsable,60,ROLE_NAME_EXACT;HAS_XMLID_19
130,160,Metrología: Rol Responsable,Metrología,Responsable,103,Responsable,32,Servicios Internos,107,Servicios Corporativos,sicpro_app_servicios_internos.grupo_app_internos_responsable,60,ROLE_NAME_EXACT;HAS_XMLID_19
130,160,Metrología: Rol Responsable,Metrología,Responsable,110,Responsable,34,Soporte,113,Soporte Técnico,sicpro_app_soporte.group_soporte_responsable,60,ROLE_NAME_EXACT;HAS_XMLID_19
130,160,Metrología: Rol Responsable,Metrología,Responsable,115,Responsable,36,Transporte,98,Transportación,sicpro_app_transporte.grupo_app_transporte_responsable,60,ROLE_NAME_EXACT;HAS_XMLID_19
130,160,Metrología: Rol Responsable,Metrología,Responsable,121,Responsable,38,Víveres Logística,111,Alimentación,sicpro_app_viveres.grupo_app_viveres_resumen_responsable,60,ROLE_NAME_EXACT;HAS_XMLID_19
130,160,Metrología: Rol Responsable,Metrología,Responsable,128,Responsable,40,Clientes,101,Solicitudes de Obras,sicpro_app_clientes.grupo_app_clientes_responsable,60,ROLE_NAME_EXACT;HAS_XMLID_19
130,160,Metrología: Rol Responsable,Metrología,Responsable,139,Responsable,43,Operaciones,110,Programa de la Vivienda,sicpro_app_programa_viviendas.grupo_app_vivienda_responsable,60,ROLE_NAME_EXACT;HAS_XMLID_19
130,160,Metrología: Rol Responsable,Metrología,Responsable,143,Responsable,44,Solicitudes,101,Solicitudes de Obras,sicpro_app_solicitudes.grupo_app_solicitud_responsable,60,ROLE_NAME_EXACT;HAS_XMLID_19
130,160,Metrología: Rol Responsable,Metrología,Responsable,151,Responsable,49,Especialista Ejecutor,101,Solicitudes de Obras,sicpro_app_solicitudes.grupo_app_grupos_ejecutor,60,ROLE_NAME_EXACT;HAS_XMLID_19
130,160,Metrología: Rol Responsable,Metrología,Responsable,154,Responsable,50,Usuarios Internos,103,Órdenes de Trabajo,sicpro_app_ordenes_trabajo.grupo_ordenes_responsable,60,ROLE_NAME_EXACT;HAS_XMLID_19
130,160,Metrología: Rol Responsable,Metrología,Responsable,167,Responsable,53,Transferencias,104,Gestión de Gastos,sicpro_app_transferencias_gastos.grupo_transferencias_responsable,60,ROLE_NAME_EXACT;HAS_XMLID_19
130,160,Metrología: Rol Responsable,Metrología,Responsable,86,Usuarios,29,Metrología,106,Activos y Herramientas,sicpro_app_metrologia.grupo_app_metrologia_usuario,50,PRIVILEGE_EXACT;HAS_XMLID_19
130,160,Metrología: Rol Responsable,Metrología,Responsable,87,Ejecutor,29,Metrología,106,Activos y Herramientas,sicpro_app_metrologia.grupo_app_metrologia_ejecutor,50,PRIVILEGE_EXACT;HAS_XMLID_19
130,160,Metrología: Rol Responsable,Metrología,Responsable,1,Role / User,,,,,base.group_user,25,PRIVILEGE_PARTIAL;HAS_XMLID_19
130,160,Metrología: Rol Responsable,Metrología,Responsable,2,Access Rights,,,,,base.group_erp_manager,25,PRIVILEGE_PARTIAL;HAS_XMLID_19
130,160,Metrología: Rol Responsable,Metrología,Responsable,3,Bypass HTML Field Sanitize,,,,,base.group_sanitize_override,25,PRIVILEGE_PARTIAL;HAS_XMLID_19
130,160,Metrología: Rol Responsable,Metrología,Responsable,4,Role / Administrator,,,,,base.group_system,25,PRIVILEGE_PARTIAL;HAS_XMLID_19
130,160,Metrología: Rol Responsable,Metrología,Responsable,5,Multi Companies,,,,,base.group_multi_company,25,PRIVILEGE_PARTIAL;HAS_XMLID_19
130,160,Metrología: Rol Responsable,Metrología,Responsable,6,Multi Currencies,,,,,base.group_multi_currency,25,PRIVILEGE_PARTIAL;HAS_XMLID_19
130,160,Metrología: Rol Responsable,Metrología,Responsable,7,Technical Features,,,,,base.group_no_one,25,PRIVILEGE_PARTIAL;HAS_XMLID_19
130,160,Metrología: Rol Responsable,Metrología,Responsable,10,Role / Portal,,,,,base.group_portal,25,PRIVILEGE_PARTIAL;HAS_XMLID_19
130,160,Metrología: Rol Responsable,Metrología,Responsable,11,Role / Public,,,,,base.group_public,25,PRIVILEGE_PARTIAL;HAS_XMLID_19
130,160,Metrología: Rol Responsable,Metrología,Responsable,12,Default access for new users,,,,,base.default_user_group,25,PRIVILEGE_PARTIAL;HAS_XMLID_19
130,160,Metrología: Rol Responsable,Metrología,Responsable,13,Technical Documentation,,,,,api_doc.group_allow_doc,25,PRIVILEGE_PARTIAL;HAS_XMLID_19
130,160,Metrología: Rol Responsable,Metrología,Responsable,15,Mail Template Editor,,,,,mail.group_mail_template_editor,25,PRIVILEGE_PARTIAL;HAS_XMLID_19
130,160,Metrología: Rol Responsable,Metrología,Responsable,16,Receive notifications in Odoo,,,,,mail.group_mail_notification_type_inbox,25,PRIVILEGE_PARTIAL;HAS_XMLID_19
130,160,Metrología: Rol Responsable,Metrología,Responsable,25,Menus y Accesos Obsoletos,,,,,sicpro_app_administracion.grupo_app_administracion_obsoletos,25,PRIVILEGE_PARTIAL;HAS_XMLID_19
130,160,Metrología: Rol Responsable,Metrología,Responsable,26,Manage Multiple Units of Measure,,,,,uom.group_uom,25,PRIVILEGE_PARTIAL;HAS_XMLID_19
130,160,Metrología: Rol Responsable,Metrología,Responsable,27,Analytic Accounting,,,,,analytic.group_analytic_accounting,25,PRIVILEGE_PARTIAL;HAS_XMLID_19
130,160,Metrología: Rol Responsable,Metrología,Responsable,32,Use Stages on Project,,,,,project.group_project_stages,25,PRIVILEGE_PARTIAL;HAS_XMLID_19
130,160,Metrología: Rol Responsable,Metrología,Responsable,33,Use Recurring Tasks,,,,,project.group_project_recurring_tasks,25,PRIVILEGE_PARTIAL;HAS_XMLID_19
130,160,Metrología: Rol Responsable,Metrología,Responsable,34,Use Task Dependencies,,,,,project.group_project_task_dependencies,25,PRIVILEGE_PARTIAL;HAS_XMLID_19
130,160,Metrología: Rol Responsable,Metrología,Responsable,35,Use Milestones,,,,,project.group_project_milestone,25,PRIVILEGE_PARTIAL;HAS_XMLID_19
130,160,Metrología: Rol Responsable,Metrología,Responsable,44,Consultas Postgres,,,,,sicpro_modulo_querydb.group_querydeluxe,25,PRIVILEGE_PARTIAL;HAS_XMLID_19
130,160,Metrología: Rol Responsable,Metrología,Responsable,40,Administrador,11,Salón de Clases,107,Servicios Corporativos,sicpro_app_salon_clases.grupo_app_salon_clases_admin,10,IMPLIED_COMMON:responsable;HAS_XMLID_19
130,160,Metrología: Rol Responsable,Metrología,Responsable,49,Administrador,15,CMI,108,Gestión de Producción,sicpro_app_cmi.grupo_app_cmi_admin,10,IMPLIED_COMMON:responsable;HAS_XMLID_19
130,160,Metrología: Rol Responsable,Metrología,Responsable,53,Administrador,16,Materiales e Insumos,102,Preparación Técnica,sicpro_app_materiales_insumos.grupo_app_materiales_insumos_admin,10,IMPLIED_COMMON:responsable;HAS_XMLID_19
130,160,Metrología: Rol Responsable,Metrología,Responsable,58,Administrador,18,Trabajadores,97,Capital Humano,sicpro_app_trabajadores.grupo_app_trabajador_admin,10,IMPLIED_COMMON:responsable;HAS_XMLID_19
130,160,Metrología: Rol Responsable,Metrología,Responsable,61,Administrador,19,Equipo Técnico,97,Capital Humano,sicpro_app_trabajadores.grupo_app_trabajador_equipos_admin,10,IMPLIED_COMMON:responsable;HAS_XMLID_19
130,160,Metrología: Rol Responsable,Metrología,Responsable,66,Administrador,20,Disciplinarias,97,Capital Humano,sicpro_app_trabajadores.grupo_app_trabajador_disciplina_admin,10,IMPLIED_COMMON:responsable;HAS_XMLID_19
130,160,Metrología: Rol Responsable,Metrología,Responsable,76,Administrador,25,Control,109,Control de la información,sicpro_app_control_informacion.grupo_control_informacion_admin,10,IMPLIED_COMMON:responsable;HAS_XMLID_19
130,160,Metrología: Rol Responsable,Metrología,Responsable,79,Administrador,26,Credenciales,97,Capital Humano,sicpro_app_credenciales.grupo_app_credenciales_admin,10,IMPLIED_COMMON:responsable;HAS_XMLID_19
130,160,Metrología: Rol Responsable,Metrología,Responsable,83,Administrador,27,Medios Informáticos,112,Informática,sicpro_app_medios_informaticos.grupo_app_medios_informaticos_admin,10,IMPLIED_COMMON:responsable;HAS_XMLID_19
130,160,Metrología: Rol Responsable,Metrología,Responsable,94,Administrador,30,Repositorio DVPE.,107,Servicios Corporativos,sicpro_app_repositorio_institucional.group_repositorio_institucional_admin,10,IMPLIED_COMMON:responsable;HAS_XMLID_19
130,160,Metrología: Rol Responsable,Metrología,Responsable,99,Administrator,31,Reuniones,105,Gestión de Reuniones,sicpro_app_reuniones.group_reuniones_admin,10,IMPLIED_COMMON:responsable;HAS_XMLID_19
130,160,Metrología: Rol Responsable,Metrología,Responsable,104,Administrador,32,Servicios Internos,107,Servicios Corporativos,sicpro_app_servicios_internos.grupo_app_internos_admin,10,IMPLIED_COMMON:responsable;HAS_XMLID_19
130,160,Metrología: Rol Responsable,Metrología,Responsable,111,Administrador,34,Soporte,113,Soporte Técnico,sicpro_app_soporte.group_soporte_admin,10,IMPLIED_COMMON:responsable;HAS_XMLID_19
130,160,Metrología: Rol Responsable,Metrología,Responsable,116,Administrador,36,Transporte,98,Transportación,sicpro_app_transporte.grupo_app_transporte_admin,10,IMPLIED_COMMON:responsable;HAS_XMLID_19
130,160,Metrología: Rol Responsable,Metrología,Responsable,122,Administrador,38,Víveres Logística,111,Alimentación,sicpro_app_viveres.grupo_app_viveres_admin,10,IMPLIED_COMMON:responsable;HAS_XMLID_19
130,160,Metrología: Rol Responsable,Metrología,Responsable,129,Administrador,40,Clientes,101,Solicitudes de Obras,sicpro_app_clientes.grupo_app_clientes_admin,10,IMPLIED_COMMON:responsable;HAS_XMLID_19
130,160,Metrología: Rol Responsable,Metrología,Responsable,140,Administrador,43,Operaciones,110,Programa de la Vivienda,sicpro_app_programa_viviendas.grupo_app_vivienda_admin,10,IMPLIED_COMMON:responsable;HAS_XMLID_19
130,160,Metrología: Rol Responsable,Metrología,Responsable,144,Administrador,44,Solicitudes,101,Solicitudes de Obras,sicpro_app_solicitudes.grupo_app_solicitud_admin,10,IMPLIED_COMMON:responsable;HAS_XMLID_19
130,160,Metrología: Rol Responsable,Metrología,Responsable,155,Administrador,50,Usuarios Internos,103,Órdenes de Trabajo,sicpro_app_ordenes_trabajo.grupo_ordenes_admin,10,IMPLIED_COMMON:responsable;HAS_XMLID_19
130,160,Metrología: Rol Responsable,Metrología,Responsable,168,Administrador,53,Transferencias,104,Gestión de Gastos,sicpro_app_transferencias_gastos.grupo_transferencias_admin,10,IMPLIED_COMMON:responsable;HAS_XMLID_19
131,161,Metrología: Rol Administrador,Metrología,Administrador,89,Administrador,29,Metrología,106,Activos y Herramientas,sicpro_app_metrologia.grupo_app_metrologia_admin,110,ROLE_NAME_EXACT;PRIVILEGE_EXACT;HAS_XMLID_19
131,161,Metrología: Rol Administrador,Metrología,Administrador,17,Administrador,4,Administrar SICPRO,94,Administración SICPRO ERP,sicpro_app_administracion.grupo_app_administracion_admin,60,ROLE_NAME_EXACT;HAS_XMLID_19
131,161,Metrología: Rol Administrador,Metrología,Administrador,40,Administrador,11,Salón de Clases,107,Servicios Corporativos,sicpro_app_salon_clases.grupo_app_salon_clases_admin,60,ROLE_NAME_EXACT;HAS_XMLID_19
131,161,Metrología: Rol Administrador,Metrología,Administrador,42,Administrador,12,Registros de auditoría,115,Registro de auditoría,sicpro_modulo_auditorias.group_auditlog_manager,60,ROLE_NAME_EXACT;HAS_XMLID_19
131,161,Metrología: Rol Administrador,Metrología,Administrador,43,Administrador,13,Nomencladores,94,Administración SICPRO ERP,sicpro_modulo_nomencladores.grupo_sicpro_nomencladores_admin,60,ROLE_NAME_EXACT;HAS_XMLID_19
131,161,Metrología: Rol Administrador,Metrología,Administrador,49,Administrador,15,CMI,108,Gestión de Producción,sicpro_app_cmi.grupo_app_cmi_admin,60,ROLE_NAME_EXACT;HAS_XMLID_19
131,161,Metrología: Rol Administrador,Metrología,Administrador,53,Administrador,16,Materiales e Insumos,102,Preparación Técnica,sicpro_app_materiales_insumos.grupo_app_materiales_insumos_admin,60,ROLE_NAME_EXACT;HAS_XMLID_19
131,161,Metrología: Rol Administrador,Metrología,Administrador,58,Administrador,18,Trabajadores,97,Capital Humano,sicpro_app_trabajadores.grupo_app_trabajador_admin,60,ROLE_NAME_EXACT;HAS_XMLID_19
131,161,Metrología: Rol Administrador,Metrología,Administrador,61,Administrador,19,Equipo Técnico,97,Capital Humano,sicpro_app_trabajadores.grupo_app_trabajador_equipos_admin,60,ROLE_NAME_EXACT;HAS_XMLID_19
131,161,Metrología: Rol Administrador,Metrología,Administrador,66,Administrador,20,Disciplinarias,97,Capital Humano,sicpro_app_trabajadores.grupo_app_trabajador_disciplina_admin,60,ROLE_NAME_EXACT;HAS_XMLID_19
131,161,Metrología: Rol Administrador,Metrología,Administrador,76,Administrador,25,Control,109,Control de la información,sicpro_app_control_informacion.grupo_control_informacion_admin,60,ROLE_NAME_EXACT;HAS_XMLID_19
131,161,Metrología: Rol Administrador,Metrología,Administrador,79,Administrador,26,Credenciales,97,Capital Humano,sicpro_app_credenciales.grupo_app_credenciales_admin,60,ROLE_NAME_EXACT;HAS_XMLID_19
131,161,Metrología: Rol Administrador,Metrología,Administrador,83,Administrador,27,Medios Informáticos,112,Informática,sicpro_app_medios_informaticos.grupo_app_medios_informaticos_admin,60,ROLE_NAME_EXACT;HAS_XMLID_19
131,161,Metrología: Rol Administrador,Metrología,Administrador,94,Administrador,30,Repositorio DVPE.,107,Servicios Corporativos,sicpro_app_repositorio_institucional.group_repositorio_institucional_admin,60,ROLE_NAME_EXACT;HAS_XMLID_19
131,161,Metrología: Rol Administrador,Metrología,Administrador,104,Administrador,32,Servicios Internos,107,Servicios Corporativos,sicpro_app_servicios_internos.grupo_app_internos_admin,60,ROLE_NAME_EXACT;HAS_XMLID_19
131,161,Metrología: Rol Administrador,Metrología,Administrador,111,Administrador,34,Soporte,113,Soporte Técnico,sicpro_app_soporte.group_soporte_admin,60,ROLE_NAME_EXACT;HAS_XMLID_19
131,161,Metrología: Rol Administrador,Metrología,Administrador,116,Administrador,36,Transporte,98,Transportación,sicpro_app_transporte.grupo_app_transporte_admin,60,ROLE_NAME_EXACT;HAS_XMLID_19
131,161,Metrología: Rol Administrador,Metrología,Administrador,122,Administrador,38,Víveres Logística,111,Alimentación,sicpro_app_viveres.grupo_app_viveres_admin,60,ROLE_NAME_EXACT;HAS_XMLID_19
131,161,Metrología: Rol Administrador,Metrología,Administrador,129,Administrador,40,Clientes,101,Solicitudes de Obras,sicpro_app_clientes.grupo_app_clientes_admin,60,ROLE_NAME_EXACT;HAS_XMLID_19
131,161,Metrología: Rol Administrador,Metrología,Administrador,132,Administrador,41,Instrucciones,97,Capital Humano,sicpro_app_instrucciones.grupo_app_instruciones_admin,60,ROLE_NAME_EXACT;HAS_XMLID_19
131,161,Metrología: Rol Administrador,Metrología,Administrador,140,Administrador,43,Operaciones,110,Programa de la Vivienda,sicpro_app_programa_viviendas.grupo_app_vivienda_admin,60,ROLE_NAME_EXACT;HAS_XMLID_19
131,161,Metrología: Rol Administrador,Metrología,Administrador,144,Administrador,44,Solicitudes,101,Solicitudes de Obras,sicpro_app_solicitudes.grupo_app_solicitud_admin,60,ROLE_NAME_EXACT;HAS_XMLID_19
131,161,Metrología: Rol Administrador,Metrología,Administrador,155,Administrador,50,Usuarios Internos,103,Órdenes de Trabajo,sicpro_app_ordenes_trabajo.grupo_ordenes_admin,60,ROLE_NAME_EXACT;HAS_XMLID_19
131,161,Metrología: Rol Administrador,Metrología,Administrador,168,Administrador,53,Transferencias,104,Gestión de Gastos,sicpro_app_transferencias_gastos.grupo_transferencias_admin,60,ROLE_NAME_EXACT;HAS_XMLID_19
131,161,Metrología: Rol Administrador,Metrología,Administrador,86,Usuarios,29,Metrología,106,Activos y Herramientas,sicpro_app_metrologia.grupo_app_metrologia_usuario,50,PRIVILEGE_EXACT;HAS_XMLID_19
131,161,Metrología: Rol Administrador,Metrología,Administrador,87,Ejecutor,29,Metrología,106,Activos y Herramientas,sicpro_app_metrologia.grupo_app_metrologia_ejecutor,50,PRIVILEGE_EXACT;HAS_XMLID_19
131,161,Metrología: Rol Administrador,Metrología,Administrador,88,Responsable,29,Metrología,106,Activos y Herramientas,sicpro_app_metrologia.grupo_app_metrologia_responsable,50,PRIVILEGE_EXACT;HAS_XMLID_19
131,161,Metrología: Rol Administrador,Metrología,Administrador,4,Role / Administrator,,,,,base.group_system,35,PRIVILEGE_PARTIAL;IMPLIED_COMMON:administrador;HAS_XMLID_19
131,161,Metrología: Rol Administrador,Metrología,Administrador,1,Role / User,,,,,base.group_user,25,PRIVILEGE_PARTIAL;HAS_XMLID_19
131,161,Metrología: Rol Administrador,Metrología,Administrador,2,Access Rights,,,,,base.group_erp_manager,25,PRIVILEGE_PARTIAL;HAS_XMLID_19
131,161,Metrología: Rol Administrador,Metrología,Administrador,3,Bypass HTML Field Sanitize,,,,,base.group_sanitize_override,25,PRIVILEGE_PARTIAL;HAS_XMLID_19
131,161,Metrología: Rol Administrador,Metrología,Administrador,5,Multi Companies,,,,,base.group_multi_company,25,PRIVILEGE_PARTIAL;HAS_XMLID_19
131,161,Metrología: Rol Administrador,Metrología,Administrador,6,Multi Currencies,,,,,base.group_multi_currency,25,PRIVILEGE_PARTIAL;HAS_XMLID_19
131,161,Metrología: Rol Administrador,Metrología,Administrador,7,Technical Features,,,,,base.group_no_one,25,PRIVILEGE_PARTIAL;HAS_XMLID_19
131,161,Metrología: Rol Administrador,Metrología,Administrador,10,Role / Portal,,,,,base.group_portal,25,PRIVILEGE_PARTIAL;HAS_XMLID_19
131,161,Metrología: Rol Administrador,Metrología,Administrador,11,Role / Public,,,,,base.group_public,25,PRIVILEGE_PARTIAL;HAS_XMLID_19
131,161,Metrología: Rol Administrador,Metrología,Administrador,12,Default access for new users,,,,,base.default_user_group,25,PRIVILEGE_PARTIAL;HAS_XMLID_19
131,161,Metrología: Rol Administrador,Metrología,Administrador,13,Technical Documentation,,,,,api_doc.group_allow_doc,25,PRIVILEGE_PARTIAL;HAS_XMLID_19
131,161,Metrología: Rol Administrador,Metrología,Administrador,15,Mail Template Editor,,,,,mail.group_mail_template_editor,25,PRIVILEGE_PARTIAL;HAS_XMLID_19
131,161,Metrología: Rol Administrador,Metrología,Administrador,16,Receive notifications in Odoo,,,,,mail.group_mail_notification_type_inbox,25,PRIVILEGE_PARTIAL;HAS_XMLID_19
131,161,Metrología: Rol Administrador,Metrología,Administrador,25,Menus y Accesos Obsoletos,,,,,sicpro_app_administracion.grupo_app_administracion_obsoletos,25,PRIVILEGE_PARTIAL;HAS_XMLID_19
131,161,Metrología: Rol Administrador,Metrología,Administrador,26,Manage Multiple Units of Measure,,,,,uom.group_uom,25,PRIVILEGE_PARTIAL;HAS_XMLID_19
131,161,Metrología: Rol Administrador,Metrología,Administrador,27,Analytic Accounting,,,,,analytic.group_analytic_accounting,25,PRIVILEGE_PARTIAL;HAS_XMLID_19
131,161,Metrología: Rol Administrador,Metrología,Administrador,32,Use Stages on Project,,,,,project.group_project_stages,25,PRIVILEGE_PARTIAL;HAS_XMLID_19
131,161,Metrología: Rol Administrador,Metrología,Administrador,33,Use Recurring Tasks,,,,,project.group_project_recurring_tasks,25,PRIVILEGE_PARTIAL;HAS_XMLID_19
131,161,Metrología: Rol Administrador,Metrología,Administrador,34,Use Task Dependencies,,,,,project.group_project_task_dependencies,25,PRIVILEGE_PARTIAL;HAS_XMLID_19
131,161,Metrología: Rol Administrador,Metrología,Administrador,35,Use Milestones,,,,,project.group_project_milestone,25,PRIVILEGE_PARTIAL;HAS_XMLID_19
131,161,Metrología: Rol Administrador,Metrología,Administrador,44,Consultas Postgres,,,,,sicpro_modulo_querydb.group_querydeluxe,25,PRIVILEGE_PARTIAL;HAS_XMLID_19
132,162,Solicitudes: Rol Usuario,Solicitudes,Usuario,105,Usuario,33,Solicitudes de S.I.,107,Servicios Corporativos,sicpro_app_servicios_internos.grupo_app_internos_solicitudes_usuario,85,ROLE_NAME_EXACT;PRIVILEGE_PARTIAL;HAS_XMLID_19
132,162,Solicitudes: Rol Usuario,Solicitudes,Usuario,141,Usuarios,44,Solicitudes,101,Solicitudes de Obras,sicpro_app_solicitudes.grupo_app_solicitud_usuario,85,ROLE_NAME_PARTIAL;PRIVILEGE_EXACT;HAS_XMLID_19
132,162,Solicitudes: Rol Usuario,Solicitudes,Usuario,36,Usuario,10,Gestor Documental,107,Servicios Corporativos,sicpro_app_gestor_documental.group_document_user,60,ROLE_NAME_EXACT;HAS_XMLID_19
132,162,Solicitudes: Rol Usuario,Solicitudes,Usuario,38,Usuario,11,Salón de Clases,107,Servicios Corporativos,sicpro_app_salon_clases.grupo_app_salon_clases_usuario,60,ROLE_NAME_EXACT;HAS_XMLID_19
132,162,Solicitudes: Rol Usuario,Solicitudes,Usuario,41,Usuario,12,Registros de auditoría,115,Registro de auditoría,sicpro_modulo_auditorias.group_auditlog_user,60,ROLE_NAME_EXACT;HAS_XMLID_19
132,162,Solicitudes: Rol Usuario,Solicitudes,Usuario,90,Usuario,30,Repositorio DVPE.,107,Servicios Corporativos,sicpro_app_repositorio_institucional.group_repositorio_institucional_user,60,ROLE_NAME_EXACT;HAS_XMLID_19
132,162,Solicitudes: Rol Usuario,Solicitudes,Usuario,95,Usuario,31,Reuniones,105,Gestión de Reuniones,sicpro_app_reuniones.group_reuniones_usuario,60,ROLE_NAME_EXACT;HAS_XMLID_19
132,162,Solicitudes: Rol Usuario,Solicitudes,Usuario,100,Usuario,32,Servicios Internos,107,Servicios Corporativos,sicpro_app_servicios_internos.grupo_app_internos_usuario,60,ROLE_NAME_EXACT;HAS_XMLID_19
132,162,Solicitudes: Rol Usuario,Solicitudes,Usuario,134,Usuario,43,Operaciones,110,Programa de la Vivienda,sicpro_app_programa_viviendas.grupo_app_vivienda_visualizar,60,ROLE_NAME_EXACT;HAS_XMLID_19
132,162,Solicitudes: Rol Usuario,Solicitudes,Usuario,142,Administrativos,44,Solicitudes,101,Solicitudes de Obras,sicpro_app_solicitudes.grupo_app_solicitud_usuario_vertodo,60,PRIVILEGE_EXACT;IMPLIED_COMMON:usuarios;HAS_XMLID_19
132,162,Solicitudes: Rol Usuario,Solicitudes,Usuario,143,Responsable,44,Solicitudes,101,Solicitudes de Obras,sicpro_app_solicitudes.grupo_app_solicitud_responsable,50,PRIVILEGE_EXACT;HAS_XMLID_19
132,162,Solicitudes: Rol Usuario,Solicitudes,Usuario,144,Administrador,44,Solicitudes,101,Solicitudes de Obras,sicpro_app_solicitudes.grupo_app_solicitud_admin,50,PRIVILEGE_EXACT;HAS_XMLID_19
132,162,Solicitudes: Rol Usuario,Solicitudes,Usuario,46,Usuarios,15,CMI,108,Gestión de Producción,sicpro_app_cmi.grupo_app_cmi_usuario,35,ROLE_NAME_PARTIAL;HAS_XMLID_19
132,162,Solicitudes: Rol Usuario,Solicitudes,Usuario,50,Usuarios,16,Materiales e Insumos,102,Preparación Técnica,sicpro_app_materiales_insumos.grupo_app_materiales_insumos_usuario,35,ROLE_NAME_PARTIAL;HAS_XMLID_19
132,162,Solicitudes: Rol Usuario,Solicitudes,Usuario,54,Usuarios,17,Usuario del Proceso,97,Capital Humano,sicpro_app_trabajadores.grupo_app_trabajador_usuario_proceso,35,ROLE_NAME_PARTIAL;HAS_XMLID_19
132,162,Solicitudes: Rol Usuario,Solicitudes,Usuario,86,Usuarios,29,Metrología,106,Activos y Herramientas,sicpro_app_metrologia.grupo_app_metrologia_usuario,35,ROLE_NAME_PARTIAL;HAS_XMLID_19
132,162,Solicitudes: Rol Usuario,Solicitudes,Usuario,113,Usuarios,36,Transporte,98,Transportación,sicpro_app_transporte.grupo_app_transporte_usuario,35,ROLE_NAME_PARTIAL;HAS_XMLID_19
132,162,Solicitudes: Rol Usuario,Solicitudes,Usuario,117,Usuarios,37,Piquera,98,Transportación,sicpro_app_transporte.grupo_app_transporte_piquera_usuario,35,ROLE_NAME_PARTIAL;HAS_XMLID_19
132,162,Solicitudes: Rol Usuario,Solicitudes,Usuario,126,Usuarios,40,Clientes,101,Solicitudes de Obras,sicpro_app_clientes.grupo_app_clientes_usuario,35,ROLE_NAME_PARTIAL;HAS_XMLID_19
132,162,Solicitudes: Rol Usuario,Solicitudes,Usuario,130,Usuarios,41,Instrucciones,97,Capital Humano,sicpro_app_instrucciones.grupo_app_instruciones_usuario,35,ROLE_NAME_PARTIAL;HAS_XMLID_19
132,162,Solicitudes: Rol Usuario,Solicitudes,Usuario,1,Role / User,,,,,base.group_user,25,PRIVILEGE_PARTIAL;HAS_XMLID_19
132,162,Solicitudes: Rol Usuario,Solicitudes,Usuario,2,Access Rights,,,,,base.group_erp_manager,25,PRIVILEGE_PARTIAL;HAS_XMLID_19
132,162,Solicitudes: Rol Usuario,Solicitudes,Usuario,3,Bypass HTML Field Sanitize,,,,,base.group_sanitize_override,25,PRIVILEGE_PARTIAL;HAS_XMLID_19
132,162,Solicitudes: Rol Usuario,Solicitudes,Usuario,4,Role / Administrator,,,,,base.group_system,25,PRIVILEGE_PARTIAL;HAS_XMLID_19
132,162,Solicitudes: Rol Usuario,Solicitudes,Usuario,5,Multi Companies,,,,,base.group_multi_company,25,PRIVILEGE_PARTIAL;HAS_XMLID_19
132,162,Solicitudes: Rol Usuario,Solicitudes,Usuario,6,Multi Currencies,,,,,base.group_multi_currency,25,PRIVILEGE_PARTIAL;HAS_XMLID_19
132,162,Solicitudes: Rol Usuario,Solicitudes,Usuario,7,Technical Features,,,,,base.group_no_one,25,PRIVILEGE_PARTIAL;HAS_XMLID_19
132,162,Solicitudes: Rol Usuario,Solicitudes,Usuario,10,Role / Portal,,,,,base.group_portal,25,PRIVILEGE_PARTIAL;HAS_XMLID_19
132,162,Solicitudes: Rol Usuario,Solicitudes,Usuario,11,Role / Public,,,,,base.group_public,25,PRIVILEGE_PARTIAL;HAS_XMLID_19
132,162,Solicitudes: Rol Usuario,Solicitudes,Usuario,12,Default access for new users,,,,,base.default_user_group,25,PRIVILEGE_PARTIAL;HAS_XMLID_19
132,162,Solicitudes: Rol Usuario,Solicitudes,Usuario,13,Technical Documentation,,,,,api_doc.group_allow_doc,25,PRIVILEGE_PARTIAL;HAS_XMLID_19
132,162,Solicitudes: Rol Usuario,Solicitudes,Usuario,15,Mail Template Editor,,,,,mail.group_mail_template_editor,25,PRIVILEGE_PARTIAL;HAS_XMLID_19
132,162,Solicitudes: Rol Usuario,Solicitudes,Usuario,16,Receive notifications in Odoo,,,,,mail.group_mail_notification_type_inbox,25,PRIVILEGE_PARTIAL;HAS_XMLID_19
132,162,Solicitudes: Rol Usuario,Solicitudes,Usuario,25,Menus y Accesos Obsoletos,,,,,sicpro_app_administracion.grupo_app_administracion_obsoletos,25,PRIVILEGE_PARTIAL;HAS_XMLID_19
132,162,Solicitudes: Rol Usuario,Solicitudes,Usuario,26,Manage Multiple Units of Measure,,,,,uom.group_uom,25,PRIVILEGE_PARTIAL;HAS_XMLID_19
132,162,Solicitudes: Rol Usuario,Solicitudes,Usuario,27,Analytic Accounting,,,,,analytic.group_analytic_accounting,25,PRIVILEGE_PARTIAL;HAS_XMLID_19
132,162,Solicitudes: Rol Usuario,Solicitudes,Usuario,32,Use Stages on Project,,,,,project.group_project_stages,25,PRIVILEGE_PARTIAL;HAS_XMLID_19
132,162,Solicitudes: Rol Usuario,Solicitudes,Usuario,33,Use Recurring Tasks,,,,,project.group_project_recurring_tasks,25,PRIVILEGE_PARTIAL;HAS_XMLID_19
132,162,Solicitudes: Rol Usuario,Solicitudes,Usuario,34,Use Task Dependencies,,,,,project.group_project_task_dependencies,25,PRIVILEGE_PARTIAL;HAS_XMLID_19
132,162,Solicitudes: Rol Usuario,Solicitudes,Usuario,35,Use Milestones,,,,,project.group_project_milestone,25,PRIVILEGE_PARTIAL;HAS_XMLID_19
132,162,Solicitudes: Rol Usuario,Solicitudes,Usuario,44,Consultas Postgres,,,,,sicpro_modulo_querydb.group_querydeluxe,25,PRIVILEGE_PARTIAL;HAS_XMLID_19
132,162,Solicitudes: Rol Usuario,Solicitudes,Usuario,106,Ejecutor de Solicitud,33,Solicitudes de S.I.,107,Servicios Corporativos,sicpro_app_servicios_internos.grupo_app_internos_solicitudes_ejecutor,25,PRIVILEGE_PARTIAL;HAS_XMLID_19
132,162,Solicitudes: Rol Usuario,Solicitudes,Usuario,107,Revisión de Solicitud,33,Solicitudes de S.I.,107,Servicios Corporativos,sicpro_app_servicios_internos.grupo_app_internos_solicitudes_revision,25,PRIVILEGE_PARTIAL;HAS_XMLID_19
132,162,Solicitudes: Rol Usuario,Solicitudes,Usuario,108,Validación de Solicitud,33,Solicitudes de S.I.,107,Servicios Corporativos,sicpro_app_servicios_internos.grupo_app_internos_solicitudes_validar,25,PRIVILEGE_PARTIAL;HAS_XMLID_19
132,162,Solicitudes: Rol Usuario,Solicitudes,Usuario,47,Ejecutor,15,CMI,108,Gestión de Producción,sicpro_app_cmi.grupo_app_cmi_ejecutor,10,IMPLIED_COMMON:usuarios;HAS_XMLID_19
132,162,Solicitudes: Rol Usuario,Solicitudes,Usuario,51,Ejecutor,16,Materiales e Insumos,102,Preparación Técnica,sicpro_app_materiales_insumos.grupo_app_materiales_insumos_ejecutor,10,IMPLIED_COMMON:usuarios;HAS_XMLID_19
132,162,Solicitudes: Rol Usuario,Solicitudes,Usuario,55,Todos los Trabajadores,17,Usuario del Proceso,97,Capital Humano,sicpro_app_trabajadores.grupo_app_trabajador_usuario_todos,10,IMPLIED_COMMON:usuarios;HAS_XMLID_19
132,162,Solicitudes: Rol Usuario,Solicitudes,Usuario,87,Ejecutor,29,Metrología,106,Activos y Herramientas,sicpro_app_metrologia.grupo_app_metrologia_ejecutor,10,IMPLIED_COMMON:usuarios;HAS_XMLID_19
132,162,Solicitudes: Rol Usuario,Solicitudes,Usuario,114,Ejecutor,36,Transporte,98,Transportación,sicpro_app_transporte.grupo_app_transporte_ejecutor,10,IMPLIED_COMMON:usuarios;HAS_XMLID_19
132,162,Solicitudes: Rol Usuario,Solicitudes,Usuario,118,Ejecutor,37,Piquera,98,Transportación,sicpro_app_transporte.grupo_app_transporte_piquera_ejecutor,10,IMPLIED_COMMON:usuarios;HAS_XMLID_19
132,162,Solicitudes: Rol Usuario,Solicitudes,Usuario,127,Ejecutor,40,Clientes,101,Solicitudes de Obras,sicpro_app_clientes.grupo_app_clientes_ejecutor,10,IMPLIED_COMMON:usuarios;HAS_XMLID_19
132,162,Solicitudes: Rol Usuario,Solicitudes,Usuario,131,Instructor,41,Instrucciones,97,Capital Humano,sicpro_app_instrucciones.grupo_app_instruciones_responsable,10,IMPLIED_COMMON:usuarios;HAS_XMLID_19
133,163,Solicitudes: Rol Visualizar Todo,Solicitudes,Visualizar Todo,74,Visualizar Todo,25,Control,109,Control de la información,sicpro_app_control_informacion.grupo_control_informacion_visualizar_todo,60,ROLE_NAME_EXACT;HAS_XMLID_19
133,163,Solicitudes: Rol Visualizar Todo,Solicitudes,Visualizar Todo,141,Usuarios,44,Solicitudes,101,Solicitudes de Obras,sicpro_app_solicitudes.grupo_app_solicitud_usuario,50,PRIVILEGE_EXACT;HAS_XMLID_19
133,163,Solicitudes: Rol Visualizar Todo,Solicitudes,Visualizar Todo,142,Administrativos,44,Solicitudes,101,Solicitudes de Obras,sicpro_app_solicitudes.grupo_app_solicitud_usuario_vertodo,50,PRIVILEGE_EXACT;HAS_XMLID_19
133,163,Solicitudes: Rol Visualizar Todo,Solicitudes,Visualizar Todo,143,Responsable,44,Solicitudes,101,Solicitudes de Obras,sicpro_app_solicitudes.grupo_app_solicitud_responsable,50,PRIVILEGE_EXACT;HAS_XMLID_19
133,163,Solicitudes: Rol Visualizar Todo,Solicitudes,Visualizar Todo,144,Administrador,44,Solicitudes,101,Solicitudes de Obras,sicpro_app_solicitudes.grupo_app_solicitud_admin,50,PRIVILEGE_EXACT;HAS_XMLID_19
133,163,Solicitudes: Rol Visualizar Todo,Solicitudes,Visualizar Todo,80,Visualizar,27,Medios Informáticos,112,Informática,sicpro_app_medios_informaticos.grupo_app_medios_informaticos_inventario_usuario,35,ROLE_NAME_PARTIAL;HAS_XMLID_19
133,163,Solicitudes: Rol Visualizar Todo,Solicitudes,Visualizar Todo,84,Visualizar,28,Taller,112,Informática,sicpro_app_medios_informaticos.grupo_app_medios_informaticos_taller_usuario,35,ROLE_NAME_PARTIAL;HAS_XMLID_19
133,163,Solicitudes: Rol Visualizar Todo,Solicitudes,Visualizar Todo,112,Visualizar Todos los Tickets de Soporte,35,Ver Todo,113,Soporte Técnico,sicpro_app_soporte.group_soporte_todos,35,ROLE_NAME_PARTIAL;HAS_XMLID_19
133,163,Solicitudes: Rol Visualizar Todo,Solicitudes,Visualizar Todo,119,Visualizar,38,Víveres Logística,111,Alimentación,sicpro_app_viveres.grupo_app_viveres_resumen_usuario,35,ROLE_NAME_PARTIAL;HAS_XMLID_19
133,163,Solicitudes: Rol Visualizar Todo,Solicitudes,Visualizar Todo,123,Visualizar,39,Víveres Áreas,111,Alimentación,sicpro_app_viveres.grupo_app_viveres_areas_usuario,35,ROLE_NAME_PARTIAL;HAS_XMLID_19
133,163,Solicitudes: Rol Visualizar Todo,Solicitudes,Visualizar Todo,1,Role / User,,,,,base.group_user,25,PRIVILEGE_PARTIAL;HAS_XMLID_19
133,163,Solicitudes: Rol Visualizar Todo,Solicitudes,Visualizar Todo,2,Access Rights,,,,,base.group_erp_manager,25,PRIVILEGE_PARTIAL;HAS_XMLID_19
133,163,Solicitudes: Rol Visualizar Todo,Solicitudes,Visualizar Todo,3,Bypass HTML Field Sanitize,,,,,base.group_sanitize_override,25,PRIVILEGE_PARTIAL;HAS_XMLID_19
133,163,Solicitudes: Rol Visualizar Todo,Solicitudes,Visualizar Todo,4,Role / Administrator,,,,,base.group_system,25,PRIVILEGE_PARTIAL;HAS_XMLID_19
133,163,Solicitudes: Rol Visualizar Todo,Solicitudes,Visualizar Todo,5,Multi Companies,,,,,base.group_multi_company,25,PRIVILEGE_PARTIAL;HAS_XMLID_19
133,163,Solicitudes: Rol Visualizar Todo,Solicitudes,Visualizar Todo,6,Multi Currencies,,,,,base.group_multi_currency,25,PRIVILEGE_PARTIAL;HAS_XMLID_19
133,163,Solicitudes: Rol Visualizar Todo,Solicitudes,Visualizar Todo,7,Technical Features,,,,,base.group_no_one,25,PRIVILEGE_PARTIAL;HAS_XMLID_19
133,163,Solicitudes: Rol Visualizar Todo,Solicitudes,Visualizar Todo,10,Role / Portal,,,,,base.group_portal,25,PRIVILEGE_PARTIAL;HAS_XMLID_19
133,163,Solicitudes: Rol Visualizar Todo,Solicitudes,Visualizar Todo,11,Role / Public,,,,,base.group_public,25,PRIVILEGE_PARTIAL;HAS_XMLID_19
133,163,Solicitudes: Rol Visualizar Todo,Solicitudes,Visualizar Todo,12,Default access for new users,,,,,base.default_user_group,25,PRIVILEGE_PARTIAL;HAS_XMLID_19
133,163,Solicitudes: Rol Visualizar Todo,Solicitudes,Visualizar Todo,13,Technical Documentation,,,,,api_doc.group_allow_doc,25,PRIVILEGE_PARTIAL;HAS_XMLID_19
133,163,Solicitudes: Rol Visualizar Todo,Solicitudes,Visualizar Todo,15,Mail Template Editor,,,,,mail.group_mail_template_editor,25,PRIVILEGE_PARTIAL;HAS_XMLID_19
133,163,Solicitudes: Rol Visualizar Todo,Solicitudes,Visualizar Todo,16,Receive notifications in Odoo,,,,,mail.group_mail_notification_type_inbox,25,PRIVILEGE_PARTIAL;HAS_XMLID_19
133,163,Solicitudes: Rol Visualizar Todo,Solicitudes,Visualizar Todo,25,Menus y Accesos Obsoletos,,,,,sicpro_app_administracion.grupo_app_administracion_obsoletos,25,PRIVILEGE_PARTIAL;HAS_XMLID_19
133,163,Solicitudes: Rol Visualizar Todo,Solicitudes,Visualizar Todo,26,Manage Multiple Units of Measure,,,,,uom.group_uom,25,PRIVILEGE_PARTIAL;HAS_XMLID_19
133,163,Solicitudes: Rol Visualizar Todo,Solicitudes,Visualizar Todo,27,Analytic Accounting,,,,,analytic.group_analytic_accounting,25,PRIVILEGE_PARTIAL;HAS_XMLID_19
133,163,Solicitudes: Rol Visualizar Todo,Solicitudes,Visualizar Todo,32,Use Stages on Project,,,,,project.group_project_stages,25,PRIVILEGE_PARTIAL;HAS_XMLID_19
133,163,Solicitudes: Rol Visualizar Todo,Solicitudes,Visualizar Todo,33,Use Recurring Tasks,,,,,project.group_project_recurring_tasks,25,PRIVILEGE_PARTIAL;HAS_XMLID_19
133,163,Solicitudes: Rol Visualizar Todo,Solicitudes,Visualizar Todo,34,Use Task Dependencies,,,,,project.group_project_task_dependencies,25,PRIVILEGE_PARTIAL;HAS_XMLID_19
133,163,Solicitudes: Rol Visualizar Todo,Solicitudes,Visualizar Todo,35,Use Milestones,,,,,project.group_project_milestone,25,PRIVILEGE_PARTIAL;HAS_XMLID_19
133,163,Solicitudes: Rol Visualizar Todo,Solicitudes,Visualizar Todo,44,Consultas Postgres,,,,,sicpro_modulo_querydb.group_querydeluxe,25,PRIVILEGE_PARTIAL;HAS_XMLID_19
133,163,Solicitudes: Rol Visualizar Todo,Solicitudes,Visualizar Todo,105,Usuario,33,Solicitudes de S.I.,107,Servicios Corporativos,sicpro_app_servicios_internos.grupo_app_internos_solicitudes_usuario,25,PRIVILEGE_PARTIAL;HAS_XMLID_19
133,163,Solicitudes: Rol Visualizar Todo,Solicitudes,Visualizar Todo,106,Ejecutor de Solicitud,33,Solicitudes de S.I.,107,Servicios Corporativos,sicpro_app_servicios_internos.grupo_app_internos_solicitudes_ejecutor,25,PRIVILEGE_PARTIAL;HAS_XMLID_19
133,163,Solicitudes: Rol Visualizar Todo,Solicitudes,Visualizar Todo,107,Revisión de Solicitud,33,Solicitudes de S.I.,107,Servicios Corporativos,sicpro_app_servicios_internos.grupo_app_internos_solicitudes_revision,25,PRIVILEGE_PARTIAL;HAS_XMLID_19
133,163,Solicitudes: Rol Visualizar Todo,Solicitudes,Visualizar Todo,108,Validación de Solicitud,33,Solicitudes de S.I.,107,Servicios Corporativos,sicpro_app_servicios_internos.grupo_app_internos_solicitudes_validar,25,PRIVILEGE_PARTIAL;HAS_XMLID_19
134,164,Solicitudes: Rol Responsable,Solicitudes,Responsable,143,Responsable,44,Solicitudes,101,Solicitudes de Obras,sicpro_app_solicitudes.grupo_app_solicitud_responsable,110,ROLE_NAME_EXACT;PRIVILEGE_EXACT;HAS_XMLID_19
134,164,Solicitudes: Rol Responsable,Solicitudes,Responsable,39,Responsable,11,Salón de Clases,107,Servicios Corporativos,sicpro_app_salon_clases.grupo_app_salon_clases_responsable,60,ROLE_NAME_EXACT;HAS_XMLID_19
134,164,Solicitudes: Rol Responsable,Solicitudes,Responsable,48,Responsable,15,CMI,108,Gestión de Producción,sicpro_app_cmi.grupo_app_cmi_responsable,60,ROLE_NAME_EXACT;HAS_XMLID_19
134,164,Solicitudes: Rol Responsable,Solicitudes,Responsable,52,Responsable,16,Materiales e Insumos,102,Preparación Técnica,sicpro_app_materiales_insumos.grupo_app_materiales_insumos_responsable,60,ROLE_NAME_EXACT;HAS_XMLID_19
134,164,Solicitudes: Rol Responsable,Solicitudes,Responsable,57,Responsable,18,Trabajadores,97,Capital Humano,sicpro_app_trabajadores.grupo_app_trabajador_responsable,60,ROLE_NAME_EXACT;HAS_XMLID_19
134,164,Solicitudes: Rol Responsable,Solicitudes,Responsable,60,Responsable,19,Equipo Técnico,97,Capital Humano,sicpro_app_trabajadores.grupo_app_trabajador_equipos_responsable,60,ROLE_NAME_EXACT;HAS_XMLID_19
134,164,Solicitudes: Rol Responsable,Solicitudes,Responsable,65,Responsable,20,Disciplinarias,97,Capital Humano,sicpro_app_trabajadores.grupo_app_trabajador_disciplina_responsable,60,ROLE_NAME_EXACT;HAS_XMLID_19
134,164,Solicitudes: Rol Responsable,Solicitudes,Responsable,68,Responsable,21,Capacitación,97,Capital Humano,sicpro_app_trabajadores.grupo_app_trabajador_capacitacion_responsable,60,ROLE_NAME_EXACT;HAS_XMLID_19
134,164,Solicitudes: Rol Responsable,Solicitudes,Responsable,70,Responsable,22,Seguridad y Salud,97,Capital Humano,sicpro_app_trabajadores.grupo_app_trabajador_seguridad_salud_responsable,60,ROLE_NAME_EXACT;HAS_XMLID_19
134,164,Solicitudes: Rol Responsable,Solicitudes,Responsable,75,Responsable,25,Control,109,Control de la información,sicpro_app_control_informacion.grupo_control_informacion_responsable,60,ROLE_NAME_EXACT;HAS_XMLID_19
134,164,Solicitudes: Rol Responsable,Solicitudes,Responsable,78,Responsable,26,Credenciales,97,Capital Humano,sicpro_app_credenciales.grupo_app_credenciales_responsable,60,ROLE_NAME_EXACT;HAS_XMLID_19
134,164,Solicitudes: Rol Responsable,Solicitudes,Responsable,82,Responsable,27,Medios Informáticos,112,Informática,sicpro_app_medios_informaticos.grupo_app_medios_informaticos_responsable,60,ROLE_NAME_EXACT;HAS_XMLID_19
134,164,Solicitudes: Rol Responsable,Solicitudes,Responsable,88,Responsable,29,Metrología,106,Activos y Herramientas,sicpro_app_metrologia.grupo_app_metrologia_responsable,60,ROLE_NAME_EXACT;HAS_XMLID_19
134,164,Solicitudes: Rol Responsable,Solicitudes,Responsable,93,Responsable,30,Repositorio DVPE.,107,Servicios Corporativos,sicpro_app_repositorio_institucional.group_repositorio_institucional_responsable,60,ROLE_NAME_EXACT;HAS_XMLID_19
134,164,Solicitudes: Rol Responsable,Solicitudes,Responsable,98,Responsable,31,Reuniones,105,Gestión de Reuniones,sicpro_app_reuniones.group_reuniones_responsable,60,ROLE_NAME_EXACT;HAS_XMLID_19
134,164,Solicitudes: Rol Responsable,Solicitudes,Responsable,103,Responsable,32,Servicios Internos,107,Servicios Corporativos,sicpro_app_servicios_internos.grupo_app_internos_responsable,60,ROLE_NAME_EXACT;HAS_XMLID_19
134,164,Solicitudes: Rol Responsable,Solicitudes,Responsable,110,Responsable,34,Soporte,113,Soporte Técnico,sicpro_app_soporte.group_soporte_responsable,60,ROLE_NAME_EXACT;HAS_XMLID_19
134,164,Solicitudes: Rol Responsable,Solicitudes,Responsable,115,Responsable,36,Transporte,98,Transportación,sicpro_app_transporte.grupo_app_transporte_responsable,60,ROLE_NAME_EXACT;HAS_XMLID_19
134,164,Solicitudes: Rol Responsable,Solicitudes,Responsable,121,Responsable,38,Víveres Logística,111,Alimentación,sicpro_app_viveres.grupo_app_viveres_resumen_responsable,60,ROLE_NAME_EXACT;HAS_XMLID_19
134,164,Solicitudes: Rol Responsable,Solicitudes,Responsable,128,Responsable,40,Clientes,101,Solicitudes de Obras,sicpro_app_clientes.grupo_app_clientes_responsable,60,ROLE_NAME_EXACT;HAS_XMLID_19
134,164,Solicitudes: Rol Responsable,Solicitudes,Responsable,139,Responsable,43,Operaciones,110,Programa de la Vivienda,sicpro_app_programa_viviendas.grupo_app_vivienda_responsable,60,ROLE_NAME_EXACT;HAS_XMLID_19
134,164,Solicitudes: Rol Responsable,Solicitudes,Responsable,144,Administrador,44,Solicitudes,101,Solicitudes de Obras,sicpro_app_solicitudes.grupo_app_solicitud_admin,60,PRIVILEGE_EXACT;IMPLIED_COMMON:responsable;HAS_XMLID_19
134,164,Solicitudes: Rol Responsable,Solicitudes,Responsable,151,Responsable,49,Especialista Ejecutor,101,Solicitudes de Obras,sicpro_app_solicitudes.grupo_app_grupos_ejecutor,60,ROLE_NAME_EXACT;HAS_XMLID_19
134,164,Solicitudes: Rol Responsable,Solicitudes,Responsable,154,Responsable,50,Usuarios Internos,103,Órdenes de Trabajo,sicpro_app_ordenes_trabajo.grupo_ordenes_responsable,60,ROLE_NAME_EXACT;HAS_XMLID_19
134,164,Solicitudes: Rol Responsable,Solicitudes,Responsable,167,Responsable,53,Transferencias,104,Gestión de Gastos,sicpro_app_transferencias_gastos.grupo_transferencias_responsable,60,ROLE_NAME_EXACT;HAS_XMLID_19
134,164,Solicitudes: Rol Responsable,Solicitudes,Responsable,141,Usuarios,44,Solicitudes,101,Solicitudes de Obras,sicpro_app_solicitudes.grupo_app_solicitud_usuario,50,PRIVILEGE_EXACT;HAS_XMLID_19
134,164,Solicitudes: Rol Responsable,Solicitudes,Responsable,142,Administrativos,44,Solicitudes,101,Solicitudes de Obras,sicpro_app_solicitudes.grupo_app_solicitud_usuario_vertodo,50,PRIVILEGE_EXACT;HAS_XMLID_19
134,164,Solicitudes: Rol Responsable,Solicitudes,Responsable,1,Role / User,,,,,base.group_user,25,PRIVILEGE_PARTIAL;HAS_XMLID_19
134,164,Solicitudes: Rol Responsable,Solicitudes,Responsable,2,Access Rights,,,,,base.group_erp_manager,25,PRIVILEGE_PARTIAL;HAS_XMLID_19
134,164,Solicitudes: Rol Responsable,Solicitudes,Responsable,3,Bypass HTML Field Sanitize,,,,,base.group_sanitize_override,25,PRIVILEGE_PARTIAL;HAS_XMLID_19
134,164,Solicitudes: Rol Responsable,Solicitudes,Responsable,4,Role / Administrator,,,,,base.group_system,25,PRIVILEGE_PARTIAL;HAS_XMLID_19
134,164,Solicitudes: Rol Responsable,Solicitudes,Responsable,5,Multi Companies,,,,,base.group_multi_company,25,PRIVILEGE_PARTIAL;HAS_XMLID_19
134,164,Solicitudes: Rol Responsable,Solicitudes,Responsable,6,Multi Currencies,,,,,base.group_multi_currency,25,PRIVILEGE_PARTIAL;HAS_XMLID_19
134,164,Solicitudes: Rol Responsable,Solicitudes,Responsable,7,Technical Features,,,,,base.group_no_one,25,PRIVILEGE_PARTIAL;HAS_XMLID_19
134,164,Solicitudes: Rol Responsable,Solicitudes,Responsable,10,Role / Portal,,,,,base.group_portal,25,PRIVILEGE_PARTIAL;HAS_XMLID_19
134,164,Solicitudes: Rol Responsable,Solicitudes,Responsable,11,Role / Public,,,,,base.group_public,25,PRIVILEGE_PARTIAL;HAS_XMLID_19
134,164,Solicitudes: Rol Responsable,Solicitudes,Responsable,12,Default access for new users,,,,,base.default_user_group,25,PRIVILEGE_PARTIAL;HAS_XMLID_19
134,164,Solicitudes: Rol Responsable,Solicitudes,Responsable,13,Technical Documentation,,,,,api_doc.group_allow_doc,25,PRIVILEGE_PARTIAL;HAS_XMLID_19
134,164,Solicitudes: Rol Responsable,Solicitudes,Responsable,15,Mail Template Editor,,,,,mail.group_mail_template_editor,25,PRIVILEGE_PARTIAL;HAS_XMLID_19
134,164,Solicitudes: Rol Responsable,Solicitudes,Responsable,16,Receive notifications in Odoo,,,,,mail.group_mail_notification_type_inbox,25,PRIVILEGE_PARTIAL;HAS_XMLID_19
134,164,Solicitudes: Rol Responsable,Solicitudes,Responsable,25,Menus y Accesos Obsoletos,,,,,sicpro_app_administracion.grupo_app_administracion_obsoletos,25,PRIVILEGE_PARTIAL;HAS_XMLID_19
134,164,Solicitudes: Rol Responsable,Solicitudes,Responsable,26,Manage Multiple Units of Measure,,,,,uom.group_uom,25,PRIVILEGE_PARTIAL;HAS_XMLID_19
134,164,Solicitudes: Rol Responsable,Solicitudes,Responsable,27,Analytic Accounting,,,,,analytic.group_analytic_accounting,25,PRIVILEGE_PARTIAL;HAS_XMLID_19
134,164,Solicitudes: Rol Responsable,Solicitudes,Responsable,32,Use Stages on Project,,,,,project.group_project_stages,25,PRIVILEGE_PARTIAL;HAS_XMLID_19
134,164,Solicitudes: Rol Responsable,Solicitudes,Responsable,33,Use Recurring Tasks,,,,,project.group_project_recurring_tasks,25,PRIVILEGE_PARTIAL;HAS_XMLID_19
134,164,Solicitudes: Rol Responsable,Solicitudes,Responsable,34,Use Task Dependencies,,,,,project.group_project_task_dependencies,25,PRIVILEGE_PARTIAL;HAS_XMLID_19
134,164,Solicitudes: Rol Responsable,Solicitudes,Responsable,35,Use Milestones,,,,,project.group_project_milestone,25,PRIVILEGE_PARTIAL;HAS_XMLID_19
134,164,Solicitudes: Rol Responsable,Solicitudes,Responsable,44,Consultas Postgres,,,,,sicpro_modulo_querydb.group_querydeluxe,25,PRIVILEGE_PARTIAL;HAS_XMLID_19
134,164,Solicitudes: Rol Responsable,Solicitudes,Responsable,105,Usuario,33,Solicitudes de S.I.,107,Servicios Corporativos,sicpro_app_servicios_internos.grupo_app_internos_solicitudes_usuario,25,PRIVILEGE_PARTIAL;HAS_XMLID_19
134,164,Solicitudes: Rol Responsable,Solicitudes,Responsable,106,Ejecutor de Solicitud,33,Solicitudes de S.I.,107,Servicios Corporativos,sicpro_app_servicios_internos.grupo_app_internos_solicitudes_ejecutor,25,PRIVILEGE_PARTIAL;HAS_XMLID_19
134,164,Solicitudes: Rol Responsable,Solicitudes,Responsable,107,Revisión de Solicitud,33,Solicitudes de S.I.,107,Servicios Corporativos,sicpro_app_servicios_internos.grupo_app_internos_solicitudes_revision,25,PRIVILEGE_PARTIAL;HAS_XMLID_19
134,164,Solicitudes: Rol Responsable,Solicitudes,Responsable,108,Validación de Solicitud,33,Solicitudes de S.I.,107,Servicios Corporativos,sicpro_app_servicios_internos.grupo_app_internos_solicitudes_validar,25,PRIVILEGE_PARTIAL;HAS_XMLID_19
134,164,Solicitudes: Rol Responsable,Solicitudes,Responsable,40,Administrador,11,Salón de Clases,107,Servicios Corporativos,sicpro_app_salon_clases.grupo_app_salon_clases_admin,10,IMPLIED_COMMON:responsable;HAS_XMLID_19
134,164,Solicitudes: Rol Responsable,Solicitudes,Responsable,49,Administrador,15,CMI,108,Gestión de Producción,sicpro_app_cmi.grupo_app_cmi_admin,10,IMPLIED_COMMON:responsable;HAS_XMLID_19
134,164,Solicitudes: Rol Responsable,Solicitudes,Responsable,53,Administrador,16,Materiales e Insumos,102,Preparación Técnica,sicpro_app_materiales_insumos.grupo_app_materiales_insumos_admin,10,IMPLIED_COMMON:responsable;HAS_XMLID_19
134,164,Solicitudes: Rol Responsable,Solicitudes,Responsable,58,Administrador,18,Trabajadores,97,Capital Humano,sicpro_app_trabajadores.grupo_app_trabajador_admin,10,IMPLIED_COMMON:responsable;HAS_XMLID_19
134,164,Solicitudes: Rol Responsable,Solicitudes,Responsable,61,Administrador,19,Equipo Técnico,97,Capital Humano,sicpro_app_trabajadores.grupo_app_trabajador_equipos_admin,10,IMPLIED_COMMON:responsable;HAS_XMLID_19
134,164,Solicitudes: Rol Responsable,Solicitudes,Responsable,66,Administrador,20,Disciplinarias,97,Capital Humano,sicpro_app_trabajadores.grupo_app_trabajador_disciplina_admin,10,IMPLIED_COMMON:responsable;HAS_XMLID_19
134,164,Solicitudes: Rol Responsable,Solicitudes,Responsable,76,Administrador,25,Control,109,Control de la información,sicpro_app_control_informacion.grupo_control_informacion_admin,10,IMPLIED_COMMON:responsable;HAS_XMLID_19
134,164,Solicitudes: Rol Responsable,Solicitudes,Responsable,79,Administrador,26,Credenciales,97,Capital Humano,sicpro_app_credenciales.grupo_app_credenciales_admin,10,IMPLIED_COMMON:responsable;HAS_XMLID_19
134,164,Solicitudes: Rol Responsable,Solicitudes,Responsable,83,Administrador,27,Medios Informáticos,112,Informática,sicpro_app_medios_informaticos.grupo_app_medios_informaticos_admin,10,IMPLIED_COMMON:responsable;HAS_XMLID_19
134,164,Solicitudes: Rol Responsable,Solicitudes,Responsable,89,Administrador,29,Metrología,106,Activos y Herramientas,sicpro_app_metrologia.grupo_app_metrologia_admin,10,IMPLIED_COMMON:responsable;HAS_XMLID_19
134,164,Solicitudes: Rol Responsable,Solicitudes,Responsable,94,Administrador,30,Repositorio DVPE.,107,Servicios Corporativos,sicpro_app_repositorio_institucional.group_repositorio_institucional_admin,10,IMPLIED_COMMON:responsable;HAS_XMLID_19
134,164,Solicitudes: Rol Responsable,Solicitudes,Responsable,99,Administrator,31,Reuniones,105,Gestión de Reuniones,sicpro_app_reuniones.group_reuniones_admin,10,IMPLIED_COMMON:responsable;HAS_XMLID_19
134,164,Solicitudes: Rol Responsable,Solicitudes,Responsable,104,Administrador,32,Servicios Internos,107,Servicios Corporativos,sicpro_app_servicios_internos.grupo_app_internos_admin,10,IMPLIED_COMMON:responsable;HAS_XMLID_19
134,164,Solicitudes: Rol Responsable,Solicitudes,Responsable,111,Administrador,34,Soporte,113,Soporte Técnico,sicpro_app_soporte.group_soporte_admin,10,IMPLIED_COMMON:responsable;HAS_XMLID_19
134,164,Solicitudes: Rol Responsable,Solicitudes,Responsable,116,Administrador,36,Transporte,98,Transportación,sicpro_app_transporte.grupo_app_transporte_admin,10,IMPLIED_COMMON:responsable;HAS_XMLID_19
134,164,Solicitudes: Rol Responsable,Solicitudes,Responsable,122,Administrador,38,Víveres Logística,111,Alimentación,sicpro_app_viveres.grupo_app_viveres_admin,10,IMPLIED_COMMON:responsable;HAS_XMLID_19
134,164,Solicitudes: Rol Responsable,Solicitudes,Responsable,129,Administrador,40,Clientes,101,Solicitudes de Obras,sicpro_app_clientes.grupo_app_clientes_admin,10,IMPLIED_COMMON:responsable;HAS_XMLID_19
134,164,Solicitudes: Rol Responsable,Solicitudes,Responsable,140,Administrador,43,Operaciones,110,Programa de la Vivienda,sicpro_app_programa_viviendas.grupo_app_vivienda_admin,10,IMPLIED_COMMON:responsable;HAS_XMLID_19
134,164,Solicitudes: Rol Responsable,Solicitudes,Responsable,155,Administrador,50,Usuarios Internos,103,Órdenes de Trabajo,sicpro_app_ordenes_trabajo.grupo_ordenes_admin,10,IMPLIED_COMMON:responsable;HAS_XMLID_19
134,164,Solicitudes: Rol Responsable,Solicitudes,Responsable,168,Administrador,53,Transferencias,104,Gestión de Gastos,sicpro_app_transferencias_gastos.grupo_transferencias_admin,10,IMPLIED_COMMON:responsable;HAS_XMLID_19
135,165,Solicitudes: Rol Administrador,Solicitudes,Administrador,144,Administrador,44,Solicitudes,101,Solicitudes de Obras,sicpro_app_solicitudes.grupo_app_solicitud_admin,110,ROLE_NAME_EXACT;PRIVILEGE_EXACT;HAS_XMLID_19
135,165,Solicitudes: Rol Administrador,Solicitudes,Administrador,17,Administrador,4,Administrar SICPRO,94,Administración SICPRO ERP,sicpro_app_administracion.grupo_app_administracion_admin,60,ROLE_NAME_EXACT;HAS_XMLID_19
135,165,Solicitudes: Rol Administrador,Solicitudes,Administrador,40,Administrador,11,Salón de Clases,107,Servicios Corporativos,sicpro_app_salon_clases.grupo_app_salon_clases_admin,60,ROLE_NAME_EXACT;HAS_XMLID_19
135,165,Solicitudes: Rol Administrador,Solicitudes,Administrador,42,Administrador,12,Registros de auditoría,115,Registro de auditoría,sicpro_modulo_auditorias.group_auditlog_manager,60,ROLE_NAME_EXACT;HAS_XMLID_19
135,165,Solicitudes: Rol Administrador,Solicitudes,Administrador,43,Administrador,13,Nomencladores,94,Administración SICPRO ERP,sicpro_modulo_nomencladores.grupo_sicpro_nomencladores_admin,60,ROLE_NAME_EXACT;HAS_XMLID_19
135,165,Solicitudes: Rol Administrador,Solicitudes,Administrador,49,Administrador,15,CMI,108,Gestión de Producción,sicpro_app_cmi.grupo_app_cmi_admin,60,ROLE_NAME_EXACT;HAS_XMLID_19
135,165,Solicitudes: Rol Administrador,Solicitudes,Administrador,53,Administrador,16,Materiales e Insumos,102,Preparación Técnica,sicpro_app_materiales_insumos.grupo_app_materiales_insumos_admin,60,ROLE_NAME_EXACT;HAS_XMLID_19
135,165,Solicitudes: Rol Administrador,Solicitudes,Administrador,58,Administrador,18,Trabajadores,97,Capital Humano,sicpro_app_trabajadores.grupo_app_trabajador_admin,60,ROLE_NAME_EXACT;HAS_XMLID_19
135,165,Solicitudes: Rol Administrador,Solicitudes,Administrador,61,Administrador,19,Equipo Técnico,97,Capital Humano,sicpro_app_trabajadores.grupo_app_trabajador_equipos_admin,60,ROLE_NAME_EXACT;HAS_XMLID_19
135,165,Solicitudes: Rol Administrador,Solicitudes,Administrador,66,Administrador,20,Disciplinarias,97,Capital Humano,sicpro_app_trabajadores.grupo_app_trabajador_disciplina_admin,60,ROLE_NAME_EXACT;HAS_XMLID_19
135,165,Solicitudes: Rol Administrador,Solicitudes,Administrador,76,Administrador,25,Control,109,Control de la información,sicpro_app_control_informacion.grupo_control_informacion_admin,60,ROLE_NAME_EXACT;HAS_XMLID_19
135,165,Solicitudes: Rol Administrador,Solicitudes,Administrador,79,Administrador,26,Credenciales,97,Capital Humano,sicpro_app_credenciales.grupo_app_credenciales_admin,60,ROLE_NAME_EXACT;HAS_XMLID_19
135,165,Solicitudes: Rol Administrador,Solicitudes,Administrador,83,Administrador,27,Medios Informáticos,112,Informática,sicpro_app_medios_informaticos.grupo_app_medios_informaticos_admin,60,ROLE_NAME_EXACT;HAS_XMLID_19
135,165,Solicitudes: Rol Administrador,Solicitudes,Administrador,89,Administrador,29,Metrología,106,Activos y Herramientas,sicpro_app_metrologia.grupo_app_metrologia_admin,60,ROLE_NAME_EXACT;HAS_XMLID_19
135,165,Solicitudes: Rol Administrador,Solicitudes,Administrador,94,Administrador,30,Repositorio DVPE.,107,Servicios Corporativos,sicpro_app_repositorio_institucional.group_repositorio_institucional_admin,60,ROLE_NAME_EXACT;HAS_XMLID_19
135,165,Solicitudes: Rol Administrador,Solicitudes,Administrador,104,Administrador,32,Servicios Internos,107,Servicios Corporativos,sicpro_app_servicios_internos.grupo_app_internos_admin,60,ROLE_NAME_EXACT;HAS_XMLID_19
135,165,Solicitudes: Rol Administrador,Solicitudes,Administrador,111,Administrador,34,Soporte,113,Soporte Técnico,sicpro_app_soporte.group_soporte_admin,60,ROLE_NAME_EXACT;HAS_XMLID_19
135,165,Solicitudes: Rol Administrador,Solicitudes,Administrador,116,Administrador,36,Transporte,98,Transportación,sicpro_app_transporte.grupo_app_transporte_admin,60,ROLE_NAME_EXACT;HAS_XMLID_19
135,165,Solicitudes: Rol Administrador,Solicitudes,Administrador,122,Administrador,38,Víveres Logística,111,Alimentación,sicpro_app_viveres.grupo_app_viveres_admin,60,ROLE_NAME_EXACT;HAS_XMLID_19
135,165,Solicitudes: Rol Administrador,Solicitudes,Administrador,129,Administrador,40,Clientes,101,Solicitudes de Obras,sicpro_app_clientes.grupo_app_clientes_admin,60,ROLE_NAME_EXACT;HAS_XMLID_19
135,165,Solicitudes: Rol Administrador,Solicitudes,Administrador,132,Administrador,41,Instrucciones,97,Capital Humano,sicpro_app_instrucciones.grupo_app_instruciones_admin,60,ROLE_NAME_EXACT;HAS_XMLID_19
135,165,Solicitudes: Rol Administrador,Solicitudes,Administrador,140,Administrador,43,Operaciones,110,Programa de la Vivienda,sicpro_app_programa_viviendas.grupo_app_vivienda_admin,60,ROLE_NAME_EXACT;HAS_XMLID_19
135,165,Solicitudes: Rol Administrador,Solicitudes,Administrador,155,Administrador,50,Usuarios Internos,103,Órdenes de Trabajo,sicpro_app_ordenes_trabajo.grupo_ordenes_admin,60,ROLE_NAME_EXACT;HAS_XMLID_19
135,165,Solicitudes: Rol Administrador,Solicitudes,Administrador,168,Administrador,53,Transferencias,104,Gestión de Gastos,sicpro_app_transferencias_gastos.grupo_transferencias_admin,60,ROLE_NAME_EXACT;HAS_XMLID_19
135,165,Solicitudes: Rol Administrador,Solicitudes,Administrador,141,Usuarios,44,Solicitudes,101,Solicitudes de Obras,sicpro_app_solicitudes.grupo_app_solicitud_usuario,50,PRIVILEGE_EXACT;HAS_XMLID_19
135,165,Solicitudes: Rol Administrador,Solicitudes,Administrador,142,Administrativos,44,Solicitudes,101,Solicitudes de Obras,sicpro_app_solicitudes.grupo_app_solicitud_usuario_vertodo,50,PRIVILEGE_EXACT;HAS_XMLID_19
135,165,Solicitudes: Rol Administrador,Solicitudes,Administrador,143,Responsable,44,Solicitudes,101,Solicitudes de Obras,sicpro_app_solicitudes.grupo_app_solicitud_responsable,50,PRIVILEGE_EXACT;HAS_XMLID_19
135,165,Solicitudes: Rol Administrador,Solicitudes,Administrador,4,Role / Administrator,,,,,base.group_system,35,PRIVILEGE_PARTIAL;IMPLIED_COMMON:administrador;HAS_XMLID_19
135,165,Solicitudes: Rol Administrador,Solicitudes,Administrador,1,Role / User,,,,,base.group_user,25,PRIVILEGE_PARTIAL;HAS_XMLID_19
135,165,Solicitudes: Rol Administrador,Solicitudes,Administrador,2,Access Rights,,,,,base.group_erp_manager,25,PRIVILEGE_PARTIAL;HAS_XMLID_19
135,165,Solicitudes: Rol Administrador,Solicitudes,Administrador,3,Bypass HTML Field Sanitize,,,,,base.group_sanitize_override,25,PRIVILEGE_PARTIAL;HAS_XMLID_19
135,165,Solicitudes: Rol Administrador,Solicitudes,Administrador,5,Multi Companies,,,,,base.group_multi_company,25,PRIVILEGE_PARTIAL;HAS_XMLID_19
135,165,Solicitudes: Rol Administrador,Solicitudes,Administrador,6,Multi Currencies,,,,,base.group_multi_currency,25,PRIVILEGE_PARTIAL;HAS_XMLID_19
135,165,Solicitudes: Rol Administrador,Solicitudes,Administrador,7,Technical Features,,,,,base.group_no_one,25,PRIVILEGE_PARTIAL;HAS_XMLID_19
135,165,Solicitudes: Rol Administrador,Solicitudes,Administrador,10,Role / Portal,,,,,base.group_portal,25,PRIVILEGE_PARTIAL;HAS_XMLID_19
135,165,Solicitudes: Rol Administrador,Solicitudes,Administrador,11,Role / Public,,,,,base.group_public,25,PRIVILEGE_PARTIAL;HAS_XMLID_19
135,165,Solicitudes: Rol Administrador,Solicitudes,Administrador,12,Default access for new users,,,,,base.default_user_group,25,PRIVILEGE_PARTIAL;HAS_XMLID_19
135,165,Solicitudes: Rol Administrador,Solicitudes,Administrador,13,Technical Documentation,,,,,api_doc.group_allow_doc,25,PRIVILEGE_PARTIAL;HAS_XMLID_19
135,165,Solicitudes: Rol Administrador,Solicitudes,Administrador,15,Mail Template Editor,,,,,mail.group_mail_template_editor,25,PRIVILEGE_PARTIAL;HAS_XMLID_19
135,165,Solicitudes: Rol Administrador,Solicitudes,Administrador,16,Receive notifications in Odoo,,,,,mail.group_mail_notification_type_inbox,25,PRIVILEGE_PARTIAL;HAS_XMLID_19
135,165,Solicitudes: Rol Administrador,Solicitudes,Administrador,25,Menus y Accesos Obsoletos,,,,,sicpro_app_administracion.grupo_app_administracion_obsoletos,25,PRIVILEGE_PARTIAL;HAS_XMLID_19
135,165,Solicitudes: Rol Administrador,Solicitudes,Administrador,26,Manage Multiple Units of Measure,,,,,uom.group_uom,25,PRIVILEGE_PARTIAL;HAS_XMLID_19
135,165,Solicitudes: Rol Administrador,Solicitudes,Administrador,27,Analytic Accounting,,,,,analytic.group_analytic_accounting,25,PRIVILEGE_PARTIAL;HAS_XMLID_19
135,165,Solicitudes: Rol Administrador,Solicitudes,Administrador,32,Use Stages on Project,,,,,project.group_project_stages,25,PRIVILEGE_PARTIAL;HAS_XMLID_19
135,165,Solicitudes: Rol Administrador,Solicitudes,Administrador,33,Use Recurring Tasks,,,,,project.group_project_recurring_tasks,25,PRIVILEGE_PARTIAL;HAS_XMLID_19
135,165,Solicitudes: Rol Administrador,Solicitudes,Administrador,34,Use Task Dependencies,,,,,project.group_project_task_dependencies,25,PRIVILEGE_PARTIAL;HAS_XMLID_19
135,165,Solicitudes: Rol Administrador,Solicitudes,Administrador,35,Use Milestones,,,,,project.group_project_milestone,25,PRIVILEGE_PARTIAL;HAS_XMLID_19
135,165,Solicitudes: Rol Administrador,Solicitudes,Administrador,44,Consultas Postgres,,,,,sicpro_modulo_querydb.group_querydeluxe,25,PRIVILEGE_PARTIAL;HAS_XMLID_19
135,165,Solicitudes: Rol Administrador,Solicitudes,Administrador,105,Usuario,33,Solicitudes de S.I.,107,Servicios Corporativos,sicpro_app_servicios_internos.grupo_app_internos_solicitudes_usuario,25,PRIVILEGE_PARTIAL;HAS_XMLID_19
135,165,Solicitudes: Rol Administrador,Solicitudes,Administrador,106,Ejecutor de Solicitud,33,Solicitudes de S.I.,107,Servicios Corporativos,sicpro_app_servicios_internos.grupo_app_internos_solicitudes_ejecutor,25,PRIVILEGE_PARTIAL;HAS_XMLID_19
135,165,Solicitudes: Rol Administrador,Solicitudes,Administrador,107,Revisión de Solicitud,33,Solicitudes de S.I.,107,Servicios Corporativos,sicpro_app_servicios_internos.grupo_app_internos_solicitudes_revision,25,PRIVILEGE_PARTIAL;HAS_XMLID_19
135,165,Solicitudes: Rol Administrador,Solicitudes,Administrador,108,Validación de Solicitud,33,Solicitudes de S.I.,107,Servicios Corporativos,sicpro_app_servicios_internos.grupo_app_internos_solicitudes_validar,25,PRIVILEGE_PARTIAL;HAS_XMLID_19
136,166,Solicitudes: Rol Inversionista,Solicitudes,Inversionista,141,Usuarios,44,Solicitudes,101,Solicitudes de Obras,sicpro_app_solicitudes.grupo_app_solicitud_usuario,50,PRIVILEGE_EXACT;HAS_XMLID_19
136,166,Solicitudes: Rol Inversionista,Solicitudes,Inversionista,142,Administrativos,44,Solicitudes,101,Solicitudes de Obras,sicpro_app_solicitudes.grupo_app_solicitud_usuario_vertodo,50,PRIVILEGE_EXACT;HAS_XMLID_19
136,166,Solicitudes: Rol Inversionista,Solicitudes,Inversionista,143,Responsable,44,Solicitudes,101,Solicitudes de Obras,sicpro_app_solicitudes.grupo_app_solicitud_responsable,50,PRIVILEGE_EXACT;HAS_XMLID_19
136,166,Solicitudes: Rol Inversionista,Solicitudes,Inversionista,144,Administrador,44,Solicitudes,101,Solicitudes de Obras,sicpro_app_solicitudes.grupo_app_solicitud_admin,50,PRIVILEGE_EXACT;HAS_XMLID_19
136,166,Solicitudes: Rol Inversionista,Solicitudes,Inversionista,157,Visualizar todas las órdenes Inversionistas,51,Inversionista,103,Órdenes de Trabajo,sicpro_app_ordenes_trabajo.grupo_ordenes_visualizar_inversionista_todo,35,ROLE_NAME_PARTIAL;HAS_XMLID_19
136,166,Solicitudes: Rol Inversionista,Solicitudes,Inversionista,162,Gestión del Inversionista,53,Transferencias,104,Gestión de Gastos,sicpro_app_transferencias_gastos.grupo_transferencias_inversionistas,35,ROLE_NAME_PARTIAL;HAS_XMLID_19
136,166,Solicitudes: Rol Inversionista,Solicitudes,Inversionista,1,Role / User,,,,,base.group_user,25,PRIVILEGE_PARTIAL;HAS_XMLID_19
136,166,Solicitudes: Rol Inversionista,Solicitudes,Inversionista,2,Access Rights,,,,,base.group_erp_manager,25,PRIVILEGE_PARTIAL;HAS_XMLID_19
136,166,Solicitudes: Rol Inversionista,Solicitudes,Inversionista,3,Bypass HTML Field Sanitize,,,,,base.group_sanitize_override,25,PRIVILEGE_PARTIAL;HAS_XMLID_19
136,166,Solicitudes: Rol Inversionista,Solicitudes,Inversionista,4,Role / Administrator,,,,,base.group_system,25,PRIVILEGE_PARTIAL;HAS_XMLID_19
136,166,Solicitudes: Rol Inversionista,Solicitudes,Inversionista,5,Multi Companies,,,,,base.group_multi_company,25,PRIVILEGE_PARTIAL;HAS_XMLID_19
136,166,Solicitudes: Rol Inversionista,Solicitudes,Inversionista,6,Multi Currencies,,,,,base.group_multi_currency,25,PRIVILEGE_PARTIAL;HAS_XMLID_19
136,166,Solicitudes: Rol Inversionista,Solicitudes,Inversionista,7,Technical Features,,,,,base.group_no_one,25,PRIVILEGE_PARTIAL;HAS_XMLID_19
136,166,Solicitudes: Rol Inversionista,Solicitudes,Inversionista,10,Role / Portal,,,,,base.group_portal,25,PRIVILEGE_PARTIAL;HAS_XMLID_19
136,166,Solicitudes: Rol Inversionista,Solicitudes,Inversionista,11,Role / Public,,,,,base.group_public,25,PRIVILEGE_PARTIAL;HAS_XMLID_19
136,166,Solicitudes: Rol Inversionista,Solicitudes,Inversionista,12,Default access for new users,,,,,base.default_user_group,25,PRIVILEGE_PARTIAL;HAS_XMLID_19
136,166,Solicitudes: Rol Inversionista,Solicitudes,Inversionista,13,Technical Documentation,,,,,api_doc.group_allow_doc,25,PRIVILEGE_PARTIAL;HAS_XMLID_19
136,166,Solicitudes: Rol Inversionista,Solicitudes,Inversionista,15,Mail Template Editor,,,,,mail.group_mail_template_editor,25,PRIVILEGE_PARTIAL;HAS_XMLID_19
136,166,Solicitudes: Rol Inversionista,Solicitudes,Inversionista,16,Receive notifications in Odoo,,,,,mail.group_mail_notification_type_inbox,25,PRIVILEGE_PARTIAL;HAS_XMLID_19
136,166,Solicitudes: Rol Inversionista,Solicitudes,Inversionista,25,Menus y Accesos Obsoletos,,,,,sicpro_app_administracion.grupo_app_administracion_obsoletos,25,PRIVILEGE_PARTIAL;HAS_XMLID_19
136,166,Solicitudes: Rol Inversionista,Solicitudes,Inversionista,26,Manage Multiple Units of Measure,,,,,uom.group_uom,25,PRIVILEGE_PARTIAL;HAS_XMLID_19
136,166,Solicitudes: Rol Inversionista,Solicitudes,Inversionista,27,Analytic Accounting,,,,,analytic.group_analytic_accounting,25,PRIVILEGE_PARTIAL;HAS_XMLID_19
136,166,Solicitudes: Rol Inversionista,Solicitudes,Inversionista,32,Use Stages on Project,,,,,project.group_project_stages,25,PRIVILEGE_PARTIAL;HAS_XMLID_19
136,166,Solicitudes: Rol Inversionista,Solicitudes,Inversionista,33,Use Recurring Tasks,,,,,project.group_project_recurring_tasks,25,PRIVILEGE_PARTIAL;HAS_XMLID_19
136,166,Solicitudes: Rol Inversionista,Solicitudes,Inversionista,34,Use Task Dependencies,,,,,project.group_project_task_dependencies,25,PRIVILEGE_PARTIAL;HAS_XMLID_19
136,166,Solicitudes: Rol Inversionista,Solicitudes,Inversionista,35,Use Milestones,,,,,project.group_project_milestone,25,PRIVILEGE_PARTIAL;HAS_XMLID_19
136,166,Solicitudes: Rol Inversionista,Solicitudes,Inversionista,44,Consultas Postgres,,,,,sicpro_modulo_querydb.group_querydeluxe,25,PRIVILEGE_PARTIAL;HAS_XMLID_19
136,166,Solicitudes: Rol Inversionista,Solicitudes,Inversionista,105,Usuario,33,Solicitudes de S.I.,107,Servicios Corporativos,sicpro_app_servicios_internos.grupo_app_internos_solicitudes_usuario,25,PRIVILEGE_PARTIAL;HAS_XMLID_19
136,166,Solicitudes: Rol Inversionista,Solicitudes,Inversionista,106,Ejecutor de Solicitud,33,Solicitudes de S.I.,107,Servicios Corporativos,sicpro_app_servicios_internos.grupo_app_internos_solicitudes_ejecutor,25,PRIVILEGE_PARTIAL;HAS_XMLID_19
136,166,Solicitudes: Rol Inversionista,Solicitudes,Inversionista,107,Revisión de Solicitud,33,Solicitudes de S.I.,107,Servicios Corporativos,sicpro_app_servicios_internos.grupo_app_internos_solicitudes_revision,25,PRIVILEGE_PARTIAL;HAS_XMLID_19
136,166,Solicitudes: Rol Inversionista,Solicitudes,Inversionista,108,Validación de Solicitud,33,Solicitudes de S.I.,107,Servicios Corporativos,sicpro_app_servicios_internos.grupo_app_internos_solicitudes_validar,25,PRIVILEGE_PARTIAL;HAS_XMLID_19
136,166,Solicitudes: Rol Inversionista,Solicitudes,Inversionista,48,Responsable,15,CMI,108,Gestión de Producción,sicpro_app_cmi.grupo_app_cmi_responsable,10,IMPLIED_COMMON:ejecutor;HAS_XMLID_19
136,166,Solicitudes: Rol Inversionista,Solicitudes,Inversionista,52,Responsable,16,Materiales e Insumos,102,Preparación Técnica,sicpro_app_materiales_insumos.grupo_app_materiales_insumos_responsable,10,IMPLIED_COMMON:ejecutor;HAS_XMLID_19
136,166,Solicitudes: Rol Inversionista,Solicitudes,Inversionista,70,Responsable,22,Seguridad y Salud,97,Capital Humano,sicpro_app_trabajadores.grupo_app_trabajador_seguridad_salud_responsable,10,IMPLIED_COMMON:ejecutor;HAS_XMLID_19
136,166,Solicitudes: Rol Inversionista,Solicitudes,Inversionista,88,Responsable,29,Metrología,106,Activos y Herramientas,sicpro_app_metrologia.grupo_app_metrologia_responsable,10,IMPLIED_COMMON:ejecutor;HAS_XMLID_19
136,166,Solicitudes: Rol Inversionista,Solicitudes,Inversionista,110,Responsable,34,Soporte,113,Soporte Técnico,sicpro_app_soporte.group_soporte_responsable,10,IMPLIED_COMMON:ejecutor;HAS_XMLID_19
136,166,Solicitudes: Rol Inversionista,Solicitudes,Inversionista,115,Responsable,36,Transporte,98,Transportación,sicpro_app_transporte.grupo_app_transporte_responsable,10,IMPLIED_COMMON:ejecutor;HAS_XMLID_19
136,166,Solicitudes: Rol Inversionista,Solicitudes,Inversionista,121,Responsable,38,Víveres Logística,111,Alimentación,sicpro_app_viveres.grupo_app_viveres_resumen_responsable,10,IMPLIED_COMMON:ejecutor;HAS_XMLID_19
136,166,Solicitudes: Rol Inversionista,Solicitudes,Inversionista,125,Jefe,39,Víveres Áreas,111,Alimentación,sicpro_app_viveres.grupo_app_viveres_areas_responsable,10,IMPLIED_COMMON:ejecutor;HAS_XMLID_19
136,166,Solicitudes: Rol Inversionista,Solicitudes,Inversionista,128,Responsable,40,Clientes,101,Solicitudes de Obras,sicpro_app_clientes.grupo_app_clientes_responsable,10,IMPLIED_COMMON:ejecutor;HAS_XMLID_19
136,166,Solicitudes: Rol Inversionista,Solicitudes,Inversionista,146,Territorial,45,Inversionistas,101,Solicitudes de Obras,sicpro_app_solicitudes.grupo_app_iniciativas_territorios,10,IMPLIED_COMMON:ejecutor;HAS_XMLID_19
137,167,Solicitudes: Rol Negociador,Solicitudes,Negociador,141,Usuarios,44,Solicitudes,101,Solicitudes de Obras,sicpro_app_solicitudes.grupo_app_solicitud_usuario,50,PRIVILEGE_EXACT;HAS_XMLID_19
137,167,Solicitudes: Rol Negociador,Solicitudes,Negociador,142,Administrativos,44,Solicitudes,101,Solicitudes de Obras,sicpro_app_solicitudes.grupo_app_solicitud_usuario_vertodo,50,PRIVILEGE_EXACT;HAS_XMLID_19
137,167,Solicitudes: Rol Negociador,Solicitudes,Negociador,143,Responsable,44,Solicitudes,101,Solicitudes de Obras,sicpro_app_solicitudes.grupo_app_solicitud_responsable,50,PRIVILEGE_EXACT;HAS_XMLID_19
137,167,Solicitudes: Rol Negociador,Solicitudes,Negociador,144,Administrador,44,Solicitudes,101,Solicitudes de Obras,sicpro_app_solicitudes.grupo_app_solicitud_admin,50,PRIVILEGE_EXACT;HAS_XMLID_19
137,167,Solicitudes: Rol Negociador,Solicitudes,Negociador,1,Role / User,,,,,base.group_user,25,PRIVILEGE_PARTIAL;HAS_XMLID_19
137,167,Solicitudes: Rol Negociador,Solicitudes,Negociador,2,Access Rights,,,,,base.group_erp_manager,25,PRIVILEGE_PARTIAL;HAS_XMLID_19
137,167,Solicitudes: Rol Negociador,Solicitudes,Negociador,3,Bypass HTML Field Sanitize,,,,,base.group_sanitize_override,25,PRIVILEGE_PARTIAL;HAS_XMLID_19
137,167,Solicitudes: Rol Negociador,Solicitudes,Negociador,4,Role / Administrator,,,,,base.group_system,25,PRIVILEGE_PARTIAL;HAS_XMLID_19
137,167,Solicitudes: Rol Negociador,Solicitudes,Negociador,5,Multi Companies,,,,,base.group_multi_company,25,PRIVILEGE_PARTIAL;HAS_XMLID_19
137,167,Solicitudes: Rol Negociador,Solicitudes,Negociador,6,Multi Currencies,,,,,base.group_multi_currency,25,PRIVILEGE_PARTIAL;HAS_XMLID_19
137,167,Solicitudes: Rol Negociador,Solicitudes,Negociador,7,Technical Features,,,,,base.group_no_one,25,PRIVILEGE_PARTIAL;HAS_XMLID_19
137,167,Solicitudes: Rol Negociador,Solicitudes,Negociador,10,Role / Portal,,,,,base.group_portal,25,PRIVILEGE_PARTIAL;HAS_XMLID_19
137,167,Solicitudes: Rol Negociador,Solicitudes,Negociador,11,Role / Public,,,,,base.group_public,25,PRIVILEGE_PARTIAL;HAS_XMLID_19
137,167,Solicitudes: Rol Negociador,Solicitudes,Negociador,12,Default access for new users,,,,,base.default_user_group,25,PRIVILEGE_PARTIAL;HAS_XMLID_19
137,167,Solicitudes: Rol Negociador,Solicitudes,Negociador,13,Technical Documentation,,,,,api_doc.group_allow_doc,25,PRIVILEGE_PARTIAL;HAS_XMLID_19
137,167,Solicitudes: Rol Negociador,Solicitudes,Negociador,15,Mail Template Editor,,,,,mail.group_mail_template_editor,25,PRIVILEGE_PARTIAL;HAS_XMLID_19
137,167,Solicitudes: Rol Negociador,Solicitudes,Negociador,16,Receive notifications in Odoo,,,,,mail.group_mail_notification_type_inbox,25,PRIVILEGE_PARTIAL;HAS_XMLID_19
137,167,Solicitudes: Rol Negociador,Solicitudes,Negociador,25,Menus y Accesos Obsoletos,,,,,sicpro_app_administracion.grupo_app_administracion_obsoletos,25,PRIVILEGE_PARTIAL;HAS_XMLID_19
137,167,Solicitudes: Rol Negociador,Solicitudes,Negociador,26,Manage Multiple Units of Measure,,,,,uom.group_uom,25,PRIVILEGE_PARTIAL;HAS_XMLID_19
137,167,Solicitudes: Rol Negociador,Solicitudes,Negociador,27,Analytic Accounting,,,,,analytic.group_analytic_accounting,25,PRIVILEGE_PARTIAL;HAS_XMLID_19
137,167,Solicitudes: Rol Negociador,Solicitudes,Negociador,32,Use Stages on Project,,,,,project.group_project_stages,25,PRIVILEGE_PARTIAL;HAS_XMLID_19
137,167,Solicitudes: Rol Negociador,Solicitudes,Negociador,33,Use Recurring Tasks,,,,,project.group_project_recurring_tasks,25,PRIVILEGE_PARTIAL;HAS_XMLID_19
137,167,Solicitudes: Rol Negociador,Solicitudes,Negociador,34,Use Task Dependencies,,,,,project.group_project_task_dependencies,25,PRIVILEGE_PARTIAL;HAS_XMLID_19
137,167,Solicitudes: Rol Negociador,Solicitudes,Negociador,35,Use Milestones,,,,,project.group_project_milestone,25,PRIVILEGE_PARTIAL;HAS_XMLID_19
137,167,Solicitudes: Rol Negociador,Solicitudes,Negociador,44,Consultas Postgres,,,,,sicpro_modulo_querydb.group_querydeluxe,25,PRIVILEGE_PARTIAL;HAS_XMLID_19
137,167,Solicitudes: Rol Negociador,Solicitudes,Negociador,105,Usuario,33,Solicitudes de S.I.,107,Servicios Corporativos,sicpro_app_servicios_internos.grupo_app_internos_solicitudes_usuario,25,PRIVILEGE_PARTIAL;HAS_XMLID_19
137,167,Solicitudes: Rol Negociador,Solicitudes,Negociador,106,Ejecutor de Solicitud,33,Solicitudes de S.I.,107,Servicios Corporativos,sicpro_app_servicios_internos.grupo_app_internos_solicitudes_ejecutor,25,PRIVILEGE_PARTIAL;HAS_XMLID_19
137,167,Solicitudes: Rol Negociador,Solicitudes,Negociador,107,Revisión de Solicitud,33,Solicitudes de S.I.,107,Servicios Corporativos,sicpro_app_servicios_internos.grupo_app_internos_solicitudes_revision,25,PRIVILEGE_PARTIAL;HAS_XMLID_19
137,167,Solicitudes: Rol Negociador,Solicitudes,Negociador,108,Validación de Solicitud,33,Solicitudes de S.I.,107,Servicios Corporativos,sicpro_app_servicios_internos.grupo_app_internos_solicitudes_validar,25,PRIVILEGE_PARTIAL;HAS_XMLID_19
137,167,Solicitudes: Rol Negociador,Solicitudes,Negociador,48,Responsable,15,CMI,108,Gestión de Producción,sicpro_app_cmi.grupo_app_cmi_responsable,10,IMPLIED_COMMON:ejecutor;HAS_XMLID_19
137,167,Solicitudes: Rol Negociador,Solicitudes,Negociador,52,Responsable,16,Materiales e Insumos,102,Preparación Técnica,sicpro_app_materiales_insumos.grupo_app_materiales_insumos_responsable,10,IMPLIED_COMMON:ejecutor;HAS_XMLID_19
137,167,Solicitudes: Rol Negociador,Solicitudes,Negociador,70,Responsable,22,Seguridad y Salud,97,Capital Humano,sicpro_app_trabajadores.grupo_app_trabajador_seguridad_salud_responsable,10,IMPLIED_COMMON:ejecutor;HAS_XMLID_19
137,167,Solicitudes: Rol Negociador,Solicitudes,Negociador,88,Responsable,29,Metrología,106,Activos y Herramientas,sicpro_app_metrologia.grupo_app_metrologia_responsable,10,IMPLIED_COMMON:ejecutor;HAS_XMLID_19
137,167,Solicitudes: Rol Negociador,Solicitudes,Negociador,110,Responsable,34,Soporte,113,Soporte Técnico,sicpro_app_soporte.group_soporte_responsable,10,IMPLIED_COMMON:ejecutor;HAS_XMLID_19
137,167,Solicitudes: Rol Negociador,Solicitudes,Negociador,115,Responsable,36,Transporte,98,Transportación,sicpro_app_transporte.grupo_app_transporte_responsable,10,IMPLIED_COMMON:ejecutor;HAS_XMLID_19
137,167,Solicitudes: Rol Negociador,Solicitudes,Negociador,121,Responsable,38,Víveres Logística,111,Alimentación,sicpro_app_viveres.grupo_app_viveres_resumen_responsable,10,IMPLIED_COMMON:ejecutor;HAS_XMLID_19
137,167,Solicitudes: Rol Negociador,Solicitudes,Negociador,125,Jefe,39,Víveres Áreas,111,Alimentación,sicpro_app_viveres.grupo_app_viveres_areas_responsable,10,IMPLIED_COMMON:ejecutor;HAS_XMLID_19
137,167,Solicitudes: Rol Negociador,Solicitudes,Negociador,128,Responsable,40,Clientes,101,Solicitudes de Obras,sicpro_app_clientes.grupo_app_clientes_responsable,10,IMPLIED_COMMON:ejecutor;HAS_XMLID_19
137,167,Solicitudes: Rol Negociador,Solicitudes,Negociador,146,Territorial,45,Inversionistas,101,Solicitudes de Obras,sicpro_app_solicitudes.grupo_app_iniciativas_territorios,10,IMPLIED_COMMON:ejecutor;HAS_XMLID_19
138,168,Solicitudes: Rol Revisión del Negocio,Solicitudes,Revisión del Negocio,141,Usuarios,44,Solicitudes,101,Solicitudes de Obras,sicpro_app_solicitudes.grupo_app_solicitud_usuario,50,PRIVILEGE_EXACT;HAS_XMLID_19
138,168,Solicitudes: Rol Revisión del Negocio,Solicitudes,Revisión del Negocio,142,Administrativos,44,Solicitudes,101,Solicitudes de Obras,sicpro_app_solicitudes.grupo_app_solicitud_usuario_vertodo,50,PRIVILEGE_EXACT;HAS_XMLID_19
138,168,Solicitudes: Rol Revisión del Negocio,Solicitudes,Revisión del Negocio,143,Responsable,44,Solicitudes,101,Solicitudes de Obras,sicpro_app_solicitudes.grupo_app_solicitud_responsable,50,PRIVILEGE_EXACT;HAS_XMLID_19
138,168,Solicitudes: Rol Revisión del Negocio,Solicitudes,Revisión del Negocio,144,Administrador,44,Solicitudes,101,Solicitudes de Obras,sicpro_app_solicitudes.grupo_app_solicitud_admin,50,PRIVILEGE_EXACT;HAS_XMLID_19
138,168,Solicitudes: Rol Revisión del Negocio,Solicitudes,Revisión del Negocio,73,Revisión,24,Revisión,109,Control de la información,sicpro_app_control_informacion.grupo_control_informacion_revision,35,ROLE_NAME_PARTIAL;HAS_XMLID_19
138,168,Solicitudes: Rol Revisión del Negocio,Solicitudes,Revisión del Negocio,1,Role / User,,,,,base.group_user,25,PRIVILEGE_PARTIAL;HAS_XMLID_19
138,168,Solicitudes: Rol Revisión del Negocio,Solicitudes,Revisión del Negocio,2,Access Rights,,,,,base.group_erp_manager,25,PRIVILEGE_PARTIAL;HAS_XMLID_19
138,168,Solicitudes: Rol Revisión del Negocio,Solicitudes,Revisión del Negocio,3,Bypass HTML Field Sanitize,,,,,base.group_sanitize_override,25,PRIVILEGE_PARTIAL;HAS_XMLID_19
138,168,Solicitudes: Rol Revisión del Negocio,Solicitudes,Revisión del Negocio,4,Role / Administrator,,,,,base.group_system,25,PRIVILEGE_PARTIAL;HAS_XMLID_19
138,168,Solicitudes: Rol Revisión del Negocio,Solicitudes,Revisión del Negocio,5,Multi Companies,,,,,base.group_multi_company,25,PRIVILEGE_PARTIAL;HAS_XMLID_19
138,168,Solicitudes: Rol Revisión del Negocio,Solicitudes,Revisión del Negocio,6,Multi Currencies,,,,,base.group_multi_currency,25,PRIVILEGE_PARTIAL;HAS_XMLID_19
138,168,Solicitudes: Rol Revisión del Negocio,Solicitudes,Revisión del Negocio,7,Technical Features,,,,,base.group_no_one,25,PRIVILEGE_PARTIAL;HAS_XMLID_19
138,168,Solicitudes: Rol Revisión del Negocio,Solicitudes,Revisión del Negocio,10,Role / Portal,,,,,base.group_portal,25,PRIVILEGE_PARTIAL;HAS_XMLID_19
138,168,Solicitudes: Rol Revisión del Negocio,Solicitudes,Revisión del Negocio,11,Role / Public,,,,,base.group_public,25,PRIVILEGE_PARTIAL;HAS_XMLID_19
138,168,Solicitudes: Rol Revisión del Negocio,Solicitudes,Revisión del Negocio,12,Default access for new users,,,,,base.default_user_group,25,PRIVILEGE_PARTIAL;HAS_XMLID_19
138,168,Solicitudes: Rol Revisión del Negocio,Solicitudes,Revisión del Negocio,13,Technical Documentation,,,,,api_doc.group_allow_doc,25,PRIVILEGE_PARTIAL;HAS_XMLID_19
138,168,Solicitudes: Rol Revisión del Negocio,Solicitudes,Revisión del Negocio,15,Mail Template Editor,,,,,mail.group_mail_template_editor,25,PRIVILEGE_PARTIAL;HAS_XMLID_19
138,168,Solicitudes: Rol Revisión del Negocio,Solicitudes,Revisión del Negocio,16,Receive notifications in Odoo,,,,,mail.group_mail_notification_type_inbox,25,PRIVILEGE_PARTIAL;HAS_XMLID_19
138,168,Solicitudes: Rol Revisión del Negocio,Solicitudes,Revisión del Negocio,25,Menus y Accesos Obsoletos,,,,,sicpro_app_administracion.grupo_app_administracion_obsoletos,25,PRIVILEGE_PARTIAL;HAS_XMLID_19
138,168,Solicitudes: Rol Revisión del Negocio,Solicitudes,Revisión del Negocio,26,Manage Multiple Units of Measure,,,,,uom.group_uom,25,PRIVILEGE_PARTIAL;HAS_XMLID_19
138,168,Solicitudes: Rol Revisión del Negocio,Solicitudes,Revisión del Negocio,27,Analytic Accounting,,,,,analytic.group_analytic_accounting,25,PRIVILEGE_PARTIAL;HAS_XMLID_19
138,168,Solicitudes: Rol Revisión del Negocio,Solicitudes,Revisión del Negocio,32,Use Stages on Project,,,,,project.group_project_stages,25,PRIVILEGE_PARTIAL;HAS_XMLID_19
138,168,Solicitudes: Rol Revisión del Negocio,Solicitudes,Revisión del Negocio,33,Use Recurring Tasks,,,,,project.group_project_recurring_tasks,25,PRIVILEGE_PARTIAL;HAS_XMLID_19
138,168,Solicitudes: Rol Revisión del Negocio,Solicitudes,Revisión del Negocio,34,Use Task Dependencies,,,,,project.group_project_task_dependencies,25,PRIVILEGE_PARTIAL;HAS_XMLID_19
138,168,Solicitudes: Rol Revisión del Negocio,Solicitudes,Revisión del Negocio,35,Use Milestones,,,,,project.group_project_milestone,25,PRIVILEGE_PARTIAL;HAS_XMLID_19
138,168,Solicitudes: Rol Revisión del Negocio,Solicitudes,Revisión del Negocio,44,Consultas Postgres,,,,,sicpro_modulo_querydb.group_querydeluxe,25,PRIVILEGE_PARTIAL;HAS_XMLID_19
138,168,Solicitudes: Rol Revisión del Negocio,Solicitudes,Revisión del Negocio,105,Usuario,33,Solicitudes de S.I.,107,Servicios Corporativos,sicpro_app_servicios_internos.grupo_app_internos_solicitudes_usuario,25,PRIVILEGE_PARTIAL;HAS_XMLID_19
138,168,Solicitudes: Rol Revisión del Negocio,Solicitudes,Revisión del Negocio,106,Ejecutor de Solicitud,33,Solicitudes de S.I.,107,Servicios Corporativos,sicpro_app_servicios_internos.grupo_app_internos_solicitudes_ejecutor,25,PRIVILEGE_PARTIAL;HAS_XMLID_19
138,168,Solicitudes: Rol Revisión del Negocio,Solicitudes,Revisión del Negocio,107,Revisión de Solicitud,33,Solicitudes de S.I.,107,Servicios Corporativos,sicpro_app_servicios_internos.grupo_app_internos_solicitudes_revision,25,PRIVILEGE_PARTIAL;HAS_XMLID_19
138,168,Solicitudes: Rol Revisión del Negocio,Solicitudes,Revisión del Negocio,108,Validación de Solicitud,33,Solicitudes de S.I.,107,Servicios Corporativos,sicpro_app_servicios_internos.grupo_app_internos_solicitudes_validar,25,PRIVILEGE_PARTIAL;HAS_XMLID_19
138,168,Solicitudes: Rol Revisión del Negocio,Solicitudes,Revisión del Negocio,48,Responsable,15,CMI,108,Gestión de Producción,sicpro_app_cmi.grupo_app_cmi_responsable,10,IMPLIED_COMMON:ejecutor;HAS_XMLID_19
138,168,Solicitudes: Rol Revisión del Negocio,Solicitudes,Revisión del Negocio,52,Responsable,16,Materiales e Insumos,102,Preparación Técnica,sicpro_app_materiales_insumos.grupo_app_materiales_insumos_responsable,10,IMPLIED_COMMON:ejecutor;HAS_XMLID_19
138,168,Solicitudes: Rol Revisión del Negocio,Solicitudes,Revisión del Negocio,70,Responsable,22,Seguridad y Salud,97,Capital Humano,sicpro_app_trabajadores.grupo_app_trabajador_seguridad_salud_responsable,10,IMPLIED_COMMON:ejecutor;HAS_XMLID_19
138,168,Solicitudes: Rol Revisión del Negocio,Solicitudes,Revisión del Negocio,88,Responsable,29,Metrología,106,Activos y Herramientas,sicpro_app_metrologia.grupo_app_metrologia_responsable,10,IMPLIED_COMMON:ejecutor;HAS_XMLID_19
138,168,Solicitudes: Rol Revisión del Negocio,Solicitudes,Revisión del Negocio,110,Responsable,34,Soporte,113,Soporte Técnico,sicpro_app_soporte.group_soporte_responsable,10,IMPLIED_COMMON:ejecutor;HAS_XMLID_19
138,168,Solicitudes: Rol Revisión del Negocio,Solicitudes,Revisión del Negocio,115,Responsable,36,Transporte,98,Transportación,sicpro_app_transporte.grupo_app_transporte_responsable,10,IMPLIED_COMMON:ejecutor;HAS_XMLID_19
138,168,Solicitudes: Rol Revisión del Negocio,Solicitudes,Revisión del Negocio,121,Responsable,38,Víveres Logística,111,Alimentación,sicpro_app_viveres.grupo_app_viveres_resumen_responsable,10,IMPLIED_COMMON:ejecutor;HAS_XMLID_19
138,168,Solicitudes: Rol Revisión del Negocio,Solicitudes,Revisión del Negocio,125,Jefe,39,Víveres Áreas,111,Alimentación,sicpro_app_viveres.grupo_app_viveres_areas_responsable,10,IMPLIED_COMMON:ejecutor;HAS_XMLID_19
138,168,Solicitudes: Rol Revisión del Negocio,Solicitudes,Revisión del Negocio,128,Responsable,40,Clientes,101,Solicitudes de Obras,sicpro_app_clientes.grupo_app_clientes_responsable,10,IMPLIED_COMMON:ejecutor;HAS_XMLID_19
138,168,Solicitudes: Rol Revisión del Negocio,Solicitudes,Revisión del Negocio,146,Territorial,45,Inversionistas,101,Solicitudes de Obras,sicpro_app_solicitudes.grupo_app_iniciativas_territorios,10,IMPLIED_COMMON:ejecutor;HAS_XMLID_19
139,169,Solicitudes: Rol Distribuidor,Solicitudes,Distribuidor,141,Usuarios,44,Solicitudes,101,Solicitudes de Obras,sicpro_app_solicitudes.grupo_app_solicitud_usuario,50,PRIVILEGE_EXACT;HAS_XMLID_19
139,169,Solicitudes: Rol Distribuidor,Solicitudes,Distribuidor,142,Administrativos,44,Solicitudes,101,Solicitudes de Obras,sicpro_app_solicitudes.grupo_app_solicitud_usuario_vertodo,50,PRIVILEGE_EXACT;HAS_XMLID_19
139,169,Solicitudes: Rol Distribuidor,Solicitudes,Distribuidor,143,Responsable,44,Solicitudes,101,Solicitudes de Obras,sicpro_app_solicitudes.grupo_app_solicitud_responsable,50,PRIVILEGE_EXACT;HAS_XMLID_19
139,169,Solicitudes: Rol Distribuidor,Solicitudes,Distribuidor,144,Administrador,44,Solicitudes,101,Solicitudes de Obras,sicpro_app_solicitudes.grupo_app_solicitud_admin,50,PRIVILEGE_EXACT;HAS_XMLID_19
139,169,Solicitudes: Rol Distribuidor,Solicitudes,Distribuidor,1,Role / User,,,,,base.group_user,25,PRIVILEGE_PARTIAL;HAS_XMLID_19
139,169,Solicitudes: Rol Distribuidor,Solicitudes,Distribuidor,2,Access Rights,,,,,base.group_erp_manager,25,PRIVILEGE_PARTIAL;HAS_XMLID_19
139,169,Solicitudes: Rol Distribuidor,Solicitudes,Distribuidor,3,Bypass HTML Field Sanitize,,,,,base.group_sanitize_override,25,PRIVILEGE_PARTIAL;HAS_XMLID_19
139,169,Solicitudes: Rol Distribuidor,Solicitudes,Distribuidor,4,Role / Administrator,,,,,base.group_system,25,PRIVILEGE_PARTIAL;HAS_XMLID_19
139,169,Solicitudes: Rol Distribuidor,Solicitudes,Distribuidor,5,Multi Companies,,,,,base.group_multi_company,25,PRIVILEGE_PARTIAL;HAS_XMLID_19
139,169,Solicitudes: Rol Distribuidor,Solicitudes,Distribuidor,6,Multi Currencies,,,,,base.group_multi_currency,25,PRIVILEGE_PARTIAL;HAS_XMLID_19
139,169,Solicitudes: Rol Distribuidor,Solicitudes,Distribuidor,7,Technical Features,,,,,base.group_no_one,25,PRIVILEGE_PARTIAL;HAS_XMLID_19
139,169,Solicitudes: Rol Distribuidor,Solicitudes,Distribuidor,10,Role / Portal,,,,,base.group_portal,25,PRIVILEGE_PARTIAL;HAS_XMLID_19
139,169,Solicitudes: Rol Distribuidor,Solicitudes,Distribuidor,11,Role / Public,,,,,base.group_public,25,PRIVILEGE_PARTIAL;HAS_XMLID_19
139,169,Solicitudes: Rol Distribuidor,Solicitudes,Distribuidor,12,Default access for new users,,,,,base.default_user_group,25,PRIVILEGE_PARTIAL;HAS_XMLID_19
139,169,Solicitudes: Rol Distribuidor,Solicitudes,Distribuidor,13,Technical Documentation,,,,,api_doc.group_allow_doc,25,PRIVILEGE_PARTIAL;HAS_XMLID_19
139,169,Solicitudes: Rol Distribuidor,Solicitudes,Distribuidor,15,Mail Template Editor,,,,,mail.group_mail_template_editor,25,PRIVILEGE_PARTIAL;HAS_XMLID_19
139,169,Solicitudes: Rol Distribuidor,Solicitudes,Distribuidor,16,Receive notifications in Odoo,,,,,mail.group_mail_notification_type_inbox,25,PRIVILEGE_PARTIAL;HAS_XMLID_19
139,169,Solicitudes: Rol Distribuidor,Solicitudes,Distribuidor,25,Menus y Accesos Obsoletos,,,,,sicpro_app_administracion.grupo_app_administracion_obsoletos,25,PRIVILEGE_PARTIAL;HAS_XMLID_19
139,169,Solicitudes: Rol Distribuidor,Solicitudes,Distribuidor,26,Manage Multiple Units of Measure,,,,,uom.group_uom,25,PRIVILEGE_PARTIAL;HAS_XMLID_19
139,169,Solicitudes: Rol Distribuidor,Solicitudes,Distribuidor,27,Analytic Accounting,,,,,analytic.group_analytic_accounting,25,PRIVILEGE_PARTIAL;HAS_XMLID_19
139,169,Solicitudes: Rol Distribuidor,Solicitudes,Distribuidor,32,Use Stages on Project,,,,,project.group_project_stages,25,PRIVILEGE_PARTIAL;HAS_XMLID_19
139,169,Solicitudes: Rol Distribuidor,Solicitudes,Distribuidor,33,Use Recurring Tasks,,,,,project.group_project_recurring_tasks,25,PRIVILEGE_PARTIAL;HAS_XMLID_19
139,169,Solicitudes: Rol Distribuidor,Solicitudes,Distribuidor,34,Use Task Dependencies,,,,,project.group_project_task_dependencies,25,PRIVILEGE_PARTIAL;HAS_XMLID_19
139,169,Solicitudes: Rol Distribuidor,Solicitudes,Distribuidor,35,Use Milestones,,,,,project.group_project_milestone,25,PRIVILEGE_PARTIAL;HAS_XMLID_19
139,169,Solicitudes: Rol Distribuidor,Solicitudes,Distribuidor,44,Consultas Postgres,,,,,sicpro_modulo_querydb.group_querydeluxe,25,PRIVILEGE_PARTIAL;HAS_XMLID_19
139,169,Solicitudes: Rol Distribuidor,Solicitudes,Distribuidor,105,Usuario,33,Solicitudes de S.I.,107,Servicios Corporativos,sicpro_app_servicios_internos.grupo_app_internos_solicitudes_usuario,25,PRIVILEGE_PARTIAL;HAS_XMLID_19
139,169,Solicitudes: Rol Distribuidor,Solicitudes,Distribuidor,106,Ejecutor de Solicitud,33,Solicitudes de S.I.,107,Servicios Corporativos,sicpro_app_servicios_internos.grupo_app_internos_solicitudes_ejecutor,25,PRIVILEGE_PARTIAL;HAS_XMLID_19
139,169,Solicitudes: Rol Distribuidor,Solicitudes,Distribuidor,107,Revisión de Solicitud,33,Solicitudes de S.I.,107,Servicios Corporativos,sicpro_app_servicios_internos.grupo_app_internos_solicitudes_revision,25,PRIVILEGE_PARTIAL;HAS_XMLID_19
139,169,Solicitudes: Rol Distribuidor,Solicitudes,Distribuidor,108,Validación de Solicitud,33,Solicitudes de S.I.,107,Servicios Corporativos,sicpro_app_servicios_internos.grupo_app_internos_solicitudes_validar,25,PRIVILEGE_PARTIAL;HAS_XMLID_19
139,169,Solicitudes: Rol Distribuidor,Solicitudes,Distribuidor,48,Responsable,15,CMI,108,Gestión de Producción,sicpro_app_cmi.grupo_app_cmi_responsable,10,IMPLIED_COMMON:ejecutor;HAS_XMLID_19
139,169,Solicitudes: Rol Distribuidor,Solicitudes,Distribuidor,52,Responsable,16,Materiales e Insumos,102,Preparación Técnica,sicpro_app_materiales_insumos.grupo_app_materiales_insumos_responsable,10,IMPLIED_COMMON:ejecutor;HAS_XMLID_19
139,169,Solicitudes: Rol Distribuidor,Solicitudes,Distribuidor,70,Responsable,22,Seguridad y Salud,97,Capital Humano,sicpro_app_trabajadores.grupo_app_trabajador_seguridad_salud_responsable,10,IMPLIED_COMMON:ejecutor;HAS_XMLID_19
139,169,Solicitudes: Rol Distribuidor,Solicitudes,Distribuidor,88,Responsable,29,Metrología,106,Activos y Herramientas,sicpro_app_metrologia.grupo_app_metrologia_responsable,10,IMPLIED_COMMON:ejecutor;HAS_XMLID_19
139,169,Solicitudes: Rol Distribuidor,Solicitudes,Distribuidor,110,Responsable,34,Soporte,113,Soporte Técnico,sicpro_app_soporte.group_soporte_responsable,10,IMPLIED_COMMON:ejecutor;HAS_XMLID_19
139,169,Solicitudes: Rol Distribuidor,Solicitudes,Distribuidor,115,Responsable,36,Transporte,98,Transportación,sicpro_app_transporte.grupo_app_transporte_responsable,10,IMPLIED_COMMON:ejecutor;HAS_XMLID_19
139,169,Solicitudes: Rol Distribuidor,Solicitudes,Distribuidor,121,Responsable,38,Víveres Logística,111,Alimentación,sicpro_app_viveres.grupo_app_viveres_resumen_responsable,10,IMPLIED_COMMON:ejecutor;HAS_XMLID_19
139,169,Solicitudes: Rol Distribuidor,Solicitudes,Distribuidor,125,Jefe,39,Víveres Áreas,111,Alimentación,sicpro_app_viveres.grupo_app_viveres_areas_responsable,10,IMPLIED_COMMON:ejecutor;HAS_XMLID_19
139,169,Solicitudes: Rol Distribuidor,Solicitudes,Distribuidor,128,Responsable,40,Clientes,101,Solicitudes de Obras,sicpro_app_clientes.grupo_app_clientes_responsable,10,IMPLIED_COMMON:ejecutor;HAS_XMLID_19
139,169,Solicitudes: Rol Distribuidor,Solicitudes,Distribuidor,146,Territorial,45,Inversionistas,101,Solicitudes de Obras,sicpro_app_solicitudes.grupo_app_iniciativas_territorios,10,IMPLIED_COMMON:ejecutor;HAS_XMLID_19
140,170,Solicitudes: Rol Especialista Responsable,Solicitudes,Especialista Responsable,143,Responsable,44,Solicitudes,101,Solicitudes de Obras,sicpro_app_solicitudes.grupo_app_solicitud_responsable,85,ROLE_NAME_PARTIAL;PRIVILEGE_EXACT;HAS_XMLID_19
140,170,Solicitudes: Rol Especialista Responsable,Solicitudes,Especialista Responsable,144,Administrador,44,Solicitudes,101,Solicitudes de Obras,sicpro_app_solicitudes.grupo_app_solicitud_admin,60,PRIVILEGE_EXACT;IMPLIED_COMMON:responsable;HAS_XMLID_19
140,170,Solicitudes: Rol Especialista Responsable,Solicitudes,Especialista Responsable,141,Usuarios,44,Solicitudes,101,Solicitudes de Obras,sicpro_app_solicitudes.grupo_app_solicitud_usuario,50,PRIVILEGE_EXACT;HAS_XMLID_19
140,170,Solicitudes: Rol Especialista Responsable,Solicitudes,Especialista Responsable,142,Administrativos,44,Solicitudes,101,Solicitudes de Obras,sicpro_app_solicitudes.grupo_app_solicitud_usuario_vertodo,50,PRIVILEGE_EXACT;HAS_XMLID_19
140,170,Solicitudes: Rol Especialista Responsable,Solicitudes,Especialista Responsable,39,Responsable,11,Salón de Clases,107,Servicios Corporativos,sicpro_app_salon_clases.grupo_app_salon_clases_responsable,35,ROLE_NAME_PARTIAL;HAS_XMLID_19
140,170,Solicitudes: Rol Especialista Responsable,Solicitudes,Especialista Responsable,48,Responsable,15,CMI,108,Gestión de Producción,sicpro_app_cmi.grupo_app_cmi_responsable,35,ROLE_NAME_PARTIAL;HAS_XMLID_19
140,170,Solicitudes: Rol Especialista Responsable,Solicitudes,Especialista Responsable,52,Responsable,16,Materiales e Insumos,102,Preparación Técnica,sicpro_app_materiales_insumos.grupo_app_materiales_insumos_responsable,35,ROLE_NAME_PARTIAL;HAS_XMLID_19
140,170,Solicitudes: Rol Especialista Responsable,Solicitudes,Especialista Responsable,57,Responsable,18,Trabajadores,97,Capital Humano,sicpro_app_trabajadores.grupo_app_trabajador_responsable,35,ROLE_NAME_PARTIAL;HAS_XMLID_19
140,170,Solicitudes: Rol Especialista Responsable,Solicitudes,Especialista Responsable,60,Responsable,19,Equipo Técnico,97,Capital Humano,sicpro_app_trabajadores.grupo_app_trabajador_equipos_responsable,35,ROLE_NAME_PARTIAL;HAS_XMLID_19
140,170,Solicitudes: Rol Especialista Responsable,Solicitudes,Especialista Responsable,65,Responsable,20,Disciplinarias,97,Capital Humano,sicpro_app_trabajadores.grupo_app_trabajador_disciplina_responsable,35,ROLE_NAME_PARTIAL;HAS_XMLID_19
140,170,Solicitudes: Rol Especialista Responsable,Solicitudes,Especialista Responsable,68,Responsable,21,Capacitación,97,Capital Humano,sicpro_app_trabajadores.grupo_app_trabajador_capacitacion_responsable,35,ROLE_NAME_PARTIAL;HAS_XMLID_19
140,170,Solicitudes: Rol Especialista Responsable,Solicitudes,Especialista Responsable,70,Responsable,22,Seguridad y Salud,97,Capital Humano,sicpro_app_trabajadores.grupo_app_trabajador_seguridad_salud_responsable,35,ROLE_NAME_PARTIAL;HAS_XMLID_19
140,170,Solicitudes: Rol Especialista Responsable,Solicitudes,Especialista Responsable,75,Responsable,25,Control,109,Control de la información,sicpro_app_control_informacion.grupo_control_informacion_responsable,35,ROLE_NAME_PARTIAL;HAS_XMLID_19
140,170,Solicitudes: Rol Especialista Responsable,Solicitudes,Especialista Responsable,78,Responsable,26,Credenciales,97,Capital Humano,sicpro_app_credenciales.grupo_app_credenciales_responsable,35,ROLE_NAME_PARTIAL;HAS_XMLID_19
140,170,Solicitudes: Rol Especialista Responsable,Solicitudes,Especialista Responsable,82,Responsable,27,Medios Informáticos,112,Informática,sicpro_app_medios_informaticos.grupo_app_medios_informaticos_responsable,35,ROLE_NAME_PARTIAL;HAS_XMLID_19
140,170,Solicitudes: Rol Especialista Responsable,Solicitudes,Especialista Responsable,88,Responsable,29,Metrología,106,Activos y Herramientas,sicpro_app_metrologia.grupo_app_metrologia_responsable,35,ROLE_NAME_PARTIAL;HAS_XMLID_19
140,170,Solicitudes: Rol Especialista Responsable,Solicitudes,Especialista Responsable,93,Responsable,30,Repositorio DVPE.,107,Servicios Corporativos,sicpro_app_repositorio_institucional.group_repositorio_institucional_responsable,35,ROLE_NAME_PARTIAL;HAS_XMLID_19
140,170,Solicitudes: Rol Especialista Responsable,Solicitudes,Especialista Responsable,98,Responsable,31,Reuniones,105,Gestión de Reuniones,sicpro_app_reuniones.group_reuniones_responsable,35,ROLE_NAME_PARTIAL;HAS_XMLID_19
140,170,Solicitudes: Rol Especialista Responsable,Solicitudes,Especialista Responsable,103,Responsable,32,Servicios Internos,107,Servicios Corporativos,sicpro_app_servicios_internos.grupo_app_internos_responsable,35,ROLE_NAME_PARTIAL;HAS_XMLID_19
140,170,Solicitudes: Rol Especialista Responsable,Solicitudes,Especialista Responsable,110,Responsable,34,Soporte,113,Soporte Técnico,sicpro_app_soporte.group_soporte_responsable,35,ROLE_NAME_PARTIAL;HAS_XMLID_19
140,170,Solicitudes: Rol Especialista Responsable,Solicitudes,Especialista Responsable,115,Responsable,36,Transporte,98,Transportación,sicpro_app_transporte.grupo_app_transporte_responsable,35,ROLE_NAME_PARTIAL;HAS_XMLID_19
140,170,Solicitudes: Rol Especialista Responsable,Solicitudes,Especialista Responsable,121,Responsable,38,Víveres Logística,111,Alimentación,sicpro_app_viveres.grupo_app_viveres_resumen_responsable,35,ROLE_NAME_PARTIAL;HAS_XMLID_19
140,170,Solicitudes: Rol Especialista Responsable,Solicitudes,Especialista Responsable,128,Responsable,40,Clientes,101,Solicitudes de Obras,sicpro_app_clientes.grupo_app_clientes_responsable,35,ROLE_NAME_PARTIAL;HAS_XMLID_19
140,170,Solicitudes: Rol Especialista Responsable,Solicitudes,Especialista Responsable,139,Responsable,43,Operaciones,110,Programa de la Vivienda,sicpro_app_programa_viviendas.grupo_app_vivienda_responsable,35,ROLE_NAME_PARTIAL;HAS_XMLID_19
140,170,Solicitudes: Rol Especialista Responsable,Solicitudes,Especialista Responsable,151,Responsable,49,Especialista Ejecutor,101,Solicitudes de Obras,sicpro_app_solicitudes.grupo_app_grupos_ejecutor,35,ROLE_NAME_PARTIAL;HAS_XMLID_19
140,170,Solicitudes: Rol Especialista Responsable,Solicitudes,Especialista Responsable,154,Responsable,50,Usuarios Internos,103,Órdenes de Trabajo,sicpro_app_ordenes_trabajo.grupo_ordenes_responsable,35,ROLE_NAME_PARTIAL;HAS_XMLID_19
140,170,Solicitudes: Rol Especialista Responsable,Solicitudes,Especialista Responsable,167,Responsable,53,Transferencias,104,Gestión de Gastos,sicpro_app_transferencias_gastos.grupo_transferencias_responsable,35,ROLE_NAME_PARTIAL;HAS_XMLID_19
140,170,Solicitudes: Rol Especialista Responsable,Solicitudes,Especialista Responsable,1,Role / User,,,,,base.group_user,25,PRIVILEGE_PARTIAL;HAS_XMLID_19
140,170,Solicitudes: Rol Especialista Responsable,Solicitudes,Especialista Responsable,2,Access Rights,,,,,base.group_erp_manager,25,PRIVILEGE_PARTIAL;HAS_XMLID_19
140,170,Solicitudes: Rol Especialista Responsable,Solicitudes,Especialista Responsable,3,Bypass HTML Field Sanitize,,,,,base.group_sanitize_override,25,PRIVILEGE_PARTIAL;HAS_XMLID_19
140,170,Solicitudes: Rol Especialista Responsable,Solicitudes,Especialista Responsable,4,Role / Administrator,,,,,base.group_system,25,PRIVILEGE_PARTIAL;HAS_XMLID_19
140,170,Solicitudes: Rol Especialista Responsable,Solicitudes,Especialista Responsable,5,Multi Companies,,,,,base.group_multi_company,25,PRIVILEGE_PARTIAL;HAS_XMLID_19
140,170,Solicitudes: Rol Especialista Responsable,Solicitudes,Especialista Responsable,6,Multi Currencies,,,,,base.group_multi_currency,25,PRIVILEGE_PARTIAL;HAS_XMLID_19
140,170,Solicitudes: Rol Especialista Responsable,Solicitudes,Especialista Responsable,7,Technical Features,,,,,base.group_no_one,25,PRIVILEGE_PARTIAL;HAS_XMLID_19
140,170,Solicitudes: Rol Especialista Responsable,Solicitudes,Especialista Responsable,10,Role / Portal,,,,,base.group_portal,25,PRIVILEGE_PARTIAL;HAS_XMLID_19
140,170,Solicitudes: Rol Especialista Responsable,Solicitudes,Especialista Responsable,11,Role / Public,,,,,base.group_public,25,PRIVILEGE_PARTIAL;HAS_XMLID_19
140,170,Solicitudes: Rol Especialista Responsable,Solicitudes,Especialista Responsable,12,Default access for new users,,,,,base.default_user_group,25,PRIVILEGE_PARTIAL;HAS_XMLID_19
140,170,Solicitudes: Rol Especialista Responsable,Solicitudes,Especialista Responsable,13,Technical Documentation,,,,,api_doc.group_allow_doc,25,PRIVILEGE_PARTIAL;HAS_XMLID_19
140,170,Solicitudes: Rol Especialista Responsable,Solicitudes,Especialista Responsable,15,Mail Template Editor,,,,,mail.group_mail_template_editor,25,PRIVILEGE_PARTIAL;HAS_XMLID_19
140,170,Solicitudes: Rol Especialista Responsable,Solicitudes,Especialista Responsable,16,Receive notifications in Odoo,,,,,mail.group_mail_notification_type_inbox,25,PRIVILEGE_PARTIAL;HAS_XMLID_19
140,170,Solicitudes: Rol Especialista Responsable,Solicitudes,Especialista Responsable,25,Menus y Accesos Obsoletos,,,,,sicpro_app_administracion.grupo_app_administracion_obsoletos,25,PRIVILEGE_PARTIAL;HAS_XMLID_19
140,170,Solicitudes: Rol Especialista Responsable,Solicitudes,Especialista Responsable,26,Manage Multiple Units of Measure,,,,,uom.group_uom,25,PRIVILEGE_PARTIAL;HAS_XMLID_19
140,170,Solicitudes: Rol Especialista Responsable,Solicitudes,Especialista Responsable,27,Analytic Accounting,,,,,analytic.group_analytic_accounting,25,PRIVILEGE_PARTIAL;HAS_XMLID_19
140,170,Solicitudes: Rol Especialista Responsable,Solicitudes,Especialista Responsable,32,Use Stages on Project,,,,,project.group_project_stages,25,PRIVILEGE_PARTIAL;HAS_XMLID_19
140,170,Solicitudes: Rol Especialista Responsable,Solicitudes,Especialista Responsable,33,Use Recurring Tasks,,,,,project.group_project_recurring_tasks,25,PRIVILEGE_PARTIAL;HAS_XMLID_19
140,170,Solicitudes: Rol Especialista Responsable,Solicitudes,Especialista Responsable,34,Use Task Dependencies,,,,,project.group_project_task_dependencies,25,PRIVILEGE_PARTIAL;HAS_XMLID_19
140,170,Solicitudes: Rol Especialista Responsable,Solicitudes,Especialista Responsable,35,Use Milestones,,,,,project.group_project_milestone,25,PRIVILEGE_PARTIAL;HAS_XMLID_19
140,170,Solicitudes: Rol Especialista Responsable,Solicitudes,Especialista Responsable,44,Consultas Postgres,,,,,sicpro_modulo_querydb.group_querydeluxe,25,PRIVILEGE_PARTIAL;HAS_XMLID_19
140,170,Solicitudes: Rol Especialista Responsable,Solicitudes,Especialista Responsable,105,Usuario,33,Solicitudes de S.I.,107,Servicios Corporativos,sicpro_app_servicios_internos.grupo_app_internos_solicitudes_usuario,25,PRIVILEGE_PARTIAL;HAS_XMLID_19
140,170,Solicitudes: Rol Especialista Responsable,Solicitudes,Especialista Responsable,106,Ejecutor de Solicitud,33,Solicitudes de S.I.,107,Servicios Corporativos,sicpro_app_servicios_internos.grupo_app_internos_solicitudes_ejecutor,25,PRIVILEGE_PARTIAL;HAS_XMLID_19
140,170,Solicitudes: Rol Especialista Responsable,Solicitudes,Especialista Responsable,107,Revisión de Solicitud,33,Solicitudes de S.I.,107,Servicios Corporativos,sicpro_app_servicios_internos.grupo_app_internos_solicitudes_revision,25,PRIVILEGE_PARTIAL;HAS_XMLID_19
140,170,Solicitudes: Rol Especialista Responsable,Solicitudes,Especialista Responsable,108,Validación de Solicitud,33,Solicitudes de S.I.,107,Servicios Corporativos,sicpro_app_servicios_internos.grupo_app_internos_solicitudes_validar,25,PRIVILEGE_PARTIAL;HAS_XMLID_19
140,170,Solicitudes: Rol Especialista Responsable,Solicitudes,Especialista Responsable,40,Administrador,11,Salón de Clases,107,Servicios Corporativos,sicpro_app_salon_clases.grupo_app_salon_clases_admin,10,IMPLIED_COMMON:responsable;HAS_XMLID_19
140,170,Solicitudes: Rol Especialista Responsable,Solicitudes,Especialista Responsable,49,Administrador,15,CMI,108,Gestión de Producción,sicpro_app_cmi.grupo_app_cmi_admin,10,IMPLIED_COMMON:responsable;HAS_XMLID_19
140,170,Solicitudes: Rol Especialista Responsable,Solicitudes,Especialista Responsable,53,Administrador,16,Materiales e Insumos,102,Preparación Técnica,sicpro_app_materiales_insumos.grupo_app_materiales_insumos_admin,10,IMPLIED_COMMON:responsable;HAS_XMLID_19
140,170,Solicitudes: Rol Especialista Responsable,Solicitudes,Especialista Responsable,58,Administrador,18,Trabajadores,97,Capital Humano,sicpro_app_trabajadores.grupo_app_trabajador_admin,10,IMPLIED_COMMON:responsable;HAS_XMLID_19
140,170,Solicitudes: Rol Especialista Responsable,Solicitudes,Especialista Responsable,61,Administrador,19,Equipo Técnico,97,Capital Humano,sicpro_app_trabajadores.grupo_app_trabajador_equipos_admin,10,IMPLIED_COMMON:responsable;HAS_XMLID_19
140,170,Solicitudes: Rol Especialista Responsable,Solicitudes,Especialista Responsable,66,Administrador,20,Disciplinarias,97,Capital Humano,sicpro_app_trabajadores.grupo_app_trabajador_disciplina_admin,10,IMPLIED_COMMON:responsable;HAS_XMLID_19
140,170,Solicitudes: Rol Especialista Responsable,Solicitudes,Especialista Responsable,76,Administrador,25,Control,109,Control de la información,sicpro_app_control_informacion.grupo_control_informacion_admin,10,IMPLIED_COMMON:responsable;HAS_XMLID_19
140,170,Solicitudes: Rol Especialista Responsable,Solicitudes,Especialista Responsable,79,Administrador,26,Credenciales,97,Capital Humano,sicpro_app_credenciales.grupo_app_credenciales_admin,10,IMPLIED_COMMON:responsable;HAS_XMLID_19
140,170,Solicitudes: Rol Especialista Responsable,Solicitudes,Especialista Responsable,83,Administrador,27,Medios Informáticos,112,Informática,sicpro_app_medios_informaticos.grupo_app_medios_informaticos_admin,10,IMPLIED_COMMON:responsable;HAS_XMLID_19
140,170,Solicitudes: Rol Especialista Responsable,Solicitudes,Especialista Responsable,89,Administrador,29,Metrología,106,Activos y Herramientas,sicpro_app_metrologia.grupo_app_metrologia_admin,10,IMPLIED_COMMON:responsable;HAS_XMLID_19
140,170,Solicitudes: Rol Especialista Responsable,Solicitudes,Especialista Responsable,94,Administrador,30,Repositorio DVPE.,107,Servicios Corporativos,sicpro_app_repositorio_institucional.group_repositorio_institucional_admin,10,IMPLIED_COMMON:responsable;HAS_XMLID_19
140,170,Solicitudes: Rol Especialista Responsable,Solicitudes,Especialista Responsable,99,Administrator,31,Reuniones,105,Gestión de Reuniones,sicpro_app_reuniones.group_reuniones_admin,10,IMPLIED_COMMON:responsable;HAS_XMLID_19
140,170,Solicitudes: Rol Especialista Responsable,Solicitudes,Especialista Responsable,104,Administrador,32,Servicios Internos,107,Servicios Corporativos,sicpro_app_servicios_internos.grupo_app_internos_admin,10,IMPLIED_COMMON:responsable;HAS_XMLID_19
140,170,Solicitudes: Rol Especialista Responsable,Solicitudes,Especialista Responsable,111,Administrador,34,Soporte,113,Soporte Técnico,sicpro_app_soporte.group_soporte_admin,10,IMPLIED_COMMON:responsable;HAS_XMLID_19
140,170,Solicitudes: Rol Especialista Responsable,Solicitudes,Especialista Responsable,116,Administrador,36,Transporte,98,Transportación,sicpro_app_transporte.grupo_app_transporte_admin,10,IMPLIED_COMMON:responsable;HAS_XMLID_19
140,170,Solicitudes: Rol Especialista Responsable,Solicitudes,Especialista Responsable,122,Administrador,38,Víveres Logística,111,Alimentación,sicpro_app_viveres.grupo_app_viveres_admin,10,IMPLIED_COMMON:responsable;HAS_XMLID_19
140,170,Solicitudes: Rol Especialista Responsable,Solicitudes,Especialista Responsable,129,Administrador,40,Clientes,101,Solicitudes de Obras,sicpro_app_clientes.grupo_app_clientes_admin,10,IMPLIED_COMMON:responsable;HAS_XMLID_19
140,170,Solicitudes: Rol Especialista Responsable,Solicitudes,Especialista Responsable,140,Administrador,43,Operaciones,110,Programa de la Vivienda,sicpro_app_programa_viviendas.grupo_app_vivienda_admin,10,IMPLIED_COMMON:responsable;HAS_XMLID_19
140,170,Solicitudes: Rol Especialista Responsable,Solicitudes,Especialista Responsable,155,Administrador,50,Usuarios Internos,103,Órdenes de Trabajo,sicpro_app_ordenes_trabajo.grupo_ordenes_admin,10,IMPLIED_COMMON:responsable;HAS_XMLID_19
140,170,Solicitudes: Rol Especialista Responsable,Solicitudes,Especialista Responsable,168,Administrador,53,Transferencias,104,Gestión de Gastos,sicpro_app_transferencias_gastos.grupo_transferencias_admin,10,IMPLIED_COMMON:responsable;HAS_XMLID_19
142,172,Permiso Especial: Eliminar accesos de usuarios,,Permiso Especial: Eliminar accesos de usuarios,36,Usuario,10,Gestor Documental,107,Servicios Corporativos,sicpro_app_gestor_documental.group_document_user,35,ROLE_NAME_PARTIAL;HAS_XMLID_19
142,172,Permiso Especial: Eliminar accesos de usuarios,,Permiso Especial: Eliminar accesos de usuarios,38,Usuario,11,Salón de Clases,107,Servicios Corporativos,sicpro_app_salon_clases.grupo_app_salon_clases_usuario,35,ROLE_NAME_PARTIAL;HAS_XMLID_19
142,172,Permiso Especial: Eliminar accesos de usuarios,,Permiso Especial: Eliminar accesos de usuarios,41,Usuario,12,Registros de auditoría,115,Registro de auditoría,sicpro_modulo_auditorias.group_auditlog_user,35,ROLE_NAME_PARTIAL;HAS_XMLID_19
142,172,Permiso Especial: Eliminar accesos de usuarios,,Permiso Especial: Eliminar accesos de usuarios,46,Usuarios,15,CMI,108,Gestión de Producción,sicpro_app_cmi.grupo_app_cmi_usuario,35,ROLE_NAME_PARTIAL;HAS_XMLID_19
142,172,Permiso Especial: Eliminar accesos de usuarios,,Permiso Especial: Eliminar accesos de usuarios,50,Usuarios,16,Materiales e Insumos,102,Preparación Técnica,sicpro_app_materiales_insumos.grupo_app_materiales_insumos_usuario,35,ROLE_NAME_PARTIAL;HAS_XMLID_19
142,172,Permiso Especial: Eliminar accesos de usuarios,,Permiso Especial: Eliminar accesos de usuarios,54,Usuarios,17,Usuario del Proceso,97,Capital Humano,sicpro_app_trabajadores.grupo_app_trabajador_usuario_proceso,35,ROLE_NAME_PARTIAL;HAS_XMLID_19
142,172,Permiso Especial: Eliminar accesos de usuarios,,Permiso Especial: Eliminar accesos de usuarios,86,Usuarios,29,Metrología,106,Activos y Herramientas,sicpro_app_metrologia.grupo_app_metrologia_usuario,35,ROLE_NAME_PARTIAL;HAS_XMLID_19
142,172,Permiso Especial: Eliminar accesos de usuarios,,Permiso Especial: Eliminar accesos de usuarios,90,Usuario,30,Repositorio DVPE.,107,Servicios Corporativos,sicpro_app_repositorio_institucional.group_repositorio_institucional_user,35,ROLE_NAME_PARTIAL;HAS_XMLID_19
142,172,Permiso Especial: Eliminar accesos de usuarios,,Permiso Especial: Eliminar accesos de usuarios,95,Usuario,31,Reuniones,105,Gestión de Reuniones,sicpro_app_reuniones.group_reuniones_usuario,35,ROLE_NAME_PARTIAL;HAS_XMLID_19
142,172,Permiso Especial: Eliminar accesos de usuarios,,Permiso Especial: Eliminar accesos de usuarios,100,Usuario,32,Servicios Internos,107,Servicios Corporativos,sicpro_app_servicios_internos.grupo_app_internos_usuario,35,ROLE_NAME_PARTIAL;HAS_XMLID_19
142,172,Permiso Especial: Eliminar accesos de usuarios,,Permiso Especial: Eliminar accesos de usuarios,105,Usuario,33,Solicitudes de S.I.,107,Servicios Corporativos,sicpro_app_servicios_internos.grupo_app_internos_solicitudes_usuario,35,ROLE_NAME_PARTIAL;HAS_XMLID_19
142,172,Permiso Especial: Eliminar accesos de usuarios,,Permiso Especial: Eliminar accesos de usuarios,113,Usuarios,36,Transporte,98,Transportación,sicpro_app_transporte.grupo_app_transporte_usuario,35,ROLE_NAME_PARTIAL;HAS_XMLID_19
142,172,Permiso Especial: Eliminar accesos de usuarios,,Permiso Especial: Eliminar accesos de usuarios,117,Usuarios,37,Piquera,98,Transportación,sicpro_app_transporte.grupo_app_transporte_piquera_usuario,35,ROLE_NAME_PARTIAL;HAS_XMLID_19
142,172,Permiso Especial: Eliminar accesos de usuarios,,Permiso Especial: Eliminar accesos de usuarios,126,Usuarios,40,Clientes,101,Solicitudes de Obras,sicpro_app_clientes.grupo_app_clientes_usuario,35,ROLE_NAME_PARTIAL;HAS_XMLID_19
142,172,Permiso Especial: Eliminar accesos de usuarios,,Permiso Especial: Eliminar accesos de usuarios,130,Usuarios,41,Instrucciones,97,Capital Humano,sicpro_app_instrucciones.grupo_app_instruciones_usuario,35,ROLE_NAME_PARTIAL;HAS_XMLID_19
142,172,Permiso Especial: Eliminar accesos de usuarios,,Permiso Especial: Eliminar accesos de usuarios,134,Usuario,43,Operaciones,110,Programa de la Vivienda,sicpro_app_programa_viviendas.grupo_app_vivienda_visualizar,35,ROLE_NAME_PARTIAL;HAS_XMLID_19
142,172,Permiso Especial: Eliminar accesos de usuarios,,Permiso Especial: Eliminar accesos de usuarios,141,Usuarios,44,Solicitudes,101,Solicitudes de Obras,sicpro_app_solicitudes.grupo_app_solicitud_usuario,35,ROLE_NAME_PARTIAL;HAS_XMLID_19
148,185,CMI: Rol Usuario,CMI,Usuario,46,Usuarios,15,CMI,108,Gestión de Producción,sicpro_app_cmi.grupo_app_cmi_usuario,85,ROLE_NAME_PARTIAL;PRIVILEGE_EXACT;HAS_XMLID_19
148,185,CMI: Rol Usuario,CMI,Usuario,36,Usuario,10,Gestor Documental,107,Servicios Corporativos,sicpro_app_gestor_documental.group_document_user,60,ROLE_NAME_EXACT;HAS_XMLID_19
148,185,CMI: Rol Usuario,CMI,Usuario,38,Usuario,11,Salón de Clases,107,Servicios Corporativos,sicpro_app_salon_clases.grupo_app_salon_clases_usuario,60,ROLE_NAME_EXACT;HAS_XMLID_19
148,185,CMI: Rol Usuario,CMI,Usuario,41,Usuario,12,Registros de auditoría,115,Registro de auditoría,sicpro_modulo_auditorias.group_auditlog_user,60,ROLE_NAME_EXACT;HAS_XMLID_19
148,185,CMI: Rol Usuario,CMI,Usuario,47,Ejecutor,15,CMI,108,Gestión de Producción,sicpro_app_cmi.grupo_app_cmi_ejecutor,60,PRIVILEGE_EXACT;IMPLIED_COMMON:usuarios;HAS_XMLID_19
148,185,CMI: Rol Usuario,CMI,Usuario,90,Usuario,30,Repositorio DVPE.,107,Servicios Corporativos,sicpro_app_repositorio_institucional.group_repositorio_institucional_user,60,ROLE_NAME_EXACT;HAS_XMLID_19
148,185,CMI: Rol Usuario,CMI,Usuario,95,Usuario,31,Reuniones,105,Gestión de Reuniones,sicpro_app_reuniones.group_reuniones_usuario,60,ROLE_NAME_EXACT;HAS_XMLID_19
148,185,CMI: Rol Usuario,CMI,Usuario,100,Usuario,32,Servicios Internos,107,Servicios Corporativos,sicpro_app_servicios_internos.grupo_app_internos_usuario,60,ROLE_NAME_EXACT;HAS_XMLID_19
148,185,CMI: Rol Usuario,CMI,Usuario,105,Usuario,33,Solicitudes de S.I.,107,Servicios Corporativos,sicpro_app_servicios_internos.grupo_app_internos_solicitudes_usuario,60,ROLE_NAME_EXACT;HAS_XMLID_19
148,185,CMI: Rol Usuario,CMI,Usuario,134,Usuario,43,Operaciones,110,Programa de la Vivienda,sicpro_app_programa_viviendas.grupo_app_vivienda_visualizar,60,ROLE_NAME_EXACT;HAS_XMLID_19
148,185,CMI: Rol Usuario,CMI,Usuario,48,Responsable,15,CMI,108,Gestión de Producción,sicpro_app_cmi.grupo_app_cmi_responsable,50,PRIVILEGE_EXACT;HAS_XMLID_19
148,185,CMI: Rol Usuario,CMI,Usuario,49,Administrador,15,CMI,108,Gestión de Producción,sicpro_app_cmi.grupo_app_cmi_admin,50,PRIVILEGE_EXACT;HAS_XMLID_19
148,185,CMI: Rol Usuario,CMI,Usuario,50,Usuarios,16,Materiales e Insumos,102,Preparación Técnica,sicpro_app_materiales_insumos.grupo_app_materiales_insumos_usuario,35,ROLE_NAME_PARTIAL;HAS_XMLID_19
148,185,CMI: Rol Usuario,CMI,Usuario,54,Usuarios,17,Usuario del Proceso,97,Capital Humano,sicpro_app_trabajadores.grupo_app_trabajador_usuario_proceso,35,ROLE_NAME_PARTIAL;HAS_XMLID_19
148,185,CMI: Rol Usuario,CMI,Usuario,86,Usuarios,29,Metrología,106,Activos y Herramientas,sicpro_app_metrologia.grupo_app_metrologia_usuario,35,ROLE_NAME_PARTIAL;HAS_XMLID_19
148,185,CMI: Rol Usuario,CMI,Usuario,113,Usuarios,36,Transporte,98,Transportación,sicpro_app_transporte.grupo_app_transporte_usuario,35,ROLE_NAME_PARTIAL;HAS_XMLID_19
148,185,CMI: Rol Usuario,CMI,Usuario,117,Usuarios,37,Piquera,98,Transportación,sicpro_app_transporte.grupo_app_transporte_piquera_usuario,35,ROLE_NAME_PARTIAL;HAS_XMLID_19
148,185,CMI: Rol Usuario,CMI,Usuario,126,Usuarios,40,Clientes,101,Solicitudes de Obras,sicpro_app_clientes.grupo_app_clientes_usuario,35,ROLE_NAME_PARTIAL;HAS_XMLID_19
148,185,CMI: Rol Usuario,CMI,Usuario,130,Usuarios,41,Instrucciones,97,Capital Humano,sicpro_app_instrucciones.grupo_app_instruciones_usuario,35,ROLE_NAME_PARTIAL;HAS_XMLID_19
148,185,CMI: Rol Usuario,CMI,Usuario,141,Usuarios,44,Solicitudes,101,Solicitudes de Obras,sicpro_app_solicitudes.grupo_app_solicitud_usuario,35,ROLE_NAME_PARTIAL;HAS_XMLID_19
148,185,CMI: Rol Usuario,CMI,Usuario,1,Role / User,,,,,base.group_user,25,PRIVILEGE_PARTIAL;HAS_XMLID_19
148,185,CMI: Rol Usuario,CMI,Usuario,2,Access Rights,,,,,base.group_erp_manager,25,PRIVILEGE_PARTIAL;HAS_XMLID_19
148,185,CMI: Rol Usuario,CMI,Usuario,3,Bypass HTML Field Sanitize,,,,,base.group_sanitize_override,25,PRIVILEGE_PARTIAL;HAS_XMLID_19
148,185,CMI: Rol Usuario,CMI,Usuario,4,Role / Administrator,,,,,base.group_system,25,PRIVILEGE_PARTIAL;HAS_XMLID_19
148,185,CMI: Rol Usuario,CMI,Usuario,5,Multi Companies,,,,,base.group_multi_company,25,PRIVILEGE_PARTIAL;HAS_XMLID_19
148,185,CMI: Rol Usuario,CMI,Usuario,6,Multi Currencies,,,,,base.group_multi_currency,25,PRIVILEGE_PARTIAL;HAS_XMLID_19
148,185,CMI: Rol Usuario,CMI,Usuario,7,Technical Features,,,,,base.group_no_one,25,PRIVILEGE_PARTIAL;HAS_XMLID_19
148,185,CMI: Rol Usuario,CMI,Usuario,10,Role / Portal,,,,,base.group_portal,25,PRIVILEGE_PARTIAL;HAS_XMLID_19
148,185,CMI: Rol Usuario,CMI,Usuario,11,Role / Public,,,,,base.group_public,25,PRIVILEGE_PARTIAL;HAS_XMLID_19
148,185,CMI: Rol Usuario,CMI,Usuario,12,Default access for new users,,,,,base.default_user_group,25,PRIVILEGE_PARTIAL;HAS_XMLID_19
148,185,CMI: Rol Usuario,CMI,Usuario,13,Technical Documentation,,,,,api_doc.group_allow_doc,25,PRIVILEGE_PARTIAL;HAS_XMLID_19
148,185,CMI: Rol Usuario,CMI,Usuario,15,Mail Template Editor,,,,,mail.group_mail_template_editor,25,PRIVILEGE_PARTIAL;HAS_XMLID_19
148,185,CMI: Rol Usuario,CMI,Usuario,16,Receive notifications in Odoo,,,,,mail.group_mail_notification_type_inbox,25,PRIVILEGE_PARTIAL;HAS_XMLID_19
148,185,CMI: Rol Usuario,CMI,Usuario,25,Menus y Accesos Obsoletos,,,,,sicpro_app_administracion.grupo_app_administracion_obsoletos,25,PRIVILEGE_PARTIAL;HAS_XMLID_19
148,185,CMI: Rol Usuario,CMI,Usuario,26,Manage Multiple Units of Measure,,,,,uom.group_uom,25,PRIVILEGE_PARTIAL;HAS_XMLID_19
148,185,CMI: Rol Usuario,CMI,Usuario,27,Analytic Accounting,,,,,analytic.group_analytic_accounting,25,PRIVILEGE_PARTIAL;HAS_XMLID_19
148,185,CMI: Rol Usuario,CMI,Usuario,32,Use Stages on Project,,,,,project.group_project_stages,25,PRIVILEGE_PARTIAL;HAS_XMLID_19
148,185,CMI: Rol Usuario,CMI,Usuario,33,Use Recurring Tasks,,,,,project.group_project_recurring_tasks,25,PRIVILEGE_PARTIAL;HAS_XMLID_19
148,185,CMI: Rol Usuario,CMI,Usuario,34,Use Task Dependencies,,,,,project.group_project_task_dependencies,25,PRIVILEGE_PARTIAL;HAS_XMLID_19
148,185,CMI: Rol Usuario,CMI,Usuario,35,Use Milestones,,,,,project.group_project_milestone,25,PRIVILEGE_PARTIAL;HAS_XMLID_19
148,185,CMI: Rol Usuario,CMI,Usuario,44,Consultas Postgres,,,,,sicpro_modulo_querydb.group_querydeluxe,25,PRIVILEGE_PARTIAL;HAS_XMLID_19
148,185,CMI: Rol Usuario,CMI,Usuario,51,Ejecutor,16,Materiales e Insumos,102,Preparación Técnica,sicpro_app_materiales_insumos.grupo_app_materiales_insumos_ejecutor,10,IMPLIED_COMMON:usuarios;HAS_XMLID_19
148,185,CMI: Rol Usuario,CMI,Usuario,55,Todos los Trabajadores,17,Usuario del Proceso,97,Capital Humano,sicpro_app_trabajadores.grupo_app_trabajador_usuario_todos,10,IMPLIED_COMMON:usuarios;HAS_XMLID_19
148,185,CMI: Rol Usuario,CMI,Usuario,87,Ejecutor,29,Metrología,106,Activos y Herramientas,sicpro_app_metrologia.grupo_app_metrologia_ejecutor,10,IMPLIED_COMMON:usuarios;HAS_XMLID_19
148,185,CMI: Rol Usuario,CMI,Usuario,114,Ejecutor,36,Transporte,98,Transportación,sicpro_app_transporte.grupo_app_transporte_ejecutor,10,IMPLIED_COMMON:usuarios;HAS_XMLID_19
148,185,CMI: Rol Usuario,CMI,Usuario,118,Ejecutor,37,Piquera,98,Transportación,sicpro_app_transporte.grupo_app_transporte_piquera_ejecutor,10,IMPLIED_COMMON:usuarios;HAS_XMLID_19
148,185,CMI: Rol Usuario,CMI,Usuario,127,Ejecutor,40,Clientes,101,Solicitudes de Obras,sicpro_app_clientes.grupo_app_clientes_ejecutor,10,IMPLIED_COMMON:usuarios;HAS_XMLID_19
148,185,CMI: Rol Usuario,CMI,Usuario,131,Instructor,41,Instrucciones,97,Capital Humano,sicpro_app_instrucciones.grupo_app_instruciones_responsable,10,IMPLIED_COMMON:usuarios;HAS_XMLID_19
148,185,CMI: Rol Usuario,CMI,Usuario,142,Administrativos,44,Solicitudes,101,Solicitudes de Obras,sicpro_app_solicitudes.grupo_app_solicitud_usuario_vertodo,10,IMPLIED_COMMON:usuarios;HAS_XMLID_19
149,186,CMI: Rol Ejecutor,CMI,Ejecutor,47,Ejecutor,15,CMI,108,Gestión de Producción,sicpro_app_cmi.grupo_app_cmi_ejecutor,110,ROLE_NAME_EXACT;PRIVILEGE_EXACT;HAS_XMLID_19
149,186,CMI: Rol Ejecutor,CMI,Ejecutor,37,Ejecutor,10,Gestor Documental,107,Servicios Corporativos,sicpro_app_gestor_documental.group_document_manager,60,ROLE_NAME_EXACT;HAS_XMLID_19
149,186,CMI: Rol Ejecutor,CMI,Ejecutor,48,Responsable,15,CMI,108,Gestión de Producción,sicpro_app_cmi.grupo_app_cmi_responsable,60,PRIVILEGE_EXACT;IMPLIED_COMMON:ejecutor;HAS_XMLID_19
149,186,CMI: Rol Ejecutor,CMI,Ejecutor,51,Ejecutor,16,Materiales e Insumos,102,Preparación Técnica,sicpro_app_materiales_insumos.grupo_app_materiales_insumos_ejecutor,60,ROLE_NAME_EXACT;HAS_XMLID_19
149,186,CMI: Rol Ejecutor,CMI,Ejecutor,69,Ejecutor,22,Seguridad y Salud,97,Capital Humano,sicpro_app_trabajadores.grupo_app_trabajador_seguridad_salud,60,ROLE_NAME_EXACT;HAS_XMLID_19
149,186,CMI: Rol Ejecutor,CMI,Ejecutor,72,Ejecutor,23,Ejecutor,109,Control de la información,sicpro_app_control_informacion.grupo_control_informacion_ejecutor,60,ROLE_NAME_EXACT;HAS_XMLID_19
149,186,CMI: Rol Ejecutor,CMI,Ejecutor,87,Ejecutor,29,Metrología,106,Activos y Herramientas,sicpro_app_metrologia.grupo_app_metrologia_ejecutor,60,ROLE_NAME_EXACT;HAS_XMLID_19
149,186,CMI: Rol Ejecutor,CMI,Ejecutor,109,Ejecutor,34,Soporte,113,Soporte Técnico,sicpro_app_soporte.group_soporte_ejecutor,60,ROLE_NAME_EXACT;HAS_XMLID_19
149,186,CMI: Rol Ejecutor,CMI,Ejecutor,114,Ejecutor,36,Transporte,98,Transportación,sicpro_app_transporte.grupo_app_transporte_ejecutor,60,ROLE_NAME_EXACT;HAS_XMLID_19
149,186,CMI: Rol Ejecutor,CMI,Ejecutor,118,Ejecutor,37,Piquera,98,Transportación,sicpro_app_transporte.grupo_app_transporte_piquera_ejecutor,60,ROLE_NAME_EXACT;HAS_XMLID_19
149,186,CMI: Rol Ejecutor,CMI,Ejecutor,120,Ejecutor,38,Víveres Logística,111,Alimentación,sicpro_app_viveres.grupo_app_viveres_resumen_ejecutor,60,ROLE_NAME_EXACT;HAS_XMLID_19
149,186,CMI: Rol Ejecutor,CMI,Ejecutor,124,Ejecutor,39,Víveres Áreas,111,Alimentación,sicpro_app_viveres.grupo_app_viveres_areas_ejecutor,60,ROLE_NAME_EXACT;HAS_XMLID_19
149,186,CMI: Rol Ejecutor,CMI,Ejecutor,127,Ejecutor,40,Clientes,101,Solicitudes de Obras,sicpro_app_clientes.grupo_app_clientes_ejecutor,60,ROLE_NAME_EXACT;HAS_XMLID_19
149,186,CMI: Rol Ejecutor,CMI,Ejecutor,145,Ejecutor,45,Inversionistas,101,Solicitudes de Obras,sicpro_app_solicitudes.grupo_app_iniciativas_ejecutor,60,ROLE_NAME_EXACT;HAS_XMLID_19
149,186,CMI: Rol Ejecutor,CMI,Ejecutor,147,Ejecutor,46,Negociación,101,Solicitudes de Obras,sicpro_app_solicitudes.grupo_app_negocio_ejecutor,60,ROLE_NAME_EXACT;HAS_XMLID_19
149,186,CMI: Rol Ejecutor,CMI,Ejecutor,148,Ejecutor,47,Revisión del Negocio,101,Solicitudes de Obras,sicpro_app_solicitudes.grupo_app_negocio_pg_ejecutor,60,ROLE_NAME_EXACT;HAS_XMLID_19
149,186,CMI: Rol Ejecutor,CMI,Ejecutor,149,Ejecutor,48,Distribuidores,101,Solicitudes de Obras,sicpro_app_solicitudes.grupo_app_ejecutor_ejecutor,60,ROLE_NAME_EXACT;HAS_XMLID_19
149,186,CMI: Rol Ejecutor,CMI,Ejecutor,46,Usuarios,15,CMI,108,Gestión de Producción,sicpro_app_cmi.grupo_app_cmi_usuario,50,PRIVILEGE_EXACT;HAS_XMLID_19
149,186,CMI: Rol Ejecutor,CMI,Ejecutor,49,Administrador,15,CMI,108,Gestión de Producción,sicpro_app_cmi.grupo_app_cmi_admin,50,PRIVILEGE_EXACT;HAS_XMLID_19
149,186,CMI: Rol Ejecutor,CMI,Ejecutor,101,Ejecutor de Servicios,32,Servicios Internos,107,Servicios Corporativos,sicpro_app_servicios_internos.grupo_app_internos_ejecutor_servicios,35,ROLE_NAME_PARTIAL;HAS_XMLID_19
149,186,CMI: Rol Ejecutor,CMI,Ejecutor,102,Ejecutor Corporativo,32,Servicios Internos,107,Servicios Corporativos,sicpro_app_servicios_internos.grupo_app_internos_ejecutor_interno,35,ROLE_NAME_PARTIAL;HAS_XMLID_19
149,186,CMI: Rol Ejecutor,CMI,Ejecutor,106,Ejecutor de Solicitud,33,Solicitudes de S.I.,107,Servicios Corporativos,sicpro_app_servicios_internos.grupo_app_internos_solicitudes_ejecutor,35,ROLE_NAME_PARTIAL;HAS_XMLID_19
149,186,CMI: Rol Ejecutor,CMI,Ejecutor,164,Gestión del Ejecutor,53,Transferencias,104,Gestión de Gastos,sicpro_app_transferencias_gastos.grupo_transferencias_ejecutores_procesos,35,ROLE_NAME_PARTIAL;HAS_XMLID_19
149,186,CMI: Rol Ejecutor,CMI,Ejecutor,1,Role / User,,,,,base.group_user,25,PRIVILEGE_PARTIAL;HAS_XMLID_19
149,186,CMI: Rol Ejecutor,CMI,Ejecutor,2,Access Rights,,,,,base.group_erp_manager,25,PRIVILEGE_PARTIAL;HAS_XMLID_19
149,186,CMI: Rol Ejecutor,CMI,Ejecutor,3,Bypass HTML Field Sanitize,,,,,base.group_sanitize_override,25,PRIVILEGE_PARTIAL;HAS_XMLID_19
149,186,CMI: Rol Ejecutor,CMI,Ejecutor,4,Role / Administrator,,,,,base.group_system,25,PRIVILEGE_PARTIAL;HAS_XMLID_19
149,186,CMI: Rol Ejecutor,CMI,Ejecutor,5,Multi Companies,,,,,base.group_multi_company,25,PRIVILEGE_PARTIAL;HAS_XMLID_19
149,186,CMI: Rol Ejecutor,CMI,Ejecutor,6,Multi Currencies,,,,,base.group_multi_currency,25,PRIVILEGE_PARTIAL;HAS_XMLID_19
149,186,CMI: Rol Ejecutor,CMI,Ejecutor,7,Technical Features,,,,,base.group_no_one,25,PRIVILEGE_PARTIAL;HAS_XMLID_19
149,186,CMI: Rol Ejecutor,CMI,Ejecutor,10,Role / Portal,,,,,base.group_portal,25,PRIVILEGE_PARTIAL;HAS_XMLID_19
149,186,CMI: Rol Ejecutor,CMI,Ejecutor,11,Role / Public,,,,,base.group_public,25,PRIVILEGE_PARTIAL;HAS_XMLID_19
149,186,CMI: Rol Ejecutor,CMI,Ejecutor,12,Default access for new users,,,,,base.default_user_group,25,PRIVILEGE_PARTIAL;HAS_XMLID_19
149,186,CMI: Rol Ejecutor,CMI,Ejecutor,13,Technical Documentation,,,,,api_doc.group_allow_doc,25,PRIVILEGE_PARTIAL;HAS_XMLID_19
149,186,CMI: Rol Ejecutor,CMI,Ejecutor,15,Mail Template Editor,,,,,mail.group_mail_template_editor,25,PRIVILEGE_PARTIAL;HAS_XMLID_19
149,186,CMI: Rol Ejecutor,CMI,Ejecutor,16,Receive notifications in Odoo,,,,,mail.group_mail_notification_type_inbox,25,PRIVILEGE_PARTIAL;HAS_XMLID_19
149,186,CMI: Rol Ejecutor,CMI,Ejecutor,25,Menus y Accesos Obsoletos,,,,,sicpro_app_administracion.grupo_app_administracion_obsoletos,25,PRIVILEGE_PARTIAL;HAS_XMLID_19
149,186,CMI: Rol Ejecutor,CMI,Ejecutor,26,Manage Multiple Units of Measure,,,,,uom.group_uom,25,PRIVILEGE_PARTIAL;HAS_XMLID_19
149,186,CMI: Rol Ejecutor,CMI,Ejecutor,27,Analytic Accounting,,,,,analytic.group_analytic_accounting,25,PRIVILEGE_PARTIAL;HAS_XMLID_19
149,186,CMI: Rol Ejecutor,CMI,Ejecutor,32,Use Stages on Project,,,,,project.group_project_stages,25,PRIVILEGE_PARTIAL;HAS_XMLID_19
149,186,CMI: Rol Ejecutor,CMI,Ejecutor,33,Use Recurring Tasks,,,,,project.group_project_recurring_tasks,25,PRIVILEGE_PARTIAL;HAS_XMLID_19
149,186,CMI: Rol Ejecutor,CMI,Ejecutor,34,Use Task Dependencies,,,,,project.group_project_task_dependencies,25,PRIVILEGE_PARTIAL;HAS_XMLID_19
149,186,CMI: Rol Ejecutor,CMI,Ejecutor,35,Use Milestones,,,,,project.group_project_milestone,25,PRIVILEGE_PARTIAL;HAS_XMLID_19
149,186,CMI: Rol Ejecutor,CMI,Ejecutor,44,Consultas Postgres,,,,,sicpro_modulo_querydb.group_querydeluxe,25,PRIVILEGE_PARTIAL;HAS_XMLID_19
149,186,CMI: Rol Ejecutor,CMI,Ejecutor,52,Responsable,16,Materiales e Insumos,102,Preparación Técnica,sicpro_app_materiales_insumos.grupo_app_materiales_insumos_responsable,10,IMPLIED_COMMON:ejecutor;HAS_XMLID_19
149,186,CMI: Rol Ejecutor,CMI,Ejecutor,70,Responsable,22,Seguridad y Salud,97,Capital Humano,sicpro_app_trabajadores.grupo_app_trabajador_seguridad_salud_responsable,10,IMPLIED_COMMON:ejecutor;HAS_XMLID_19
149,186,CMI: Rol Ejecutor,CMI,Ejecutor,88,Responsable,29,Metrología,106,Activos y Herramientas,sicpro_app_metrologia.grupo_app_metrologia_responsable,10,IMPLIED_COMMON:ejecutor;HAS_XMLID_19
149,186,CMI: Rol Ejecutor,CMI,Ejecutor,110,Responsable,34,Soporte,113,Soporte Técnico,sicpro_app_soporte.group_soporte_responsable,10,IMPLIED_COMMON:ejecutor;HAS_XMLID_19
149,186,CMI: Rol Ejecutor,CMI,Ejecutor,115,Responsable,36,Transporte,98,Transportación,sicpro_app_transporte.grupo_app_transporte_responsable,10,IMPLIED_COMMON:ejecutor;HAS_XMLID_19
149,186,CMI: Rol Ejecutor,CMI,Ejecutor,121,Responsable,38,Víveres Logística,111,Alimentación,sicpro_app_viveres.grupo_app_viveres_resumen_responsable,10,IMPLIED_COMMON:ejecutor;HAS_XMLID_19
149,186,CMI: Rol Ejecutor,CMI,Ejecutor,125,Jefe,39,Víveres Áreas,111,Alimentación,sicpro_app_viveres.grupo_app_viveres_areas_responsable,10,IMPLIED_COMMON:ejecutor;HAS_XMLID_19
149,186,CMI: Rol Ejecutor,CMI,Ejecutor,128,Responsable,40,Clientes,101,Solicitudes de Obras,sicpro_app_clientes.grupo_app_clientes_responsable,10,IMPLIED_COMMON:ejecutor;HAS_XMLID_19
149,186,CMI: Rol Ejecutor,CMI,Ejecutor,146,Territorial,45,Inversionistas,101,Solicitudes de Obras,sicpro_app_solicitudes.grupo_app_iniciativas_territorios,10,IMPLIED_COMMON:ejecutor;HAS_XMLID_19
150,187,CMI: Rol Responsable,CMI,Responsable,48,Responsable,15,CMI,108,Gestión de Producción,sicpro_app_cmi.grupo_app_cmi_responsable,110,ROLE_NAME_EXACT;PRIVILEGE_EXACT;HAS_XMLID_19
150,187,CMI: Rol Responsable,CMI,Responsable,39,Responsable,11,Salón de Clases,107,Servicios Corporativos,sicpro_app_salon_clases.grupo_app_salon_clases_responsable,60,ROLE_NAME_EXACT;HAS_XMLID_19
150,187,CMI: Rol Responsable,CMI,Responsable,49,Administrador,15,CMI,108,Gestión de Producción,sicpro_app_cmi.grupo_app_cmi_admin,60,PRIVILEGE_EXACT;IMPLIED_COMMON:responsable;HAS_XMLID_19
150,187,CMI: Rol Responsable,CMI,Responsable,52,Responsable,16,Materiales e Insumos,102,Preparación Técnica,sicpro_app_materiales_insumos.grupo_app_materiales_insumos_responsable,60,ROLE_NAME_EXACT;HAS_XMLID_19
150,187,CMI: Rol Responsable,CMI,Responsable,57,Responsable,18,Trabajadores,97,Capital Humano,sicpro_app_trabajadores.grupo_app_trabajador_responsable,60,ROLE_NAME_EXACT;HAS_XMLID_19
150,187,CMI: Rol Responsable,CMI,Responsable,60,Responsable,19,Equipo Técnico,97,Capital Humano,sicpro_app_trabajadores.grupo_app_trabajador_equipos_responsable,60,ROLE_NAME_EXACT;HAS_XMLID_19
150,187,CMI: Rol Responsable,CMI,Responsable,65,Responsable,20,Disciplinarias,97,Capital Humano,sicpro_app_trabajadores.grupo_app_trabajador_disciplina_responsable,60,ROLE_NAME_EXACT;HAS_XMLID_19
150,187,CMI: Rol Responsable,CMI,Responsable,68,Responsable,21,Capacitación,97,Capital Humano,sicpro_app_trabajadores.grupo_app_trabajador_capacitacion_responsable,60,ROLE_NAME_EXACT;HAS_XMLID_19
150,187,CMI: Rol Responsable,CMI,Responsable,70,Responsable,22,Seguridad y Salud,97,Capital Humano,sicpro_app_trabajadores.grupo_app_trabajador_seguridad_salud_responsable,60,ROLE_NAME_EXACT;HAS_XMLID_19
150,187,CMI: Rol Responsable,CMI,Responsable,75,Responsable,25,Control,109,Control de la información,sicpro_app_control_informacion.grupo_control_informacion_responsable,60,ROLE_NAME_EXACT;HAS_XMLID_19
150,187,CMI: Rol Responsable,CMI,Responsable,78,Responsable,26,Credenciales,97,Capital Humano,sicpro_app_credenciales.grupo_app_credenciales_responsable,60,ROLE_NAME_EXACT;HAS_XMLID_19
150,187,CMI: Rol Responsable,CMI,Responsable,82,Responsable,27,Medios Informáticos,112,Informática,sicpro_app_medios_informaticos.grupo_app_medios_informaticos_responsable,60,ROLE_NAME_EXACT;HAS_XMLID_19
150,187,CMI: Rol Responsable,CMI,Responsable,88,Responsable,29,Metrología,106,Activos y Herramientas,sicpro_app_metrologia.grupo_app_metrologia_responsable,60,ROLE_NAME_EXACT;HAS_XMLID_19
150,187,CMI: Rol Responsable,CMI,Responsable,93,Responsable,30,Repositorio DVPE.,107,Servicios Corporativos,sicpro_app_repositorio_institucional.group_repositorio_institucional_responsable,60,ROLE_NAME_EXACT;HAS_XMLID_19
150,187,CMI: Rol Responsable,CMI,Responsable,98,Responsable,31,Reuniones,105,Gestión de Reuniones,sicpro_app_reuniones.group_reuniones_responsable,60,ROLE_NAME_EXACT;HAS_XMLID_19
150,187,CMI: Rol Responsable,CMI,Responsable,103,Responsable,32,Servicios Internos,107,Servicios Corporativos,sicpro_app_servicios_internos.grupo_app_internos_responsable,60,ROLE_NAME_EXACT;HAS_XMLID_19
150,187,CMI: Rol Responsable,CMI,Responsable,110,Responsable,34,Soporte,113,Soporte Técnico,sicpro_app_soporte.group_soporte_responsable,60,ROLE_NAME_EXACT;HAS_XMLID_19
150,187,CMI: Rol Responsable,CMI,Responsable,115,Responsable,36,Transporte,98,Transportación,sicpro_app_transporte.grupo_app_transporte_responsable,60,ROLE_NAME_EXACT;HAS_XMLID_19
150,187,CMI: Rol Responsable,CMI,Responsable,121,Responsable,38,Víveres Logística,111,Alimentación,sicpro_app_viveres.grupo_app_viveres_resumen_responsable,60,ROLE_NAME_EXACT;HAS_XMLID_19
150,187,CMI: Rol Responsable,CMI,Responsable,128,Responsable,40,Clientes,101,Solicitudes de Obras,sicpro_app_clientes.grupo_app_clientes_responsable,60,ROLE_NAME_EXACT;HAS_XMLID_19
150,187,CMI: Rol Responsable,CMI,Responsable,139,Responsable,43,Operaciones,110,Programa de la Vivienda,sicpro_app_programa_viviendas.grupo_app_vivienda_responsable,60,ROLE_NAME_EXACT;HAS_XMLID_19
150,187,CMI: Rol Responsable,CMI,Responsable,143,Responsable,44,Solicitudes,101,Solicitudes de Obras,sicpro_app_solicitudes.grupo_app_solicitud_responsable,60,ROLE_NAME_EXACT;HAS_XMLID_19
150,187,CMI: Rol Responsable,CMI,Responsable,151,Responsable,49,Especialista Ejecutor,101,Solicitudes de Obras,sicpro_app_solicitudes.grupo_app_grupos_ejecutor,60,ROLE_NAME_EXACT;HAS_XMLID_19
150,187,CMI: Rol Responsable,CMI,Responsable,154,Responsable,50,Usuarios Internos,103,Órdenes de Trabajo,sicpro_app_ordenes_trabajo.grupo_ordenes_responsable,60,ROLE_NAME_EXACT;HAS_XMLID_19
150,187,CMI: Rol Responsable,CMI,Responsable,167,Responsable,53,Transferencias,104,Gestión de Gastos,sicpro_app_transferencias_gastos.grupo_transferencias_responsable,60,ROLE_NAME_EXACT;HAS_XMLID_19
150,187,CMI: Rol Responsable,CMI,Responsable,46,Usuarios,15,CMI,108,Gestión de Producción,sicpro_app_cmi.grupo_app_cmi_usuario,50,PRIVILEGE_EXACT;HAS_XMLID_19
150,187,CMI: Rol Responsable,CMI,Responsable,47,Ejecutor,15,CMI,108,Gestión de Producción,sicpro_app_cmi.grupo_app_cmi_ejecutor,50,PRIVILEGE_EXACT;HAS_XMLID_19
150,187,CMI: Rol Responsable,CMI,Responsable,1,Role / User,,,,,base.group_user,25,PRIVILEGE_PARTIAL;HAS_XMLID_19
150,187,CMI: Rol Responsable,CMI,Responsable,2,Access Rights,,,,,base.group_erp_manager,25,PRIVILEGE_PARTIAL;HAS_XMLID_19
150,187,CMI: Rol Responsable,CMI,Responsable,3,Bypass HTML Field Sanitize,,,,,base.group_sanitize_override,25,PRIVILEGE_PARTIAL;HAS_XMLID_19
150,187,CMI: Rol Responsable,CMI,Responsable,4,Role / Administrator,,,,,base.group_system,25,PRIVILEGE_PARTIAL;HAS_XMLID_19
150,187,CMI: Rol Responsable,CMI,Responsable,5,Multi Companies,,,,,base.group_multi_company,25,PRIVILEGE_PARTIAL;HAS_XMLID_19
150,187,CMI: Rol Responsable,CMI,Responsable,6,Multi Currencies,,,,,base.group_multi_currency,25,PRIVILEGE_PARTIAL;HAS_XMLID_19
150,187,CMI: Rol Responsable,CMI,Responsable,7,Technical Features,,,,,base.group_no_one,25,PRIVILEGE_PARTIAL;HAS_XMLID_19
150,187,CMI: Rol Responsable,CMI,Responsable,10,Role / Portal,,,,,base.group_portal,25,PRIVILEGE_PARTIAL;HAS_XMLID_19
150,187,CMI: Rol Responsable,CMI,Responsable,11,Role / Public,,,,,base.group_public,25,PRIVILEGE_PARTIAL;HAS_XMLID_19
150,187,CMI: Rol Responsable,CMI,Responsable,12,Default access for new users,,,,,base.default_user_group,25,PRIVILEGE_PARTIAL;HAS_XMLID_19
150,187,CMI: Rol Responsable,CMI,Responsable,13,Technical Documentation,,,,,api_doc.group_allow_doc,25,PRIVILEGE_PARTIAL;HAS_XMLID_19
150,187,CMI: Rol Responsable,CMI,Responsable,15,Mail Template Editor,,,,,mail.group_mail_template_editor,25,PRIVILEGE_PARTIAL;HAS_XMLID_19
150,187,CMI: Rol Responsable,CMI,Responsable,16,Receive notifications in Odoo,,,,,mail.group_mail_notification_type_inbox,25,PRIVILEGE_PARTIAL;HAS_XMLID_19
150,187,CMI: Rol Responsable,CMI,Responsable,25,Menus y Accesos Obsoletos,,,,,sicpro_app_administracion.grupo_app_administracion_obsoletos,25,PRIVILEGE_PARTIAL;HAS_XMLID_19
150,187,CMI: Rol Responsable,CMI,Responsable,26,Manage Multiple Units of Measure,,,,,uom.group_uom,25,PRIVILEGE_PARTIAL;HAS_XMLID_19
150,187,CMI: Rol Responsable,CMI,Responsable,27,Analytic Accounting,,,,,analytic.group_analytic_accounting,25,PRIVILEGE_PARTIAL;HAS_XMLID_19
150,187,CMI: Rol Responsable,CMI,Responsable,32,Use Stages on Project,,,,,project.group_project_stages,25,PRIVILEGE_PARTIAL;HAS_XMLID_19
150,187,CMI: Rol Responsable,CMI,Responsable,33,Use Recurring Tasks,,,,,project.group_project_recurring_tasks,25,PRIVILEGE_PARTIAL;HAS_XMLID_19
150,187,CMI: Rol Responsable,CMI,Responsable,34,Use Task Dependencies,,,,,project.group_project_task_dependencies,25,PRIVILEGE_PARTIAL;HAS_XMLID_19
150,187,CMI: Rol Responsable,CMI,Responsable,35,Use Milestones,,,,,project.group_project_milestone,25,PRIVILEGE_PARTIAL;HAS_XMLID_19
150,187,CMI: Rol Responsable,CMI,Responsable,44,Consultas Postgres,,,,,sicpro_modulo_querydb.group_querydeluxe,25,PRIVILEGE_PARTIAL;HAS_XMLID_19
150,187,CMI: Rol Responsable,CMI,Responsable,40,Administrador,11,Salón de Clases,107,Servicios Corporativos,sicpro_app_salon_clases.grupo_app_salon_clases_admin,10,IMPLIED_COMMON:responsable;HAS_XMLID_19
150,187,CMI: Rol Responsable,CMI,Responsable,53,Administrador,16,Materiales e Insumos,102,Preparación Técnica,sicpro_app_materiales_insumos.grupo_app_materiales_insumos_admin,10,IMPLIED_COMMON:responsable;HAS_XMLID_19
150,187,CMI: Rol Responsable,CMI,Responsable,58,Administrador,18,Trabajadores,97,Capital Humano,sicpro_app_trabajadores.grupo_app_trabajador_admin,10,IMPLIED_COMMON:responsable;HAS_XMLID_19
150,187,CMI: Rol Responsable,CMI,Responsable,61,Administrador,19,Equipo Técnico,97,Capital Humano,sicpro_app_trabajadores.grupo_app_trabajador_equipos_admin,10,IMPLIED_COMMON:responsable;HAS_XMLID_19
150,187,CMI: Rol Responsable,CMI,Responsable,66,Administrador,20,Disciplinarias,97,Capital Humano,sicpro_app_trabajadores.grupo_app_trabajador_disciplina_admin,10,IMPLIED_COMMON:responsable;HAS_XMLID_19
150,187,CMI: Rol Responsable,CMI,Responsable,76,Administrador,25,Control,109,Control de la información,sicpro_app_control_informacion.grupo_control_informacion_admin,10,IMPLIED_COMMON:responsable;HAS_XMLID_19
150,187,CMI: Rol Responsable,CMI,Responsable,79,Administrador,26,Credenciales,97,Capital Humano,sicpro_app_credenciales.grupo_app_credenciales_admin,10,IMPLIED_COMMON:responsable;HAS_XMLID_19
150,187,CMI: Rol Responsable,CMI,Responsable,83,Administrador,27,Medios Informáticos,112,Informática,sicpro_app_medios_informaticos.grupo_app_medios_informaticos_admin,10,IMPLIED_COMMON:responsable;HAS_XMLID_19
150,187,CMI: Rol Responsable,CMI,Responsable,89,Administrador,29,Metrología,106,Activos y Herramientas,sicpro_app_metrologia.grupo_app_metrologia_admin,10,IMPLIED_COMMON:responsable;HAS_XMLID_19
150,187,CMI: Rol Responsable,CMI,Responsable,94,Administrador,30,Repositorio DVPE.,107,Servicios Corporativos,sicpro_app_repositorio_institucional.group_repositorio_institucional_admin,10,IMPLIED_COMMON:responsable;HAS_XMLID_19
150,187,CMI: Rol Responsable,CMI,Responsable,99,Administrator,31,Reuniones,105,Gestión de Reuniones,sicpro_app_reuniones.group_reuniones_admin,10,IMPLIED_COMMON:responsable;HAS_XMLID_19
150,187,CMI: Rol Responsable,CMI,Responsable,104,Administrador,32,Servicios Internos,107,Servicios Corporativos,sicpro_app_servicios_internos.grupo_app_internos_admin,10,IMPLIED_COMMON:responsable;HAS_XMLID_19
150,187,CMI: Rol Responsable,CMI,Responsable,111,Administrador,34,Soporte,113,Soporte Técnico,sicpro_app_soporte.group_soporte_admin,10,IMPLIED_COMMON:responsable;HAS_XMLID_19
150,187,CMI: Rol Responsable,CMI,Responsable,116,Administrador,36,Transporte,98,Transportación,sicpro_app_transporte.grupo_app_transporte_admin,10,IMPLIED_COMMON:responsable;HAS_XMLID_19
150,187,CMI: Rol Responsable,CMI,Responsable,122,Administrador,38,Víveres Logística,111,Alimentación,sicpro_app_viveres.grupo_app_viveres_admin,10,IMPLIED_COMMON:responsable;HAS_XMLID_19
150,187,CMI: Rol Responsable,CMI,Responsable,129,Administrador,40,Clientes,101,Solicitudes de Obras,sicpro_app_clientes.grupo_app_clientes_admin,10,IMPLIED_COMMON:responsable;HAS_XMLID_19
150,187,CMI: Rol Responsable,CMI,Responsable,140,Administrador,43,Operaciones,110,Programa de la Vivienda,sicpro_app_programa_viviendas.grupo_app_vivienda_admin,10,IMPLIED_COMMON:responsable;HAS_XMLID_19
150,187,CMI: Rol Responsable,CMI,Responsable,144,Administrador,44,Solicitudes,101,Solicitudes de Obras,sicpro_app_solicitudes.grupo_app_solicitud_admin,10,IMPLIED_COMMON:responsable;HAS_XMLID_19
150,187,CMI: Rol Responsable,CMI,Responsable,155,Administrador,50,Usuarios Internos,103,Órdenes de Trabajo,sicpro_app_ordenes_trabajo.grupo_ordenes_admin,10,IMPLIED_COMMON:responsable;HAS_XMLID_19
150,187,CMI: Rol Responsable,CMI,Responsable,168,Administrador,53,Transferencias,104,Gestión de Gastos,sicpro_app_transferencias_gastos.grupo_transferencias_admin,10,IMPLIED_COMMON:responsable;HAS_XMLID_19
151,188,CMI: Rol Administrador,CMI,Administrador,49,Administrador,15,CMI,108,Gestión de Producción,sicpro_app_cmi.grupo_app_cmi_admin,110,ROLE_NAME_EXACT;PRIVILEGE_EXACT;HAS_XMLID_19
151,188,CMI: Rol Administrador,CMI,Administrador,17,Administrador,4,Administrar SICPRO,94,Administración SICPRO ERP,sicpro_app_administracion.grupo_app_administracion_admin,60,ROLE_NAME_EXACT;HAS_XMLID_19
151,188,CMI: Rol Administrador,CMI,Administrador,40,Administrador,11,Salón de Clases,107,Servicios Corporativos,sicpro_app_salon_clases.grupo_app_salon_clases_admin,60,ROLE_NAME_EXACT;HAS_XMLID_19
151,188,CMI: Rol Administrador,CMI,Administrador,42,Administrador,12,Registros de auditoría,115,Registro de auditoría,sicpro_modulo_auditorias.group_auditlog_manager,60,ROLE_NAME_EXACT;HAS_XMLID_19
151,188,CMI: Rol Administrador,CMI,Administrador,43,Administrador,13,Nomencladores,94,Administración SICPRO ERP,sicpro_modulo_nomencladores.grupo_sicpro_nomencladores_admin,60,ROLE_NAME_EXACT;HAS_XMLID_19
151,188,CMI: Rol Administrador,CMI,Administrador,53,Administrador,16,Materiales e Insumos,102,Preparación Técnica,sicpro_app_materiales_insumos.grupo_app_materiales_insumos_admin,60,ROLE_NAME_EXACT;HAS_XMLID_19
151,188,CMI: Rol Administrador,CMI,Administrador,58,Administrador,18,Trabajadores,97,Capital Humano,sicpro_app_trabajadores.grupo_app_trabajador_admin,60,ROLE_NAME_EXACT;HAS_XMLID_19
151,188,CMI: Rol Administrador,CMI,Administrador,61,Administrador,19,Equipo Técnico,97,Capital Humano,sicpro_app_trabajadores.grupo_app_trabajador_equipos_admin,60,ROLE_NAME_EXACT;HAS_XMLID_19
151,188,CMI: Rol Administrador,CMI,Administrador,66,Administrador,20,Disciplinarias,97,Capital Humano,sicpro_app_trabajadores.grupo_app_trabajador_disciplina_admin,60,ROLE_NAME_EXACT;HAS_XMLID_19
151,188,CMI: Rol Administrador,CMI,Administrador,76,Administrador,25,Control,109,Control de la información,sicpro_app_control_informacion.grupo_control_informacion_admin,60,ROLE_NAME_EXACT;HAS_XMLID_19
151,188,CMI: Rol Administrador,CMI,Administrador,79,Administrador,26,Credenciales,97,Capital Humano,sicpro_app_credenciales.grupo_app_credenciales_admin,60,ROLE_NAME_EXACT;HAS_XMLID_19
151,188,CMI: Rol Administrador,CMI,Administrador,83,Administrador,27,Medios Informáticos,112,Informática,sicpro_app_medios_informaticos.grupo_app_medios_informaticos_admin,60,ROLE_NAME_EXACT;HAS_XMLID_19
151,188,CMI: Rol Administrador,CMI,Administrador,89,Administrador,29,Metrología,106,Activos y Herramientas,sicpro_app_metrologia.grupo_app_metrologia_admin,60,ROLE_NAME_EXACT;HAS_XMLID_19
151,188,CMI: Rol Administrador,CMI,Administrador,94,Administrador,30,Repositorio DVPE.,107,Servicios Corporativos,sicpro_app_repositorio_institucional.group_repositorio_institucional_admin,60,ROLE_NAME_EXACT;HAS_XMLID_19
151,188,CMI: Rol Administrador,CMI,Administrador,104,Administrador,32,Servicios Internos,107,Servicios Corporativos,sicpro_app_servicios_internos.grupo_app_internos_admin,60,ROLE_NAME_EXACT;HAS_XMLID_19
151,188,CMI: Rol Administrador,CMI,Administrador,111,Administrador,34,Soporte,113,Soporte Técnico,sicpro_app_soporte.group_soporte_admin,60,ROLE_NAME_EXACT;HAS_XMLID_19
151,188,CMI: Rol Administrador,CMI,Administrador,116,Administrador,36,Transporte,98,Transportación,sicpro_app_transporte.grupo_app_transporte_admin,60,ROLE_NAME_EXACT;HAS_XMLID_19
151,188,CMI: Rol Administrador,CMI,Administrador,122,Administrador,38,Víveres Logística,111,Alimentación,sicpro_app_viveres.grupo_app_viveres_admin,60,ROLE_NAME_EXACT;HAS_XMLID_19
151,188,CMI: Rol Administrador,CMI,Administrador,129,Administrador,40,Clientes,101,Solicitudes de Obras,sicpro_app_clientes.grupo_app_clientes_admin,60,ROLE_NAME_EXACT;HAS_XMLID_19
151,188,CMI: Rol Administrador,CMI,Administrador,132,Administrador,41,Instrucciones,97,Capital Humano,sicpro_app_instrucciones.grupo_app_instruciones_admin,60,ROLE_NAME_EXACT;HAS_XMLID_19
151,188,CMI: Rol Administrador,CMI,Administrador,140,Administrador,43,Operaciones,110,Programa de la Vivienda,sicpro_app_programa_viviendas.grupo_app_vivienda_admin,60,ROLE_NAME_EXACT;HAS_XMLID_19
151,188,CMI: Rol Administrador,CMI,Administrador,144,Administrador,44,Solicitudes,101,Solicitudes de Obras,sicpro_app_solicitudes.grupo_app_solicitud_admin,60,ROLE_NAME_EXACT;HAS_XMLID_19
151,188,CMI: Rol Administrador,CMI,Administrador,155,Administrador,50,Usuarios Internos,103,Órdenes de Trabajo,sicpro_app_ordenes_trabajo.grupo_ordenes_admin,60,ROLE_NAME_EXACT;HAS_XMLID_19
151,188,CMI: Rol Administrador,CMI,Administrador,168,Administrador,53,Transferencias,104,Gestión de Gastos,sicpro_app_transferencias_gastos.grupo_transferencias_admin,60,ROLE_NAME_EXACT;HAS_XMLID_19
151,188,CMI: Rol Administrador,CMI,Administrador,46,Usuarios,15,CMI,108,Gestión de Producción,sicpro_app_cmi.grupo_app_cmi_usuario,50,PRIVILEGE_EXACT;HAS_XMLID_19
151,188,CMI: Rol Administrador,CMI,Administrador,47,Ejecutor,15,CMI,108,Gestión de Producción,sicpro_app_cmi.grupo_app_cmi_ejecutor,50,PRIVILEGE_EXACT;HAS_XMLID_19
151,188,CMI: Rol Administrador,CMI,Administrador,48,Responsable,15,CMI,108,Gestión de Producción,sicpro_app_cmi.grupo_app_cmi_responsable,50,PRIVILEGE_EXACT;HAS_XMLID_19
151,188,CMI: Rol Administrador,CMI,Administrador,4,Role / Administrator,,,,,base.group_system,35,PRIVILEGE_PARTIAL;IMPLIED_COMMON:administrador;HAS_XMLID_19
151,188,CMI: Rol Administrador,CMI,Administrador,1,Role / User,,,,,base.group_user,25,PRIVILEGE_PARTIAL;HAS_XMLID_19
151,188,CMI: Rol Administrador,CMI,Administrador,2,Access Rights,,,,,base.group_erp_manager,25,PRIVILEGE_PARTIAL;HAS_XMLID_19
151,188,CMI: Rol Administrador,CMI,Administrador,3,Bypass HTML Field Sanitize,,,,,base.group_sanitize_override,25,PRIVILEGE_PARTIAL;HAS_XMLID_19
151,188,CMI: Rol Administrador,CMI,Administrador,5,Multi Companies,,,,,base.group_multi_company,25,PRIVILEGE_PARTIAL;HAS_XMLID_19
151,188,CMI: Rol Administrador,CMI,Administrador,6,Multi Currencies,,,,,base.group_multi_currency,25,PRIVILEGE_PARTIAL;HAS_XMLID_19
151,188,CMI: Rol Administrador,CMI,Administrador,7,Technical Features,,,,,base.group_no_one,25,PRIVILEGE_PARTIAL;HAS_XMLID_19
151,188,CMI: Rol Administrador,CMI,Administrador,10,Role / Portal,,,,,base.group_portal,25,PRIVILEGE_PARTIAL;HAS_XMLID_19
151,188,CMI: Rol Administrador,CMI,Administrador,11,Role / Public,,,,,base.group_public,25,PRIVILEGE_PARTIAL;HAS_XMLID_19
151,188,CMI: Rol Administrador,CMI,Administrador,12,Default access for new users,,,,,base.default_user_group,25,PRIVILEGE_PARTIAL;HAS_XMLID_19
151,188,CMI: Rol Administrador,CMI,Administrador,13,Technical Documentation,,,,,api_doc.group_allow_doc,25,PRIVILEGE_PARTIAL;HAS_XMLID_19
151,188,CMI: Rol Administrador,CMI,Administrador,15,Mail Template Editor,,,,,mail.group_mail_template_editor,25,PRIVILEGE_PARTIAL;HAS_XMLID_19
151,188,CMI: Rol Administrador,CMI,Administrador,16,Receive notifications in Odoo,,,,,mail.group_mail_notification_type_inbox,25,PRIVILEGE_PARTIAL;HAS_XMLID_19
151,188,CMI: Rol Administrador,CMI,Administrador,25,Menus y Accesos Obsoletos,,,,,sicpro_app_administracion.grupo_app_administracion_obsoletos,25,PRIVILEGE_PARTIAL;HAS_XMLID_19
151,188,CMI: Rol Administrador,CMI,Administrador,26,Manage Multiple Units of Measure,,,,,uom.group_uom,25,PRIVILEGE_PARTIAL;HAS_XMLID_19
151,188,CMI: Rol Administrador,CMI,Administrador,27,Analytic Accounting,,,,,analytic.group_analytic_accounting,25,PRIVILEGE_PARTIAL;HAS_XMLID_19
151,188,CMI: Rol Administrador,CMI,Administrador,32,Use Stages on Project,,,,,project.group_project_stages,25,PRIVILEGE_PARTIAL;HAS_XMLID_19
151,188,CMI: Rol Administrador,CMI,Administrador,33,Use Recurring Tasks,,,,,project.group_project_recurring_tasks,25,PRIVILEGE_PARTIAL;HAS_XMLID_19
151,188,CMI: Rol Administrador,CMI,Administrador,34,Use Task Dependencies,,,,,project.group_project_task_dependencies,25,PRIVILEGE_PARTIAL;HAS_XMLID_19
151,188,CMI: Rol Administrador,CMI,Administrador,35,Use Milestones,,,,,project.group_project_milestone,25,PRIVILEGE_PARTIAL;HAS_XMLID_19
151,188,CMI: Rol Administrador,CMI,Administrador,44,Consultas Postgres,,,,,sicpro_modulo_querydb.group_querydeluxe,25,PRIVILEGE_PARTIAL;HAS_XMLID_19
152,189,Credenciales: Rol Técnicos,Credenciales,Técnicos,77,Técnicos,26,Credenciales,97,Capital Humano,sicpro_app_credenciales.grupo_app_credenciales_ejecutor,110,ROLE_NAME_EXACT;PRIVILEGE_EXACT;HAS_XMLID_19
152,189,Credenciales: Rol Técnicos,Credenciales,Técnicos,56,Técnicos,18,Trabajadores,97,Capital Humano,sicpro_app_trabajadores.grupo_app_trabajador_ejecutor,60,ROLE_NAME_EXACT;HAS_XMLID_19
152,189,Credenciales: Rol Técnicos,Credenciales,Técnicos,59,Técnicos,19,Equipo Técnico,97,Capital Humano,sicpro_app_trabajadores.grupo_app_trabajador_equipos_usuario,60,ROLE_NAME_EXACT;HAS_XMLID_19
152,189,Credenciales: Rol Técnicos,Credenciales,Técnicos,63,Técnicos,20,Disciplinarias,97,Capital Humano,sicpro_app_trabajadores.grupo_app_trabajador_disciplina_usuario,60,ROLE_NAME_EXACT;HAS_XMLID_19
152,189,Credenciales: Rol Técnicos,Credenciales,Técnicos,78,Responsable,26,Credenciales,97,Capital Humano,sicpro_app_credenciales.grupo_app_credenciales_responsable,60,PRIVILEGE_EXACT;IMPLIED_COMMON:tecnicos;HAS_XMLID_19
152,189,Credenciales: Rol Técnicos,Credenciales,Técnicos,79,Administrador,26,Credenciales,97,Capital Humano,sicpro_app_credenciales.grupo_app_credenciales_admin,50,PRIVILEGE_EXACT;HAS_XMLID_19
152,189,Credenciales: Rol Técnicos,Credenciales,Técnicos,81,Técnico,27,Medios Informáticos,112,Informática,sicpro_app_medios_informaticos.grupo_app_medios_informaticos_inventario_tecnico,35,ROLE_NAME_PARTIAL;HAS_XMLID_19
152,189,Credenciales: Rol Técnicos,Credenciales,Técnicos,85,Técnico,28,Taller,112,Informática,sicpro_app_medios_informaticos.grupo_app_medios_informaticos_taller_tecnico,35,ROLE_NAME_PARTIAL;HAS_XMLID_19
152,189,Credenciales: Rol Técnicos,Credenciales,Técnicos,1,Role / User,,,,,base.group_user,25,PRIVILEGE_PARTIAL;HAS_XMLID_19
152,189,Credenciales: Rol Técnicos,Credenciales,Técnicos,2,Access Rights,,,,,base.group_erp_manager,25,PRIVILEGE_PARTIAL;HAS_XMLID_19
152,189,Credenciales: Rol Técnicos,Credenciales,Técnicos,3,Bypass HTML Field Sanitize,,,,,base.group_sanitize_override,25,PRIVILEGE_PARTIAL;HAS_XMLID_19
152,189,Credenciales: Rol Técnicos,Credenciales,Técnicos,4,Role / Administrator,,,,,base.group_system,25,PRIVILEGE_PARTIAL;HAS_XMLID_19
152,189,Credenciales: Rol Técnicos,Credenciales,Técnicos,5,Multi Companies,,,,,base.group_multi_company,25,PRIVILEGE_PARTIAL;HAS_XMLID_19
152,189,Credenciales: Rol Técnicos,Credenciales,Técnicos,6,Multi Currencies,,,,,base.group_multi_currency,25,PRIVILEGE_PARTIAL;HAS_XMLID_19
152,189,Credenciales: Rol Técnicos,Credenciales,Técnicos,7,Technical Features,,,,,base.group_no_one,25,PRIVILEGE_PARTIAL;HAS_XMLID_19
152,189,Credenciales: Rol Técnicos,Credenciales,Técnicos,10,Role / Portal,,,,,base.group_portal,25,PRIVILEGE_PARTIAL;HAS_XMLID_19
152,189,Credenciales: Rol Técnicos,Credenciales,Técnicos,11,Role / Public,,,,,base.group_public,25,PRIVILEGE_PARTIAL;HAS_XMLID_19
152,189,Credenciales: Rol Técnicos,Credenciales,Técnicos,12,Default access for new users,,,,,base.default_user_group,25,PRIVILEGE_PARTIAL;HAS_XMLID_19
152,189,Credenciales: Rol Técnicos,Credenciales,Técnicos,13,Technical Documentation,,,,,api_doc.group_allow_doc,25,PRIVILEGE_PARTIAL;HAS_XMLID_19
152,189,Credenciales: Rol Técnicos,Credenciales,Técnicos,15,Mail Template Editor,,,,,mail.group_mail_template_editor,25,PRIVILEGE_PARTIAL;HAS_XMLID_19
152,189,Credenciales: Rol Técnicos,Credenciales,Técnicos,16,Receive notifications in Odoo,,,,,mail.group_mail_notification_type_inbox,25,PRIVILEGE_PARTIAL;HAS_XMLID_19
152,189,Credenciales: Rol Técnicos,Credenciales,Técnicos,25,Menus y Accesos Obsoletos,,,,,sicpro_app_administracion.grupo_app_administracion_obsoletos,25,PRIVILEGE_PARTIAL;HAS_XMLID_19
152,189,Credenciales: Rol Técnicos,Credenciales,Técnicos,26,Manage Multiple Units of Measure,,,,,uom.group_uom,25,PRIVILEGE_PARTIAL;HAS_XMLID_19
152,189,Credenciales: Rol Técnicos,Credenciales,Técnicos,27,Analytic Accounting,,,,,analytic.group_analytic_accounting,25,PRIVILEGE_PARTIAL;HAS_XMLID_19
152,189,Credenciales: Rol Técnicos,Credenciales,Técnicos,32,Use Stages on Project,,,,,project.group_project_stages,25,PRIVILEGE_PARTIAL;HAS_XMLID_19
152,189,Credenciales: Rol Técnicos,Credenciales,Técnicos,33,Use Recurring Tasks,,,,,project.group_project_recurring_tasks,25,PRIVILEGE_PARTIAL;HAS_XMLID_19
152,189,Credenciales: Rol Técnicos,Credenciales,Técnicos,34,Use Task Dependencies,,,,,project.group_project_task_dependencies,25,PRIVILEGE_PARTIAL;HAS_XMLID_19
152,189,Credenciales: Rol Técnicos,Credenciales,Técnicos,35,Use Milestones,,,,,project.group_project_milestone,25,PRIVILEGE_PARTIAL;HAS_XMLID_19
152,189,Credenciales: Rol Técnicos,Credenciales,Técnicos,44,Consultas Postgres,,,,,sicpro_modulo_querydb.group_querydeluxe,25,PRIVILEGE_PARTIAL;HAS_XMLID_19
152,189,Credenciales: Rol Técnicos,Credenciales,Técnicos,57,Responsable,18,Trabajadores,97,Capital Humano,sicpro_app_trabajadores.grupo_app_trabajador_responsable,10,IMPLIED_COMMON:tecnicos;HAS_XMLID_19
152,189,Credenciales: Rol Técnicos,Credenciales,Técnicos,60,Responsable,19,Equipo Técnico,97,Capital Humano,sicpro_app_trabajadores.grupo_app_trabajador_equipos_responsable,10,IMPLIED_COMMON:tecnicos;HAS_XMLID_19
152,189,Credenciales: Rol Técnicos,Credenciales,Técnicos,64,Acción Legal,20,Disciplinarias,97,Capital Humano,sicpro_app_trabajadores.grupo_app_trabajador_disciplina_legal,10,IMPLIED_COMMON:tecnicos;HAS_XMLID_19
153,190,Credenciales: Rol Responsable,Credenciales,Responsable,78,Responsable,26,Credenciales,97,Capital Humano,sicpro_app_credenciales.grupo_app_credenciales_responsable,110,ROLE_NAME_EXACT;PRIVILEGE_EXACT;HAS_XMLID_19
153,190,Credenciales: Rol Responsable,Credenciales,Responsable,39,Responsable,11,Salón de Clases,107,Servicios Corporativos,sicpro_app_salon_clases.grupo_app_salon_clases_responsable,60,ROLE_NAME_EXACT;HAS_XMLID_19
153,190,Credenciales: Rol Responsable,Credenciales,Responsable,48,Responsable,15,CMI,108,Gestión de Producción,sicpro_app_cmi.grupo_app_cmi_responsable,60,ROLE_NAME_EXACT;HAS_XMLID_19
153,190,Credenciales: Rol Responsable,Credenciales,Responsable,52,Responsable,16,Materiales e Insumos,102,Preparación Técnica,sicpro_app_materiales_insumos.grupo_app_materiales_insumos_responsable,60,ROLE_NAME_EXACT;HAS_XMLID_19
153,190,Credenciales: Rol Responsable,Credenciales,Responsable,57,Responsable,18,Trabajadores,97,Capital Humano,sicpro_app_trabajadores.grupo_app_trabajador_responsable,60,ROLE_NAME_EXACT;HAS_XMLID_19
153,190,Credenciales: Rol Responsable,Credenciales,Responsable,60,Responsable,19,Equipo Técnico,97,Capital Humano,sicpro_app_trabajadores.grupo_app_trabajador_equipos_responsable,60,ROLE_NAME_EXACT;HAS_XMLID_19
153,190,Credenciales: Rol Responsable,Credenciales,Responsable,65,Responsable,20,Disciplinarias,97,Capital Humano,sicpro_app_trabajadores.grupo_app_trabajador_disciplina_responsable,60,ROLE_NAME_EXACT;HAS_XMLID_19
153,190,Credenciales: Rol Responsable,Credenciales,Responsable,68,Responsable,21,Capacitación,97,Capital Humano,sicpro_app_trabajadores.grupo_app_trabajador_capacitacion_responsable,60,ROLE_NAME_EXACT;HAS_XMLID_19
153,190,Credenciales: Rol Responsable,Credenciales,Responsable,70,Responsable,22,Seguridad y Salud,97,Capital Humano,sicpro_app_trabajadores.grupo_app_trabajador_seguridad_salud_responsable,60,ROLE_NAME_EXACT;HAS_XMLID_19
153,190,Credenciales: Rol Responsable,Credenciales,Responsable,75,Responsable,25,Control,109,Control de la información,sicpro_app_control_informacion.grupo_control_informacion_responsable,60,ROLE_NAME_EXACT;HAS_XMLID_19
153,190,Credenciales: Rol Responsable,Credenciales,Responsable,79,Administrador,26,Credenciales,97,Capital Humano,sicpro_app_credenciales.grupo_app_credenciales_admin,60,PRIVILEGE_EXACT;IMPLIED_COMMON:responsable;HAS_XMLID_19
153,190,Credenciales: Rol Responsable,Credenciales,Responsable,82,Responsable,27,Medios Informáticos,112,Informática,sicpro_app_medios_informaticos.grupo_app_medios_informaticos_responsable,60,ROLE_NAME_EXACT;HAS_XMLID_19
153,190,Credenciales: Rol Responsable,Credenciales,Responsable,88,Responsable,29,Metrología,106,Activos y Herramientas,sicpro_app_metrologia.grupo_app_metrologia_responsable,60,ROLE_NAME_EXACT;HAS_XMLID_19
153,190,Credenciales: Rol Responsable,Credenciales,Responsable,93,Responsable,30,Repositorio DVPE.,107,Servicios Corporativos,sicpro_app_repositorio_institucional.group_repositorio_institucional_responsable,60,ROLE_NAME_EXACT;HAS_XMLID_19
153,190,Credenciales: Rol Responsable,Credenciales,Responsable,98,Responsable,31,Reuniones,105,Gestión de Reuniones,sicpro_app_reuniones.group_reuniones_responsable,60,ROLE_NAME_EXACT;HAS_XMLID_19
153,190,Credenciales: Rol Responsable,Credenciales,Responsable,103,Responsable,32,Servicios Internos,107,Servicios Corporativos,sicpro_app_servicios_internos.grupo_app_internos_responsable,60,ROLE_NAME_EXACT;HAS_XMLID_19
153,190,Credenciales: Rol Responsable,Credenciales,Responsable,110,Responsable,34,Soporte,113,Soporte Técnico,sicpro_app_soporte.group_soporte_responsable,60,ROLE_NAME_EXACT;HAS_XMLID_19
153,190,Credenciales: Rol Responsable,Credenciales,Responsable,115,Responsable,36,Transporte,98,Transportación,sicpro_app_transporte.grupo_app_transporte_responsable,60,ROLE_NAME_EXACT;HAS_XMLID_19
153,190,Credenciales: Rol Responsable,Credenciales,Responsable,121,Responsable,38,Víveres Logística,111,Alimentación,sicpro_app_viveres.grupo_app_viveres_resumen_responsable,60,ROLE_NAME_EXACT;HAS_XMLID_19
153,190,Credenciales: Rol Responsable,Credenciales,Responsable,128,Responsable,40,Clientes,101,Solicitudes de Obras,sicpro_app_clientes.grupo_app_clientes_responsable,60,ROLE_NAME_EXACT;HAS_XMLID_19
153,190,Credenciales: Rol Responsable,Credenciales,Responsable,139,Responsable,43,Operaciones,110,Programa de la Vivienda,sicpro_app_programa_viviendas.grupo_app_vivienda_responsable,60,ROLE_NAME_EXACT;HAS_XMLID_19
153,190,Credenciales: Rol Responsable,Credenciales,Responsable,143,Responsable,44,Solicitudes,101,Solicitudes de Obras,sicpro_app_solicitudes.grupo_app_solicitud_responsable,60,ROLE_NAME_EXACT;HAS_XMLID_19
153,190,Credenciales: Rol Responsable,Credenciales,Responsable,151,Responsable,49,Especialista Ejecutor,101,Solicitudes de Obras,sicpro_app_solicitudes.grupo_app_grupos_ejecutor,60,ROLE_NAME_EXACT;HAS_XMLID_19
153,190,Credenciales: Rol Responsable,Credenciales,Responsable,154,Responsable,50,Usuarios Internos,103,Órdenes de Trabajo,sicpro_app_ordenes_trabajo.grupo_ordenes_responsable,60,ROLE_NAME_EXACT;HAS_XMLID_19
153,190,Credenciales: Rol Responsable,Credenciales,Responsable,167,Responsable,53,Transferencias,104,Gestión de Gastos,sicpro_app_transferencias_gastos.grupo_transferencias_responsable,60,ROLE_NAME_EXACT;HAS_XMLID_19
153,190,Credenciales: Rol Responsable,Credenciales,Responsable,77,Técnicos,26,Credenciales,97,Capital Humano,sicpro_app_credenciales.grupo_app_credenciales_ejecutor,50,PRIVILEGE_EXACT;HAS_XMLID_19
153,190,Credenciales: Rol Responsable,Credenciales,Responsable,1,Role / User,,,,,base.group_user,25,PRIVILEGE_PARTIAL;HAS_XMLID_19
153,190,Credenciales: Rol Responsable,Credenciales,Responsable,2,Access Rights,,,,,base.group_erp_manager,25,PRIVILEGE_PARTIAL;HAS_XMLID_19
153,190,Credenciales: Rol Responsable,Credenciales,Responsable,3,Bypass HTML Field Sanitize,,,,,base.group_sanitize_override,25,PRIVILEGE_PARTIAL;HAS_XMLID_19
153,190,Credenciales: Rol Responsable,Credenciales,Responsable,4,Role / Administrator,,,,,base.group_system,25,PRIVILEGE_PARTIAL;HAS_XMLID_19
153,190,Credenciales: Rol Responsable,Credenciales,Responsable,5,Multi Companies,,,,,base.group_multi_company,25,PRIVILEGE_PARTIAL;HAS_XMLID_19
153,190,Credenciales: Rol Responsable,Credenciales,Responsable,6,Multi Currencies,,,,,base.group_multi_currency,25,PRIVILEGE_PARTIAL;HAS_XMLID_19
153,190,Credenciales: Rol Responsable,Credenciales,Responsable,7,Technical Features,,,,,base.group_no_one,25,PRIVILEGE_PARTIAL;HAS_XMLID_19
153,190,Credenciales: Rol Responsable,Credenciales,Responsable,10,Role / Portal,,,,,base.group_portal,25,PRIVILEGE_PARTIAL;HAS_XMLID_19
153,190,Credenciales: Rol Responsable,Credenciales,Responsable,11,Role / Public,,,,,base.group_public,25,PRIVILEGE_PARTIAL;HAS_XMLID_19
153,190,Credenciales: Rol Responsable,Credenciales,Responsable,12,Default access for new users,,,,,base.default_user_group,25,PRIVILEGE_PARTIAL;HAS_XMLID_19
153,190,Credenciales: Rol Responsable,Credenciales,Responsable,13,Technical Documentation,,,,,api_doc.group_allow_doc,25,PRIVILEGE_PARTIAL;HAS_XMLID_19
153,190,Credenciales: Rol Responsable,Credenciales,Responsable,15,Mail Template Editor,,,,,mail.group_mail_template_editor,25,PRIVILEGE_PARTIAL;HAS_XMLID_19
153,190,Credenciales: Rol Responsable,Credenciales,Responsable,16,Receive notifications in Odoo,,,,,mail.group_mail_notification_type_inbox,25,PRIVILEGE_PARTIAL;HAS_XMLID_19
153,190,Credenciales: Rol Responsable,Credenciales,Responsable,25,Menus y Accesos Obsoletos,,,,,sicpro_app_administracion.grupo_app_administracion_obsoletos,25,PRIVILEGE_PARTIAL;HAS_XMLID_19
153,190,Credenciales: Rol Responsable,Credenciales,Responsable,26,Manage Multiple Units of Measure,,,,,uom.group_uom,25,PRIVILEGE_PARTIAL;HAS_XMLID_19
153,190,Credenciales: Rol Responsable,Credenciales,Responsable,27,Analytic Accounting,,,,,analytic.group_analytic_accounting,25,PRIVILEGE_PARTIAL;HAS_XMLID_19
153,190,Credenciales: Rol Responsable,Credenciales,Responsable,32,Use Stages on Project,,,,,project.group_project_stages,25,PRIVILEGE_PARTIAL;HAS_XMLID_19
153,190,Credenciales: Rol Responsable,Credenciales,Responsable,33,Use Recurring Tasks,,,,,project.group_project_recurring_tasks,25,PRIVILEGE_PARTIAL;HAS_XMLID_19
153,190,Credenciales: Rol Responsable,Credenciales,Responsable,34,Use Task Dependencies,,,,,project.group_project_task_dependencies,25,PRIVILEGE_PARTIAL;HAS_XMLID_19
153,190,Credenciales: Rol Responsable,Credenciales,Responsable,35,Use Milestones,,,,,project.group_project_milestone,25,PRIVILEGE_PARTIAL;HAS_XMLID_19
153,190,Credenciales: Rol Responsable,Credenciales,Responsable,44,Consultas Postgres,,,,,sicpro_modulo_querydb.group_querydeluxe,25,PRIVILEGE_PARTIAL;HAS_XMLID_19
153,190,Credenciales: Rol Responsable,Credenciales,Responsable,40,Administrador,11,Salón de Clases,107,Servicios Corporativos,sicpro_app_salon_clases.grupo_app_salon_clases_admin,10,IMPLIED_COMMON:responsable;HAS_XMLID_19
153,190,Credenciales: Rol Responsable,Credenciales,Responsable,49,Administrador,15,CMI,108,Gestión de Producción,sicpro_app_cmi.grupo_app_cmi_admin,10,IMPLIED_COMMON:responsable;HAS_XMLID_19
153,190,Credenciales: Rol Responsable,Credenciales,Responsable,53,Administrador,16,Materiales e Insumos,102,Preparación Técnica,sicpro_app_materiales_insumos.grupo_app_materiales_insumos_admin,10,IMPLIED_COMMON:responsable;HAS_XMLID_19
153,190,Credenciales: Rol Responsable,Credenciales,Responsable,58,Administrador,18,Trabajadores,97,Capital Humano,sicpro_app_trabajadores.grupo_app_trabajador_admin,10,IMPLIED_COMMON:responsable;HAS_XMLID_19
153,190,Credenciales: Rol Responsable,Credenciales,Responsable,61,Administrador,19,Equipo Técnico,97,Capital Humano,sicpro_app_trabajadores.grupo_app_trabajador_equipos_admin,10,IMPLIED_COMMON:responsable;HAS_XMLID_19
153,190,Credenciales: Rol Responsable,Credenciales,Responsable,66,Administrador,20,Disciplinarias,97,Capital Humano,sicpro_app_trabajadores.grupo_app_trabajador_disciplina_admin,10,IMPLIED_COMMON:responsable;HAS_XMLID_19
153,190,Credenciales: Rol Responsable,Credenciales,Responsable,76,Administrador,25,Control,109,Control de la información,sicpro_app_control_informacion.grupo_control_informacion_admin,10,IMPLIED_COMMON:responsable;HAS_XMLID_19
153,190,Credenciales: Rol Responsable,Credenciales,Responsable,83,Administrador,27,Medios Informáticos,112,Informática,sicpro_app_medios_informaticos.grupo_app_medios_informaticos_admin,10,IMPLIED_COMMON:responsable;HAS_XMLID_19
153,190,Credenciales: Rol Responsable,Credenciales,Responsable,89,Administrador,29,Metrología,106,Activos y Herramientas,sicpro_app_metrologia.grupo_app_metrologia_admin,10,IMPLIED_COMMON:responsable;HAS_XMLID_19
153,190,Credenciales: Rol Responsable,Credenciales,Responsable,94,Administrador,30,Repositorio DVPE.,107,Servicios Corporativos,sicpro_app_repositorio_institucional.group_repositorio_institucional_admin,10,IMPLIED_COMMON:responsable;HAS_XMLID_19
153,190,Credenciales: Rol Responsable,Credenciales,Responsable,99,Administrator,31,Reuniones,105,Gestión de Reuniones,sicpro_app_reuniones.group_reuniones_admin,10,IMPLIED_COMMON:responsable;HAS_XMLID_19
153,190,Credenciales: Rol Responsable,Credenciales,Responsable,104,Administrador,32,Servicios Internos,107,Servicios Corporativos,sicpro_app_servicios_internos.grupo_app_internos_admin,10,IMPLIED_COMMON:responsable;HAS_XMLID_19
153,190,Credenciales: Rol Responsable,Credenciales,Responsable,111,Administrador,34,Soporte,113,Soporte Técnico,sicpro_app_soporte.group_soporte_admin,10,IMPLIED_COMMON:responsable;HAS_XMLID_19
153,190,Credenciales: Rol Responsable,Credenciales,Responsable,116,Administrador,36,Transporte,98,Transportación,sicpro_app_transporte.grupo_app_transporte_admin,10,IMPLIED_COMMON:responsable;HAS_XMLID_19
153,190,Credenciales: Rol Responsable,Credenciales,Responsable,122,Administrador,38,Víveres Logística,111,Alimentación,sicpro_app_viveres.grupo_app_viveres_admin,10,IMPLIED_COMMON:responsable;HAS_XMLID_19
153,190,Credenciales: Rol Responsable,Credenciales,Responsable,129,Administrador,40,Clientes,101,Solicitudes de Obras,sicpro_app_clientes.grupo_app_clientes_admin,10,IMPLIED_COMMON:responsable;HAS_XMLID_19
153,190,Credenciales: Rol Responsable,Credenciales,Responsable,140,Administrador,43,Operaciones,110,Programa de la Vivienda,sicpro_app_programa_viviendas.grupo_app_vivienda_admin,10,IMPLIED_COMMON:responsable;HAS_XMLID_19
153,190,Credenciales: Rol Responsable,Credenciales,Responsable,144,Administrador,44,Solicitudes,101,Solicitudes de Obras,sicpro_app_solicitudes.grupo_app_solicitud_admin,10,IMPLIED_COMMON:responsable;HAS_XMLID_19
153,190,Credenciales: Rol Responsable,Credenciales,Responsable,155,Administrador,50,Usuarios Internos,103,Órdenes de Trabajo,sicpro_app_ordenes_trabajo.grupo_ordenes_admin,10,IMPLIED_COMMON:responsable;HAS_XMLID_19
153,190,Credenciales: Rol Responsable,Credenciales,Responsable,168,Administrador,53,Transferencias,104,Gestión de Gastos,sicpro_app_transferencias_gastos.grupo_transferencias_admin,10,IMPLIED_COMMON:responsable;HAS_XMLID_19
154,191,Credenciales: Rol Administrador,Credenciales,Administrador,79,Administrador,26,Credenciales,97,Capital Humano,sicpro_app_credenciales.grupo_app_credenciales_admin,110,ROLE_NAME_EXACT;PRIVILEGE_EXACT;HAS_XMLID_19
154,191,Credenciales: Rol Administrador,Credenciales,Administrador,17,Administrador,4,Administrar SICPRO,94,Administración SICPRO ERP,sicpro_app_administracion.grupo_app_administracion_admin,60,ROLE_NAME_EXACT;HAS_XMLID_19
154,191,Credenciales: Rol Administrador,Credenciales,Administrador,40,Administrador,11,Salón de Clases,107,Servicios Corporativos,sicpro_app_salon_clases.grupo_app_salon_clases_admin,60,ROLE_NAME_EXACT;HAS_XMLID_19
154,191,Credenciales: Rol Administrador,Credenciales,Administrador,42,Administrador,12,Registros de auditoría,115,Registro de auditoría,sicpro_modulo_auditorias.group_auditlog_manager,60,ROLE_NAME_EXACT;HAS_XMLID_19
154,191,Credenciales: Rol Administrador,Credenciales,Administrador,43,Administrador,13,Nomencladores,94,Administración SICPRO ERP,sicpro_modulo_nomencladores.grupo_sicpro_nomencladores_admin,60,ROLE_NAME_EXACT;HAS_XMLID_19
154,191,Credenciales: Rol Administrador,Credenciales,Administrador,49,Administrador,15,CMI,108,Gestión de Producción,sicpro_app_cmi.grupo_app_cmi_admin,60,ROLE_NAME_EXACT;HAS_XMLID_19
154,191,Credenciales: Rol Administrador,Credenciales,Administrador,53,Administrador,16,Materiales e Insumos,102,Preparación Técnica,sicpro_app_materiales_insumos.grupo_app_materiales_insumos_admin,60,ROLE_NAME_EXACT;HAS_XMLID_19
154,191,Credenciales: Rol Administrador,Credenciales,Administrador,58,Administrador,18,Trabajadores,97,Capital Humano,sicpro_app_trabajadores.grupo_app_trabajador_admin,60,ROLE_NAME_EXACT;HAS_XMLID_19
154,191,Credenciales: Rol Administrador,Credenciales,Administrador,61,Administrador,19,Equipo Técnico,97,Capital Humano,sicpro_app_trabajadores.grupo_app_trabajador_equipos_admin,60,ROLE_NAME_EXACT;HAS_XMLID_19
154,191,Credenciales: Rol Administrador,Credenciales,Administrador,66,Administrador,20,Disciplinarias,97,Capital Humano,sicpro_app_trabajadores.grupo_app_trabajador_disciplina_admin,60,ROLE_NAME_EXACT;HAS_XMLID_19
154,191,Credenciales: Rol Administrador,Credenciales,Administrador,76,Administrador,25,Control,109,Control de la información,sicpro_app_control_informacion.grupo_control_informacion_admin,60,ROLE_NAME_EXACT;HAS_XMLID_19
154,191,Credenciales: Rol Administrador,Credenciales,Administrador,83,Administrador,27,Medios Informáticos,112,Informática,sicpro_app_medios_informaticos.grupo_app_medios_informaticos_admin,60,ROLE_NAME_EXACT;HAS_XMLID_19
154,191,Credenciales: Rol Administrador,Credenciales,Administrador,89,Administrador,29,Metrología,106,Activos y Herramientas,sicpro_app_metrologia.grupo_app_metrologia_admin,60,ROLE_NAME_EXACT;HAS_XMLID_19
154,191,Credenciales: Rol Administrador,Credenciales,Administrador,94,Administrador,30,Repositorio DVPE.,107,Servicios Corporativos,sicpro_app_repositorio_institucional.group_repositorio_institucional_admin,60,ROLE_NAME_EXACT;HAS_XMLID_19
154,191,Credenciales: Rol Administrador,Credenciales,Administrador,104,Administrador,32,Servicios Internos,107,Servicios Corporativos,sicpro_app_servicios_internos.grupo_app_internos_admin,60,ROLE_NAME_EXACT;HAS_XMLID_19
154,191,Credenciales: Rol Administrador,Credenciales,Administrador,111,Administrador,34,Soporte,113,Soporte Técnico,sicpro_app_soporte.group_soporte_admin,60,ROLE_NAME_EXACT;HAS_XMLID_19
154,191,Credenciales: Rol Administrador,Credenciales,Administrador,116,Administrador,36,Transporte,98,Transportación,sicpro_app_transporte.grupo_app_transporte_admin,60,ROLE_NAME_EXACT;HAS_XMLID_19
154,191,Credenciales: Rol Administrador,Credenciales,Administrador,122,Administrador,38,Víveres Logística,111,Alimentación,sicpro_app_viveres.grupo_app_viveres_admin,60,ROLE_NAME_EXACT;HAS_XMLID_19
154,191,Credenciales: Rol Administrador,Credenciales,Administrador,129,Administrador,40,Clientes,101,Solicitudes de Obras,sicpro_app_clientes.grupo_app_clientes_admin,60,ROLE_NAME_EXACT;HAS_XMLID_19
154,191,Credenciales: Rol Administrador,Credenciales,Administrador,132,Administrador,41,Instrucciones,97,Capital Humano,sicpro_app_instrucciones.grupo_app_instruciones_admin,60,ROLE_NAME_EXACT;HAS_XMLID_19
154,191,Credenciales: Rol Administrador,Credenciales,Administrador,140,Administrador,43,Operaciones,110,Programa de la Vivienda,sicpro_app_programa_viviendas.grupo_app_vivienda_admin,60,ROLE_NAME_EXACT;HAS_XMLID_19
154,191,Credenciales: Rol Administrador,Credenciales,Administrador,144,Administrador,44,Solicitudes,101,Solicitudes de Obras,sicpro_app_solicitudes.grupo_app_solicitud_admin,60,ROLE_NAME_EXACT;HAS_XMLID_19
154,191,Credenciales: Rol Administrador,Credenciales,Administrador,155,Administrador,50,Usuarios Internos,103,Órdenes de Trabajo,sicpro_app_ordenes_trabajo.grupo_ordenes_admin,60,ROLE_NAME_EXACT;HAS_XMLID_19
154,191,Credenciales: Rol Administrador,Credenciales,Administrador,168,Administrador,53,Transferencias,104,Gestión de Gastos,sicpro_app_transferencias_gastos.grupo_transferencias_admin,60,ROLE_NAME_EXACT;HAS_XMLID_19
154,191,Credenciales: Rol Administrador,Credenciales,Administrador,77,Técnicos,26,Credenciales,97,Capital Humano,sicpro_app_credenciales.grupo_app_credenciales_ejecutor,50,PRIVILEGE_EXACT;HAS_XMLID_19
154,191,Credenciales: Rol Administrador,Credenciales,Administrador,78,Responsable,26,Credenciales,97,Capital Humano,sicpro_app_credenciales.grupo_app_credenciales_responsable,50,PRIVILEGE_EXACT;HAS_XMLID_19
154,191,Credenciales: Rol Administrador,Credenciales,Administrador,4,Role / Administrator,,,,,base.group_system,35,PRIVILEGE_PARTIAL;IMPLIED_COMMON:administrador;HAS_XMLID_19
154,191,Credenciales: Rol Administrador,Credenciales,Administrador,1,Role / User,,,,,base.group_user,25,PRIVILEGE_PARTIAL;HAS_XMLID_19
154,191,Credenciales: Rol Administrador,Credenciales,Administrador,2,Access Rights,,,,,base.group_erp_manager,25,PRIVILEGE_PARTIAL;HAS_XMLID_19
154,191,Credenciales: Rol Administrador,Credenciales,Administrador,3,Bypass HTML Field Sanitize,,,,,base.group_sanitize_override,25,PRIVILEGE_PARTIAL;HAS_XMLID_19
154,191,Credenciales: Rol Administrador,Credenciales,Administrador,5,Multi Companies,,,,,base.group_multi_company,25,PRIVILEGE_PARTIAL;HAS_XMLID_19
154,191,Credenciales: Rol Administrador,Credenciales,Administrador,6,Multi Currencies,,,,,base.group_multi_currency,25,PRIVILEGE_PARTIAL;HAS_XMLID_19
154,191,Credenciales: Rol Administrador,Credenciales,Administrador,7,Technical Features,,,,,base.group_no_one,25,PRIVILEGE_PARTIAL;HAS_XMLID_19
154,191,Credenciales: Rol Administrador,Credenciales,Administrador,10,Role / Portal,,,,,base.group_portal,25,PRIVILEGE_PARTIAL;HAS_XMLID_19
154,191,Credenciales: Rol Administrador,Credenciales,Administrador,11,Role / Public,,,,,base.group_public,25,PRIVILEGE_PARTIAL;HAS_XMLID_19
154,191,Credenciales: Rol Administrador,Credenciales,Administrador,12,Default access for new users,,,,,base.default_user_group,25,PRIVILEGE_PARTIAL;HAS_XMLID_19
154,191,Credenciales: Rol Administrador,Credenciales,Administrador,13,Technical Documentation,,,,,api_doc.group_allow_doc,25,PRIVILEGE_PARTIAL;HAS_XMLID_19
154,191,Credenciales: Rol Administrador,Credenciales,Administrador,15,Mail Template Editor,,,,,mail.group_mail_template_editor,25,PRIVILEGE_PARTIAL;HAS_XMLID_19
154,191,Credenciales: Rol Administrador,Credenciales,Administrador,16,Receive notifications in Odoo,,,,,mail.group_mail_notification_type_inbox,25,PRIVILEGE_PARTIAL;HAS_XMLID_19
154,191,Credenciales: Rol Administrador,Credenciales,Administrador,25,Menus y Accesos Obsoletos,,,,,sicpro_app_administracion.grupo_app_administracion_obsoletos,25,PRIVILEGE_PARTIAL;HAS_XMLID_19
154,191,Credenciales: Rol Administrador,Credenciales,Administrador,26,Manage Multiple Units of Measure,,,,,uom.group_uom,25,PRIVILEGE_PARTIAL;HAS_XMLID_19
154,191,Credenciales: Rol Administrador,Credenciales,Administrador,27,Analytic Accounting,,,,,analytic.group_analytic_accounting,25,PRIVILEGE_PARTIAL;HAS_XMLID_19
154,191,Credenciales: Rol Administrador,Credenciales,Administrador,32,Use Stages on Project,,,,,project.group_project_stages,25,PRIVILEGE_PARTIAL;HAS_XMLID_19
154,191,Credenciales: Rol Administrador,Credenciales,Administrador,33,Use Recurring Tasks,,,,,project.group_project_recurring_tasks,25,PRIVILEGE_PARTIAL;HAS_XMLID_19
154,191,Credenciales: Rol Administrador,Credenciales,Administrador,34,Use Task Dependencies,,,,,project.group_project_task_dependencies,25,PRIVILEGE_PARTIAL;HAS_XMLID_19
154,191,Credenciales: Rol Administrador,Credenciales,Administrador,35,Use Milestones,,,,,project.group_project_milestone,25,PRIVILEGE_PARTIAL;HAS_XMLID_19
154,191,Credenciales: Rol Administrador,Credenciales,Administrador,44,Consultas Postgres,,,,,sicpro_modulo_querydb.group_querydeluxe,25,PRIVILEGE_PARTIAL;HAS_XMLID_19
156,204,Marketing por Correo: Rol Usuario,Marketing por Correo,Usuario,36,Usuario,10,Gestor Documental,107,Servicios Corporativos,sicpro_app_gestor_documental.group_document_user,60,ROLE_NAME_EXACT;HAS_XMLID_19
156,204,Marketing por Correo: Rol Usuario,Marketing por Correo,Usuario,38,Usuario,11,Salón de Clases,107,Servicios Corporativos,sicpro_app_salon_clases.grupo_app_salon_clases_usuario,60,ROLE_NAME_EXACT;HAS_XMLID_19
156,204,Marketing por Correo: Rol Usuario,Marketing por Correo,Usuario,41,Usuario,12,Registros de auditoría,115,Registro de auditoría,sicpro_modulo_auditorias.group_auditlog_user,60,ROLE_NAME_EXACT;HAS_XMLID_19
156,204,Marketing por Correo: Rol Usuario,Marketing por Correo,Usuario,90,Usuario,30,Repositorio DVPE.,107,Servicios Corporativos,sicpro_app_repositorio_institucional.group_repositorio_institucional_user,60,ROLE_NAME_EXACT;HAS_XMLID_19
156,204,Marketing por Correo: Rol Usuario,Marketing por Correo,Usuario,95,Usuario,31,Reuniones,105,Gestión de Reuniones,sicpro_app_reuniones.group_reuniones_usuario,60,ROLE_NAME_EXACT;HAS_XMLID_19
156,204,Marketing por Correo: Rol Usuario,Marketing por Correo,Usuario,100,Usuario,32,Servicios Internos,107,Servicios Corporativos,sicpro_app_servicios_internos.grupo_app_internos_usuario,60,ROLE_NAME_EXACT;HAS_XMLID_19
156,204,Marketing por Correo: Rol Usuario,Marketing por Correo,Usuario,105,Usuario,33,Solicitudes de S.I.,107,Servicios Corporativos,sicpro_app_servicios_internos.grupo_app_internos_solicitudes_usuario,60,ROLE_NAME_EXACT;HAS_XMLID_19
156,204,Marketing por Correo: Rol Usuario,Marketing por Correo,Usuario,134,Usuario,43,Operaciones,110,Programa de la Vivienda,sicpro_app_programa_viviendas.grupo_app_vivienda_visualizar,60,ROLE_NAME_EXACT;HAS_XMLID_19
156,204,Marketing por Correo: Rol Usuario,Marketing por Correo,Usuario,46,Usuarios,15,CMI,108,Gestión de Producción,sicpro_app_cmi.grupo_app_cmi_usuario,35,ROLE_NAME_PARTIAL;HAS_XMLID_19
156,204,Marketing por Correo: Rol Usuario,Marketing por Correo,Usuario,50,Usuarios,16,Materiales e Insumos,102,Preparación Técnica,sicpro_app_materiales_insumos.grupo_app_materiales_insumos_usuario,35,ROLE_NAME_PARTIAL;HAS_XMLID_19
156,204,Marketing por Correo: Rol Usuario,Marketing por Correo,Usuario,54,Usuarios,17,Usuario del Proceso,97,Capital Humano,sicpro_app_trabajadores.grupo_app_trabajador_usuario_proceso,35,ROLE_NAME_PARTIAL;HAS_XMLID_19
156,204,Marketing por Correo: Rol Usuario,Marketing por Correo,Usuario,86,Usuarios,29,Metrología,106,Activos y Herramientas,sicpro_app_metrologia.grupo_app_metrologia_usuario,35,ROLE_NAME_PARTIAL;HAS_XMLID_19
156,204,Marketing por Correo: Rol Usuario,Marketing por Correo,Usuario,113,Usuarios,36,Transporte,98,Transportación,sicpro_app_transporte.grupo_app_transporte_usuario,35,ROLE_NAME_PARTIAL;HAS_XMLID_19
156,204,Marketing por Correo: Rol Usuario,Marketing por Correo,Usuario,117,Usuarios,37,Piquera,98,Transportación,sicpro_app_transporte.grupo_app_transporte_piquera_usuario,35,ROLE_NAME_PARTIAL;HAS_XMLID_19
156,204,Marketing por Correo: Rol Usuario,Marketing por Correo,Usuario,126,Usuarios,40,Clientes,101,Solicitudes de Obras,sicpro_app_clientes.grupo_app_clientes_usuario,35,ROLE_NAME_PARTIAL;HAS_XMLID_19
156,204,Marketing por Correo: Rol Usuario,Marketing por Correo,Usuario,130,Usuarios,41,Instrucciones,97,Capital Humano,sicpro_app_instrucciones.grupo_app_instruciones_usuario,35,ROLE_NAME_PARTIAL;HAS_XMLID_19
156,204,Marketing por Correo: Rol Usuario,Marketing por Correo,Usuario,141,Usuarios,44,Solicitudes,101,Solicitudes de Obras,sicpro_app_solicitudes.grupo_app_solicitud_usuario,35,ROLE_NAME_PARTIAL;HAS_XMLID_19
156,204,Marketing por Correo: Rol Usuario,Marketing por Correo,Usuario,1,Role / User,,,,,base.group_user,25,PRIVILEGE_PARTIAL;HAS_XMLID_19
156,204,Marketing por Correo: Rol Usuario,Marketing por Correo,Usuario,2,Access Rights,,,,,base.group_erp_manager,25,PRIVILEGE_PARTIAL;HAS_XMLID_19
156,204,Marketing por Correo: Rol Usuario,Marketing por Correo,Usuario,3,Bypass HTML Field Sanitize,,,,,base.group_sanitize_override,25,PRIVILEGE_PARTIAL;HAS_XMLID_19
156,204,Marketing por Correo: Rol Usuario,Marketing por Correo,Usuario,4,Role / Administrator,,,,,base.group_system,25,PRIVILEGE_PARTIAL;HAS_XMLID_19
156,204,Marketing por Correo: Rol Usuario,Marketing por Correo,Usuario,5,Multi Companies,,,,,base.group_multi_company,25,PRIVILEGE_PARTIAL;HAS_XMLID_19
156,204,Marketing por Correo: Rol Usuario,Marketing por Correo,Usuario,6,Multi Currencies,,,,,base.group_multi_currency,25,PRIVILEGE_PARTIAL;HAS_XMLID_19
156,204,Marketing por Correo: Rol Usuario,Marketing por Correo,Usuario,7,Technical Features,,,,,base.group_no_one,25,PRIVILEGE_PARTIAL;HAS_XMLID_19
156,204,Marketing por Correo: Rol Usuario,Marketing por Correo,Usuario,10,Role / Portal,,,,,base.group_portal,25,PRIVILEGE_PARTIAL;HAS_XMLID_19
156,204,Marketing por Correo: Rol Usuario,Marketing por Correo,Usuario,11,Role / Public,,,,,base.group_public,25,PRIVILEGE_PARTIAL;HAS_XMLID_19
156,204,Marketing por Correo: Rol Usuario,Marketing por Correo,Usuario,12,Default access for new users,,,,,base.default_user_group,25,PRIVILEGE_PARTIAL;HAS_XMLID_19
156,204,Marketing por Correo: Rol Usuario,Marketing por Correo,Usuario,13,Technical Documentation,,,,,api_doc.group_allow_doc,25,PRIVILEGE_PARTIAL;HAS_XMLID_19
156,204,Marketing por Correo: Rol Usuario,Marketing por Correo,Usuario,15,Mail Template Editor,,,,,mail.group_mail_template_editor,25,PRIVILEGE_PARTIAL;HAS_XMLID_19
156,204,Marketing por Correo: Rol Usuario,Marketing por Correo,Usuario,16,Receive notifications in Odoo,,,,,mail.group_mail_notification_type_inbox,25,PRIVILEGE_PARTIAL;HAS_XMLID_19
156,204,Marketing por Correo: Rol Usuario,Marketing por Correo,Usuario,25,Menus y Accesos Obsoletos,,,,,sicpro_app_administracion.grupo_app_administracion_obsoletos,25,PRIVILEGE_PARTIAL;HAS_XMLID_19
156,204,Marketing por Correo: Rol Usuario,Marketing por Correo,Usuario,26,Manage Multiple Units of Measure,,,,,uom.group_uom,25,PRIVILEGE_PARTIAL;HAS_XMLID_19
156,204,Marketing por Correo: Rol Usuario,Marketing por Correo,Usuario,27,Analytic Accounting,,,,,analytic.group_analytic_accounting,25,PRIVILEGE_PARTIAL;HAS_XMLID_19
156,204,Marketing por Correo: Rol Usuario,Marketing por Correo,Usuario,32,Use Stages on Project,,,,,project.group_project_stages,25,PRIVILEGE_PARTIAL;HAS_XMLID_19
156,204,Marketing por Correo: Rol Usuario,Marketing por Correo,Usuario,33,Use Recurring Tasks,,,,,project.group_project_recurring_tasks,25,PRIVILEGE_PARTIAL;HAS_XMLID_19
156,204,Marketing por Correo: Rol Usuario,Marketing por Correo,Usuario,34,Use Task Dependencies,,,,,project.group_project_task_dependencies,25,PRIVILEGE_PARTIAL;HAS_XMLID_19
156,204,Marketing por Correo: Rol Usuario,Marketing por Correo,Usuario,35,Use Milestones,,,,,project.group_project_milestone,25,PRIVILEGE_PARTIAL;HAS_XMLID_19
156,204,Marketing por Correo: Rol Usuario,Marketing por Correo,Usuario,44,Consultas Postgres,,,,,sicpro_modulo_querydb.group_querydeluxe,25,PRIVILEGE_PARTIAL;HAS_XMLID_19
156,204,Marketing por Correo: Rol Usuario,Marketing por Correo,Usuario,29,Administrator,8,Surveys,19,Marketing,survey.group_survey_manager,10,IMPLIED_COMMON:user;HAS_XMLID_19
156,204,Marketing por Correo: Rol Usuario,Marketing por Correo,Usuario,31,Administrator,9,Project,28,Services,project.group_project_manager,10,IMPLIED_COMMON:user;HAS_XMLID_19
157,205,Salón de Clases: Rol Usuario,Salón de Clases,Usuario,38,Usuario,11,Salón de Clases,107,Servicios Corporativos,sicpro_app_salon_clases.grupo_app_salon_clases_usuario,110,ROLE_NAME_EXACT;PRIVILEGE_EXACT;HAS_XMLID_19
157,205,Salón de Clases: Rol Usuario,Salón de Clases,Usuario,36,Usuario,10,Gestor Documental,107,Servicios Corporativos,sicpro_app_gestor_documental.group_document_user,60,ROLE_NAME_EXACT;HAS_XMLID_19
157,205,Salón de Clases: Rol Usuario,Salón de Clases,Usuario,39,Responsable,11,Salón de Clases,107,Servicios Corporativos,sicpro_app_salon_clases.grupo_app_salon_clases_responsable,60,PRIVILEGE_EXACT;IMPLIED_COMMON:usuario;HAS_XMLID_19
157,205,Salón de Clases: Rol Usuario,Salón de Clases,Usuario,41,Usuario,12,Registros de auditoría,115,Registro de auditoría,sicpro_modulo_auditorias.group_auditlog_user,60,ROLE_NAME_EXACT;HAS_XMLID_19
157,205,Salón de Clases: Rol Usuario,Salón de Clases,Usuario,90,Usuario,30,Repositorio DVPE.,107,Servicios Corporativos,sicpro_app_repositorio_institucional.group_repositorio_institucional_user,60,ROLE_NAME_EXACT;HAS_XMLID_19
157,205,Salón de Clases: Rol Usuario,Salón de Clases,Usuario,95,Usuario,31,Reuniones,105,Gestión de Reuniones,sicpro_app_reuniones.group_reuniones_usuario,60,ROLE_NAME_EXACT;HAS_XMLID_19
157,205,Salón de Clases: Rol Usuario,Salón de Clases,Usuario,100,Usuario,32,Servicios Internos,107,Servicios Corporativos,sicpro_app_servicios_internos.grupo_app_internos_usuario,60,ROLE_NAME_EXACT;HAS_XMLID_19
157,205,Salón de Clases: Rol Usuario,Salón de Clases,Usuario,105,Usuario,33,Solicitudes de S.I.,107,Servicios Corporativos,sicpro_app_servicios_internos.grupo_app_internos_solicitudes_usuario,60,ROLE_NAME_EXACT;HAS_XMLID_19
157,205,Salón de Clases: Rol Usuario,Salón de Clases,Usuario,134,Usuario,43,Operaciones,110,Programa de la Vivienda,sicpro_app_programa_viviendas.grupo_app_vivienda_visualizar,60,ROLE_NAME_EXACT;HAS_XMLID_19
157,205,Salón de Clases: Rol Usuario,Salón de Clases,Usuario,40,Administrador,11,Salón de Clases,107,Servicios Corporativos,sicpro_app_salon_clases.grupo_app_salon_clases_admin,50,PRIVILEGE_EXACT;HAS_XMLID_19
157,205,Salón de Clases: Rol Usuario,Salón de Clases,Usuario,46,Usuarios,15,CMI,108,Gestión de Producción,sicpro_app_cmi.grupo_app_cmi_usuario,35,ROLE_NAME_PARTIAL;HAS_XMLID_19
157,205,Salón de Clases: Rol Usuario,Salón de Clases,Usuario,50,Usuarios,16,Materiales e Insumos,102,Preparación Técnica,sicpro_app_materiales_insumos.grupo_app_materiales_insumos_usuario,35,ROLE_NAME_PARTIAL;HAS_XMLID_19
157,205,Salón de Clases: Rol Usuario,Salón de Clases,Usuario,54,Usuarios,17,Usuario del Proceso,97,Capital Humano,sicpro_app_trabajadores.grupo_app_trabajador_usuario_proceso,35,ROLE_NAME_PARTIAL;HAS_XMLID_19
157,205,Salón de Clases: Rol Usuario,Salón de Clases,Usuario,86,Usuarios,29,Metrología,106,Activos y Herramientas,sicpro_app_metrologia.grupo_app_metrologia_usuario,35,ROLE_NAME_PARTIAL;HAS_XMLID_19
157,205,Salón de Clases: Rol Usuario,Salón de Clases,Usuario,113,Usuarios,36,Transporte,98,Transportación,sicpro_app_transporte.grupo_app_transporte_usuario,35,ROLE_NAME_PARTIAL;HAS_XMLID_19
157,205,Salón de Clases: Rol Usuario,Salón de Clases,Usuario,117,Usuarios,37,Piquera,98,Transportación,sicpro_app_transporte.grupo_app_transporte_piquera_usuario,35,ROLE_NAME_PARTIAL;HAS_XMLID_19
157,205,Salón de Clases: Rol Usuario,Salón de Clases,Usuario,126,Usuarios,40,Clientes,101,Solicitudes de Obras,sicpro_app_clientes.grupo_app_clientes_usuario,35,ROLE_NAME_PARTIAL;HAS_XMLID_19
157,205,Salón de Clases: Rol Usuario,Salón de Clases,Usuario,130,Usuarios,41,Instrucciones,97,Capital Humano,sicpro_app_instrucciones.grupo_app_instruciones_usuario,35,ROLE_NAME_PARTIAL;HAS_XMLID_19
157,205,Salón de Clases: Rol Usuario,Salón de Clases,Usuario,141,Usuarios,44,Solicitudes,101,Solicitudes de Obras,sicpro_app_solicitudes.grupo_app_solicitud_usuario,35,ROLE_NAME_PARTIAL;HAS_XMLID_19
157,205,Salón de Clases: Rol Usuario,Salón de Clases,Usuario,1,Role / User,,,,,base.group_user,25,PRIVILEGE_PARTIAL;HAS_XMLID_19
157,205,Salón de Clases: Rol Usuario,Salón de Clases,Usuario,2,Access Rights,,,,,base.group_erp_manager,25,PRIVILEGE_PARTIAL;HAS_XMLID_19
157,205,Salón de Clases: Rol Usuario,Salón de Clases,Usuario,3,Bypass HTML Field Sanitize,,,,,base.group_sanitize_override,25,PRIVILEGE_PARTIAL;HAS_XMLID_19
157,205,Salón de Clases: Rol Usuario,Salón de Clases,Usuario,4,Role / Administrator,,,,,base.group_system,25,PRIVILEGE_PARTIAL;HAS_XMLID_19
157,205,Salón de Clases: Rol Usuario,Salón de Clases,Usuario,5,Multi Companies,,,,,base.group_multi_company,25,PRIVILEGE_PARTIAL;HAS_XMLID_19
157,205,Salón de Clases: Rol Usuario,Salón de Clases,Usuario,6,Multi Currencies,,,,,base.group_multi_currency,25,PRIVILEGE_PARTIAL;HAS_XMLID_19
157,205,Salón de Clases: Rol Usuario,Salón de Clases,Usuario,7,Technical Features,,,,,base.group_no_one,25,PRIVILEGE_PARTIAL;HAS_XMLID_19
157,205,Salón de Clases: Rol Usuario,Salón de Clases,Usuario,10,Role / Portal,,,,,base.group_portal,25,PRIVILEGE_PARTIAL;HAS_XMLID_19
157,205,Salón de Clases: Rol Usuario,Salón de Clases,Usuario,11,Role / Public,,,,,base.group_public,25,PRIVILEGE_PARTIAL;HAS_XMLID_19
157,205,Salón de Clases: Rol Usuario,Salón de Clases,Usuario,12,Default access for new users,,,,,base.default_user_group,25,PRIVILEGE_PARTIAL;HAS_XMLID_19
157,205,Salón de Clases: Rol Usuario,Salón de Clases,Usuario,13,Technical Documentation,,,,,api_doc.group_allow_doc,25,PRIVILEGE_PARTIAL;HAS_XMLID_19
157,205,Salón de Clases: Rol Usuario,Salón de Clases,Usuario,15,Mail Template Editor,,,,,mail.group_mail_template_editor,25,PRIVILEGE_PARTIAL;HAS_XMLID_19
157,205,Salón de Clases: Rol Usuario,Salón de Clases,Usuario,16,Receive notifications in Odoo,,,,,mail.group_mail_notification_type_inbox,25,PRIVILEGE_PARTIAL;HAS_XMLID_19
157,205,Salón de Clases: Rol Usuario,Salón de Clases,Usuario,25,Menus y Accesos Obsoletos,,,,,sicpro_app_administracion.grupo_app_administracion_obsoletos,25,PRIVILEGE_PARTIAL;HAS_XMLID_19
157,205,Salón de Clases: Rol Usuario,Salón de Clases,Usuario,26,Manage Multiple Units of Measure,,,,,uom.group_uom,25,PRIVILEGE_PARTIAL;HAS_XMLID_19
157,205,Salón de Clases: Rol Usuario,Salón de Clases,Usuario,27,Analytic Accounting,,,,,analytic.group_analytic_accounting,25,PRIVILEGE_PARTIAL;HAS_XMLID_19
157,205,Salón de Clases: Rol Usuario,Salón de Clases,Usuario,32,Use Stages on Project,,,,,project.group_project_stages,25,PRIVILEGE_PARTIAL;HAS_XMLID_19
157,205,Salón de Clases: Rol Usuario,Salón de Clases,Usuario,33,Use Recurring Tasks,,,,,project.group_project_recurring_tasks,25,PRIVILEGE_PARTIAL;HAS_XMLID_19
157,205,Salón de Clases: Rol Usuario,Salón de Clases,Usuario,34,Use Task Dependencies,,,,,project.group_project_task_dependencies,25,PRIVILEGE_PARTIAL;HAS_XMLID_19
157,205,Salón de Clases: Rol Usuario,Salón de Clases,Usuario,35,Use Milestones,,,,,project.group_project_milestone,25,PRIVILEGE_PARTIAL;HAS_XMLID_19
157,205,Salón de Clases: Rol Usuario,Salón de Clases,Usuario,44,Consultas Postgres,,,,,sicpro_modulo_querydb.group_querydeluxe,25,PRIVILEGE_PARTIAL;HAS_XMLID_19
157,205,Salón de Clases: Rol Usuario,Salón de Clases,Usuario,37,Ejecutor,10,Gestor Documental,107,Servicios Corporativos,sicpro_app_gestor_documental.group_document_manager,10,IMPLIED_COMMON:usuario;HAS_XMLID_19
157,205,Salón de Clases: Rol Usuario,Salón de Clases,Usuario,42,Administrador,12,Registros de auditoría,115,Registro de auditoría,sicpro_modulo_auditorias.group_auditlog_manager,10,IMPLIED_COMMON:usuario;HAS_XMLID_19
157,205,Salón de Clases: Rol Usuario,Salón de Clases,Usuario,91,Creador,30,Repositorio DVPE.,107,Servicios Corporativos,sicpro_app_repositorio_institucional.group_repositorio_institucional_creador,10,IMPLIED_COMMON:usuario;HAS_XMLID_19
157,205,Salón de Clases: Rol Usuario,Salón de Clases,Usuario,96,Secretaria,31,Reuniones,105,Gestión de Reuniones,sicpro_app_reuniones.group_reuniones_secretaria,10,IMPLIED_COMMON:usuario;HAS_XMLID_19
157,205,Salón de Clases: Rol Usuario,Salón de Clases,Usuario,101,Ejecutor de Servicios,32,Servicios Internos,107,Servicios Corporativos,sicpro_app_servicios_internos.grupo_app_internos_ejecutor_servicios,10,IMPLIED_COMMON:usuario;HAS_XMLID_19
157,205,Salón de Clases: Rol Usuario,Salón de Clases,Usuario,106,Ejecutor de Solicitud,33,Solicitudes de S.I.,107,Servicios Corporativos,sicpro_app_servicios_internos.grupo_app_internos_solicitudes_ejecutor,10,IMPLIED_COMMON:usuario;HAS_XMLID_19
157,205,Salón de Clases: Rol Usuario,Salón de Clases,Usuario,135,Secretario general,43,Operaciones,110,Programa de la Vivienda,sicpro_app_programa_viviendas.grupo_app_vivienda_secretario_general,10,IMPLIED_COMMON:usuario;HAS_XMLID_19
158,206,Salón de Clases: Rol Responsable,Salón de Clases,Responsable,39,Responsable,11,Salón de Clases,107,Servicios Corporativos,sicpro_app_salon_clases.grupo_app_salon_clases_responsable,110,ROLE_NAME_EXACT;PRIVILEGE_EXACT;HAS_XMLID_19
158,206,Salón de Clases: Rol Responsable,Salón de Clases,Responsable,40,Administrador,11,Salón de Clases,107,Servicios Corporativos,sicpro_app_salon_clases.grupo_app_salon_clases_admin,60,PRIVILEGE_EXACT;IMPLIED_COMMON:responsable;HAS_XMLID_19
158,206,Salón de Clases: Rol Responsable,Salón de Clases,Responsable,48,Responsable,15,CMI,108,Gestión de Producción,sicpro_app_cmi.grupo_app_cmi_responsable,60,ROLE_NAME_EXACT;HAS_XMLID_19
158,206,Salón de Clases: Rol Responsable,Salón de Clases,Responsable,52,Responsable,16,Materiales e Insumos,102,Preparación Técnica,sicpro_app_materiales_insumos.grupo_app_materiales_insumos_responsable,60,ROLE_NAME_EXACT;HAS_XMLID_19
158,206,Salón de Clases: Rol Responsable,Salón de Clases,Responsable,57,Responsable,18,Trabajadores,97,Capital Humano,sicpro_app_trabajadores.grupo_app_trabajador_responsable,60,ROLE_NAME_EXACT;HAS_XMLID_19
158,206,Salón de Clases: Rol Responsable,Salón de Clases,Responsable,60,Responsable,19,Equipo Técnico,97,Capital Humano,sicpro_app_trabajadores.grupo_app_trabajador_equipos_responsable,60,ROLE_NAME_EXACT;HAS_XMLID_19
158,206,Salón de Clases: Rol Responsable,Salón de Clases,Responsable,65,Responsable,20,Disciplinarias,97,Capital Humano,sicpro_app_trabajadores.grupo_app_trabajador_disciplina_responsable,60,ROLE_NAME_EXACT;HAS_XMLID_19
158,206,Salón de Clases: Rol Responsable,Salón de Clases,Responsable,68,Responsable,21,Capacitación,97,Capital Humano,sicpro_app_trabajadores.grupo_app_trabajador_capacitacion_responsable,60,ROLE_NAME_EXACT;HAS_XMLID_19
158,206,Salón de Clases: Rol Responsable,Salón de Clases,Responsable,70,Responsable,22,Seguridad y Salud,97,Capital Humano,sicpro_app_trabajadores.grupo_app_trabajador_seguridad_salud_responsable,60,ROLE_NAME_EXACT;HAS_XMLID_19
158,206,Salón de Clases: Rol Responsable,Salón de Clases,Responsable,75,Responsable,25,Control,109,Control de la información,sicpro_app_control_informacion.grupo_control_informacion_responsable,60,ROLE_NAME_EXACT;HAS_XMLID_19
158,206,Salón de Clases: Rol Responsable,Salón de Clases,Responsable,78,Responsable,26,Credenciales,97,Capital Humano,sicpro_app_credenciales.grupo_app_credenciales_responsable,60,ROLE_NAME_EXACT;HAS_XMLID_19
158,206,Salón de Clases: Rol Responsable,Salón de Clases,Responsable,82,Responsable,27,Medios Informáticos,112,Informática,sicpro_app_medios_informaticos.grupo_app_medios_informaticos_responsable,60,ROLE_NAME_EXACT;HAS_XMLID_19
158,206,Salón de Clases: Rol Responsable,Salón de Clases,Responsable,88,Responsable,29,Metrología,106,Activos y Herramientas,sicpro_app_metrologia.grupo_app_metrologia_responsable,60,ROLE_NAME_EXACT;HAS_XMLID_19
158,206,Salón de Clases: Rol Responsable,Salón de Clases,Responsable,93,Responsable,30,Repositorio DVPE.,107,Servicios Corporativos,sicpro_app_repositorio_institucional.group_repositorio_institucional_responsable,60,ROLE_NAME_EXACT;HAS_XMLID_19
158,206,Salón de Clases: Rol Responsable,Salón de Clases,Responsable,98,Responsable,31,Reuniones,105,Gestión de Reuniones,sicpro_app_reuniones.group_reuniones_responsable,60,ROLE_NAME_EXACT;HAS_XMLID_19
158,206,Salón de Clases: Rol Responsable,Salón de Clases,Responsable,103,Responsable,32,Servicios Internos,107,Servicios Corporativos,sicpro_app_servicios_internos.grupo_app_internos_responsable,60,ROLE_NAME_EXACT;HAS_XMLID_19
158,206,Salón de Clases: Rol Responsable,Salón de Clases,Responsable,110,Responsable,34,Soporte,113,Soporte Técnico,sicpro_app_soporte.group_soporte_responsable,60,ROLE_NAME_EXACT;HAS_XMLID_19
158,206,Salón de Clases: Rol Responsable,Salón de Clases,Responsable,115,Responsable,36,Transporte,98,Transportación,sicpro_app_transporte.grupo_app_transporte_responsable,60,ROLE_NAME_EXACT;HAS_XMLID_19
158,206,Salón de Clases: Rol Responsable,Salón de Clases,Responsable,121,Responsable,38,Víveres Logística,111,Alimentación,sicpro_app_viveres.grupo_app_viveres_resumen_responsable,60,ROLE_NAME_EXACT;HAS_XMLID_19
158,206,Salón de Clases: Rol Responsable,Salón de Clases,Responsable,128,Responsable,40,Clientes,101,Solicitudes de Obras,sicpro_app_clientes.grupo_app_clientes_responsable,60,ROLE_NAME_EXACT;HAS_XMLID_19
158,206,Salón de Clases: Rol Responsable,Salón de Clases,Responsable,139,Responsable,43,Operaciones,110,Programa de la Vivienda,sicpro_app_programa_viviendas.grupo_app_vivienda_responsable,60,ROLE_NAME_EXACT;HAS_XMLID_19
158,206,Salón de Clases: Rol Responsable,Salón de Clases,Responsable,143,Responsable,44,Solicitudes,101,Solicitudes de Obras,sicpro_app_solicitudes.grupo_app_solicitud_responsable,60,ROLE_NAME_EXACT;HAS_XMLID_19
158,206,Salón de Clases: Rol Responsable,Salón de Clases,Responsable,151,Responsable,49,Especialista Ejecutor,101,Solicitudes de Obras,sicpro_app_solicitudes.grupo_app_grupos_ejecutor,60,ROLE_NAME_EXACT;HAS_XMLID_19
158,206,Salón de Clases: Rol Responsable,Salón de Clases,Responsable,154,Responsable,50,Usuarios Internos,103,Órdenes de Trabajo,sicpro_app_ordenes_trabajo.grupo_ordenes_responsable,60,ROLE_NAME_EXACT;HAS_XMLID_19
158,206,Salón de Clases: Rol Responsable,Salón de Clases,Responsable,167,Responsable,53,Transferencias,104,Gestión de Gastos,sicpro_app_transferencias_gastos.grupo_transferencias_responsable,60,ROLE_NAME_EXACT;HAS_XMLID_19
158,206,Salón de Clases: Rol Responsable,Salón de Clases,Responsable,38,Usuario,11,Salón de Clases,107,Servicios Corporativos,sicpro_app_salon_clases.grupo_app_salon_clases_usuario,50,PRIVILEGE_EXACT;HAS_XMLID_19
158,206,Salón de Clases: Rol Responsable,Salón de Clases,Responsable,1,Role / User,,,,,base.group_user,25,PRIVILEGE_PARTIAL;HAS_XMLID_19
158,206,Salón de Clases: Rol Responsable,Salón de Clases,Responsable,2,Access Rights,,,,,base.group_erp_manager,25,PRIVILEGE_PARTIAL;HAS_XMLID_19
158,206,Salón de Clases: Rol Responsable,Salón de Clases,Responsable,3,Bypass HTML Field Sanitize,,,,,base.group_sanitize_override,25,PRIVILEGE_PARTIAL;HAS_XMLID_19
158,206,Salón de Clases: Rol Responsable,Salón de Clases,Responsable,4,Role / Administrator,,,,,base.group_system,25,PRIVILEGE_PARTIAL;HAS_XMLID_19
158,206,Salón de Clases: Rol Responsable,Salón de Clases,Responsable,5,Multi Companies,,,,,base.group_multi_company,25,PRIVILEGE_PARTIAL;HAS_XMLID_19
158,206,Salón de Clases: Rol Responsable,Salón de Clases,Responsable,6,Multi Currencies,,,,,base.group_multi_currency,25,PRIVILEGE_PARTIAL;HAS_XMLID_19
158,206,Salón de Clases: Rol Responsable,Salón de Clases,Responsable,7,Technical Features,,,,,base.group_no_one,25,PRIVILEGE_PARTIAL;HAS_XMLID_19
158,206,Salón de Clases: Rol Responsable,Salón de Clases,Responsable,10,Role / Portal,,,,,base.group_portal,25,PRIVILEGE_PARTIAL;HAS_XMLID_19
158,206,Salón de Clases: Rol Responsable,Salón de Clases,Responsable,11,Role / Public,,,,,base.group_public,25,PRIVILEGE_PARTIAL;HAS_XMLID_19
158,206,Salón de Clases: Rol Responsable,Salón de Clases,Responsable,12,Default access for new users,,,,,base.default_user_group,25,PRIVILEGE_PARTIAL;HAS_XMLID_19
158,206,Salón de Clases: Rol Responsable,Salón de Clases,Responsable,13,Technical Documentation,,,,,api_doc.group_allow_doc,25,PRIVILEGE_PARTIAL;HAS_XMLID_19
158,206,Salón de Clases: Rol Responsable,Salón de Clases,Responsable,15,Mail Template Editor,,,,,mail.group_mail_template_editor,25,PRIVILEGE_PARTIAL;HAS_XMLID_19
158,206,Salón de Clases: Rol Responsable,Salón de Clases,Responsable,16,Receive notifications in Odoo,,,,,mail.group_mail_notification_type_inbox,25,PRIVILEGE_PARTIAL;HAS_XMLID_19
158,206,Salón de Clases: Rol Responsable,Salón de Clases,Responsable,25,Menus y Accesos Obsoletos,,,,,sicpro_app_administracion.grupo_app_administracion_obsoletos,25,PRIVILEGE_PARTIAL;HAS_XMLID_19
158,206,Salón de Clases: Rol Responsable,Salón de Clases,Responsable,26,Manage Multiple Units of Measure,,,,,uom.group_uom,25,PRIVILEGE_PARTIAL;HAS_XMLID_19
158,206,Salón de Clases: Rol Responsable,Salón de Clases,Responsable,27,Analytic Accounting,,,,,analytic.group_analytic_accounting,25,PRIVILEGE_PARTIAL;HAS_XMLID_19
158,206,Salón de Clases: Rol Responsable,Salón de Clases,Responsable,32,Use Stages on Project,,,,,project.group_project_stages,25,PRIVILEGE_PARTIAL;HAS_XMLID_19
158,206,Salón de Clases: Rol Responsable,Salón de Clases,Responsable,33,Use Recurring Tasks,,,,,project.group_project_recurring_tasks,25,PRIVILEGE_PARTIAL;HAS_XMLID_19
158,206,Salón de Clases: Rol Responsable,Salón de Clases,Responsable,34,Use Task Dependencies,,,,,project.group_project_task_dependencies,25,PRIVILEGE_PARTIAL;HAS_XMLID_19
158,206,Salón de Clases: Rol Responsable,Salón de Clases,Responsable,35,Use Milestones,,,,,project.group_project_milestone,25,PRIVILEGE_PARTIAL;HAS_XMLID_19
158,206,Salón de Clases: Rol Responsable,Salón de Clases,Responsable,44,Consultas Postgres,,,,,sicpro_modulo_querydb.group_querydeluxe,25,PRIVILEGE_PARTIAL;HAS_XMLID_19
158,206,Salón de Clases: Rol Responsable,Salón de Clases,Responsable,49,Administrador,15,CMI,108,Gestión de Producción,sicpro_app_cmi.grupo_app_cmi_admin,10,IMPLIED_COMMON:responsable;HAS_XMLID_19
158,206,Salón de Clases: Rol Responsable,Salón de Clases,Responsable,53,Administrador,16,Materiales e Insumos,102,Preparación Técnica,sicpro_app_materiales_insumos.grupo_app_materiales_insumos_admin,10,IMPLIED_COMMON:responsable;HAS_XMLID_19
158,206,Salón de Clases: Rol Responsable,Salón de Clases,Responsable,58,Administrador,18,Trabajadores,97,Capital Humano,sicpro_app_trabajadores.grupo_app_trabajador_admin,10,IMPLIED_COMMON:responsable;HAS_XMLID_19
158,206,Salón de Clases: Rol Responsable,Salón de Clases,Responsable,61,Administrador,19,Equipo Técnico,97,Capital Humano,sicpro_app_trabajadores.grupo_app_trabajador_equipos_admin,10,IMPLIED_COMMON:responsable;HAS_XMLID_19
158,206,Salón de Clases: Rol Responsable,Salón de Clases,Responsable,66,Administrador,20,Disciplinarias,97,Capital Humano,sicpro_app_trabajadores.grupo_app_trabajador_disciplina_admin,10,IMPLIED_COMMON:responsable;HAS_XMLID_19
158,206,Salón de Clases: Rol Responsable,Salón de Clases,Responsable,76,Administrador,25,Control,109,Control de la información,sicpro_app_control_informacion.grupo_control_informacion_admin,10,IMPLIED_COMMON:responsable;HAS_XMLID_19
158,206,Salón de Clases: Rol Responsable,Salón de Clases,Responsable,79,Administrador,26,Credenciales,97,Capital Humano,sicpro_app_credenciales.grupo_app_credenciales_admin,10,IMPLIED_COMMON:responsable;HAS_XMLID_19
158,206,Salón de Clases: Rol Responsable,Salón de Clases,Responsable,83,Administrador,27,Medios Informáticos,112,Informática,sicpro_app_medios_informaticos.grupo_app_medios_informaticos_admin,10,IMPLIED_COMMON:responsable;HAS_XMLID_19
158,206,Salón de Clases: Rol Responsable,Salón de Clases,Responsable,89,Administrador,29,Metrología,106,Activos y Herramientas,sicpro_app_metrologia.grupo_app_metrologia_admin,10,IMPLIED_COMMON:responsable;HAS_XMLID_19
158,206,Salón de Clases: Rol Responsable,Salón de Clases,Responsable,94,Administrador,30,Repositorio DVPE.,107,Servicios Corporativos,sicpro_app_repositorio_institucional.group_repositorio_institucional_admin,10,IMPLIED_COMMON:responsable;HAS_XMLID_19
158,206,Salón de Clases: Rol Responsable,Salón de Clases,Responsable,99,Administrator,31,Reuniones,105,Gestión de Reuniones,sicpro_app_reuniones.group_reuniones_admin,10,IMPLIED_COMMON:responsable;HAS_XMLID_19
158,206,Salón de Clases: Rol Responsable,Salón de Clases,Responsable,104,Administrador,32,Servicios Internos,107,Servicios Corporativos,sicpro_app_servicios_internos.grupo_app_internos_admin,10,IMPLIED_COMMON:responsable;HAS_XMLID_19
158,206,Salón de Clases: Rol Responsable,Salón de Clases,Responsable,111,Administrador,34,Soporte,113,Soporte Técnico,sicpro_app_soporte.group_soporte_admin,10,IMPLIED_COMMON:responsable;HAS_XMLID_19
158,206,Salón de Clases: Rol Responsable,Salón de Clases,Responsable,116,Administrador,36,Transporte,98,Transportación,sicpro_app_transporte.grupo_app_transporte_admin,10,IMPLIED_COMMON:responsable;HAS_XMLID_19
158,206,Salón de Clases: Rol Responsable,Salón de Clases,Responsable,122,Administrador,38,Víveres Logística,111,Alimentación,sicpro_app_viveres.grupo_app_viveres_admin,10,IMPLIED_COMMON:responsable;HAS_XMLID_19
158,206,Salón de Clases: Rol Responsable,Salón de Clases,Responsable,129,Administrador,40,Clientes,101,Solicitudes de Obras,sicpro_app_clientes.grupo_app_clientes_admin,10,IMPLIED_COMMON:responsable;HAS_XMLID_19
158,206,Salón de Clases: Rol Responsable,Salón de Clases,Responsable,140,Administrador,43,Operaciones,110,Programa de la Vivienda,sicpro_app_programa_viviendas.grupo_app_vivienda_admin,10,IMPLIED_COMMON:responsable;HAS_XMLID_19
158,206,Salón de Clases: Rol Responsable,Salón de Clases,Responsable,144,Administrador,44,Solicitudes,101,Solicitudes de Obras,sicpro_app_solicitudes.grupo_app_solicitud_admin,10,IMPLIED_COMMON:responsable;HAS_XMLID_19
158,206,Salón de Clases: Rol Responsable,Salón de Clases,Responsable,155,Administrador,50,Usuarios Internos,103,Órdenes de Trabajo,sicpro_app_ordenes_trabajo.grupo_ordenes_admin,10,IMPLIED_COMMON:responsable;HAS_XMLID_19
158,206,Salón de Clases: Rol Responsable,Salón de Clases,Responsable,168,Administrador,53,Transferencias,104,Gestión de Gastos,sicpro_app_transferencias_gastos.grupo_transferencias_admin,10,IMPLIED_COMMON:responsable;HAS_XMLID_19
159,207,Salón de Clases: Rol Administrador,Salón de Clases,Administrador,40,Administrador,11,Salón de Clases,107,Servicios Corporativos,sicpro_app_salon_clases.grupo_app_salon_clases_admin,110,ROLE_NAME_EXACT;PRIVILEGE_EXACT;HAS_XMLID_19
159,207,Salón de Clases: Rol Administrador,Salón de Clases,Administrador,17,Administrador,4,Administrar SICPRO,94,Administración SICPRO ERP,sicpro_app_administracion.grupo_app_administracion_admin,60,ROLE_NAME_EXACT;HAS_XMLID_19
159,207,Salón de Clases: Rol Administrador,Salón de Clases,Administrador,42,Administrador,12,Registros de auditoría,115,Registro de auditoría,sicpro_modulo_auditorias.group_auditlog_manager,60,ROLE_NAME_EXACT;HAS_XMLID_19
159,207,Salón de Clases: Rol Administrador,Salón de Clases,Administrador,43,Administrador,13,Nomencladores,94,Administración SICPRO ERP,sicpro_modulo_nomencladores.grupo_sicpro_nomencladores_admin,60,ROLE_NAME_EXACT;HAS_XMLID_19
159,207,Salón de Clases: Rol Administrador,Salón de Clases,Administrador,49,Administrador,15,CMI,108,Gestión de Producción,sicpro_app_cmi.grupo_app_cmi_admin,60,ROLE_NAME_EXACT;HAS_XMLID_19
159,207,Salón de Clases: Rol Administrador,Salón de Clases,Administrador,53,Administrador,16,Materiales e Insumos,102,Preparación Técnica,sicpro_app_materiales_insumos.grupo_app_materiales_insumos_admin,60,ROLE_NAME_EXACT;HAS_XMLID_19
159,207,Salón de Clases: Rol Administrador,Salón de Clases,Administrador,58,Administrador,18,Trabajadores,97,Capital Humano,sicpro_app_trabajadores.grupo_app_trabajador_admin,60,ROLE_NAME_EXACT;HAS_XMLID_19
159,207,Salón de Clases: Rol Administrador,Salón de Clases,Administrador,61,Administrador,19,Equipo Técnico,97,Capital Humano,sicpro_app_trabajadores.grupo_app_trabajador_equipos_admin,60,ROLE_NAME_EXACT;HAS_XMLID_19
159,207,Salón de Clases: Rol Administrador,Salón de Clases,Administrador,66,Administrador,20,Disciplinarias,97,Capital Humano,sicpro_app_trabajadores.grupo_app_trabajador_disciplina_admin,60,ROLE_NAME_EXACT;HAS_XMLID_19
159,207,Salón de Clases: Rol Administrador,Salón de Clases,Administrador,76,Administrador,25,Control,109,Control de la información,sicpro_app_control_informacion.grupo_control_informacion_admin,60,ROLE_NAME_EXACT;HAS_XMLID_19
159,207,Salón de Clases: Rol Administrador,Salón de Clases,Administrador,79,Administrador,26,Credenciales,97,Capital Humano,sicpro_app_credenciales.grupo_app_credenciales_admin,60,ROLE_NAME_EXACT;HAS_XMLID_19
159,207,Salón de Clases: Rol Administrador,Salón de Clases,Administrador,83,Administrador,27,Medios Informáticos,112,Informática,sicpro_app_medios_informaticos.grupo_app_medios_informaticos_admin,60,ROLE_NAME_EXACT;HAS_XMLID_19
159,207,Salón de Clases: Rol Administrador,Salón de Clases,Administrador,89,Administrador,29,Metrología,106,Activos y Herramientas,sicpro_app_metrologia.grupo_app_metrologia_admin,60,ROLE_NAME_EXACT;HAS_XMLID_19
159,207,Salón de Clases: Rol Administrador,Salón de Clases,Administrador,94,Administrador,30,Repositorio DVPE.,107,Servicios Corporativos,sicpro_app_repositorio_institucional.group_repositorio_institucional_admin,60,ROLE_NAME_EXACT;HAS_XMLID_19
159,207,Salón de Clases: Rol Administrador,Salón de Clases,Administrador,104,Administrador,32,Servicios Internos,107,Servicios Corporativos,sicpro_app_servicios_internos.grupo_app_internos_admin,60,ROLE_NAME_EXACT;HAS_XMLID_19
159,207,Salón de Clases: Rol Administrador,Salón de Clases,Administrador,111,Administrador,34,Soporte,113,Soporte Técnico,sicpro_app_soporte.group_soporte_admin,60,ROLE_NAME_EXACT;HAS_XMLID_19
159,207,Salón de Clases: Rol Administrador,Salón de Clases,Administrador,116,Administrador,36,Transporte,98,Transportación,sicpro_app_transporte.grupo_app_transporte_admin,60,ROLE_NAME_EXACT;HAS_XMLID_19
159,207,Salón de Clases: Rol Administrador,Salón de Clases,Administrador,122,Administrador,38,Víveres Logística,111,Alimentación,sicpro_app_viveres.grupo_app_viveres_admin,60,ROLE_NAME_EXACT;HAS_XMLID_19
159,207,Salón de Clases: Rol Administrador,Salón de Clases,Administrador,129,Administrador,40,Clientes,101,Solicitudes de Obras,sicpro_app_clientes.grupo_app_clientes_admin,60,ROLE_NAME_EXACT;HAS_XMLID_19
159,207,Salón de Clases: Rol Administrador,Salón de Clases,Administrador,132,Administrador,41,Instrucciones,97,Capital Humano,sicpro_app_instrucciones.grupo_app_instruciones_admin,60,ROLE_NAME_EXACT;HAS_XMLID_19
159,207,Salón de Clases: Rol Administrador,Salón de Clases,Administrador,140,Administrador,43,Operaciones,110,Programa de la Vivienda,sicpro_app_programa_viviendas.grupo_app_vivienda_admin,60,ROLE_NAME_EXACT;HAS_XMLID_19
159,207,Salón de Clases: Rol Administrador,Salón de Clases,Administrador,144,Administrador,44,Solicitudes,101,Solicitudes de Obras,sicpro_app_solicitudes.grupo_app_solicitud_admin,60,ROLE_NAME_EXACT;HAS_XMLID_19
159,207,Salón de Clases: Rol Administrador,Salón de Clases,Administrador,155,Administrador,50,Usuarios Internos,103,Órdenes de Trabajo,sicpro_app_ordenes_trabajo.grupo_ordenes_admin,60,ROLE_NAME_EXACT;HAS_XMLID_19
159,207,Salón de Clases: Rol Administrador,Salón de Clases,Administrador,168,Administrador,53,Transferencias,104,Gestión de Gastos,sicpro_app_transferencias_gastos.grupo_transferencias_admin,60,ROLE_NAME_EXACT;HAS_XMLID_19
159,207,Salón de Clases: Rol Administrador,Salón de Clases,Administrador,38,Usuario,11,Salón de Clases,107,Servicios Corporativos,sicpro_app_salon_clases.grupo_app_salon_clases_usuario,50,PRIVILEGE_EXACT;HAS_XMLID_19
159,207,Salón de Clases: Rol Administrador,Salón de Clases,Administrador,39,Responsable,11,Salón de Clases,107,Servicios Corporativos,sicpro_app_salon_clases.grupo_app_salon_clases_responsable,50,PRIVILEGE_EXACT;HAS_XMLID_19
159,207,Salón de Clases: Rol Administrador,Salón de Clases,Administrador,4,Role / Administrator,,,,,base.group_system,35,PRIVILEGE_PARTIAL;IMPLIED_COMMON:administrador;HAS_XMLID_19
159,207,Salón de Clases: Rol Administrador,Salón de Clases,Administrador,1,Role / User,,,,,base.group_user,25,PRIVILEGE_PARTIAL;HAS_XMLID_19
159,207,Salón de Clases: Rol Administrador,Salón de Clases,Administrador,2,Access Rights,,,,,base.group_erp_manager,25,PRIVILEGE_PARTIAL;HAS_XMLID_19
159,207,Salón de Clases: Rol Administrador,Salón de Clases,Administrador,3,Bypass HTML Field Sanitize,,,,,base.group_sanitize_override,25,PRIVILEGE_PARTIAL;HAS_XMLID_19
159,207,Salón de Clases: Rol Administrador,Salón de Clases,Administrador,5,Multi Companies,,,,,base.group_multi_company,25,PRIVILEGE_PARTIAL;HAS_XMLID_19
159,207,Salón de Clases: Rol Administrador,Salón de Clases,Administrador,6,Multi Currencies,,,,,base.group_multi_currency,25,PRIVILEGE_PARTIAL;HAS_XMLID_19
159,207,Salón de Clases: Rol Administrador,Salón de Clases,Administrador,7,Technical Features,,,,,base.group_no_one,25,PRIVILEGE_PARTIAL;HAS_XMLID_19
159,207,Salón de Clases: Rol Administrador,Salón de Clases,Administrador,10,Role / Portal,,,,,base.group_portal,25,PRIVILEGE_PARTIAL;HAS_XMLID_19
159,207,Salón de Clases: Rol Administrador,Salón de Clases,Administrador,11,Role / Public,,,,,base.group_public,25,PRIVILEGE_PARTIAL;HAS_XMLID_19
159,207,Salón de Clases: Rol Administrador,Salón de Clases,Administrador,12,Default access for new users,,,,,base.default_user_group,25,PRIVILEGE_PARTIAL;HAS_XMLID_19
159,207,Salón de Clases: Rol Administrador,Salón de Clases,Administrador,13,Technical Documentation,,,,,api_doc.group_allow_doc,25,PRIVILEGE_PARTIAL;HAS_XMLID_19
159,207,Salón de Clases: Rol Administrador,Salón de Clases,Administrador,15,Mail Template Editor,,,,,mail.group_mail_template_editor,25,PRIVILEGE_PARTIAL;HAS_XMLID_19
159,207,Salón de Clases: Rol Administrador,Salón de Clases,Administrador,16,Receive notifications in Odoo,,,,,mail.group_mail_notification_type_inbox,25,PRIVILEGE_PARTIAL;HAS_XMLID_19
159,207,Salón de Clases: Rol Administrador,Salón de Clases,Administrador,25,Menus y Accesos Obsoletos,,,,,sicpro_app_administracion.grupo_app_administracion_obsoletos,25,PRIVILEGE_PARTIAL;HAS_XMLID_19
159,207,Salón de Clases: Rol Administrador,Salón de Clases,Administrador,26,Manage Multiple Units of Measure,,,,,uom.group_uom,25,PRIVILEGE_PARTIAL;HAS_XMLID_19
159,207,Salón de Clases: Rol Administrador,Salón de Clases,Administrador,27,Analytic Accounting,,,,,analytic.group_analytic_accounting,25,PRIVILEGE_PARTIAL;HAS_XMLID_19
159,207,Salón de Clases: Rol Administrador,Salón de Clases,Administrador,32,Use Stages on Project,,,,,project.group_project_stages,25,PRIVILEGE_PARTIAL;HAS_XMLID_19
159,207,Salón de Clases: Rol Administrador,Salón de Clases,Administrador,33,Use Recurring Tasks,,,,,project.group_project_recurring_tasks,25,PRIVILEGE_PARTIAL;HAS_XMLID_19
159,207,Salón de Clases: Rol Administrador,Salón de Clases,Administrador,34,Use Task Dependencies,,,,,project.group_project_task_dependencies,25,PRIVILEGE_PARTIAL;HAS_XMLID_19
159,207,Salón de Clases: Rol Administrador,Salón de Clases,Administrador,35,Use Milestones,,,,,project.group_project_milestone,25,PRIVILEGE_PARTIAL;HAS_XMLID_19
159,207,Salón de Clases: Rol Administrador,Salón de Clases,Administrador,44,Consultas Postgres,,,,,sicpro_modulo_querydb.group_querydeluxe,25,PRIVILEGE_PARTIAL;HAS_XMLID_19
160,208,Transporte: Rol Piquera,Transporte,Piquera,114,Ejecutor,36,Transporte,98,Transportación,sicpro_app_transporte.grupo_app_transporte_ejecutor,60,PRIVILEGE_EXACT;IMPLIED_COMMON:usuarios;HAS_XMLID_19
160,208,Transporte: Rol Piquera,Transporte,Piquera,115,Responsable,36,Transporte,98,Transportación,sicpro_app_transporte.grupo_app_transporte_responsable,60,PRIVILEGE_EXACT;IMPLIED_COMMON:ejecutor;HAS_XMLID_19
160,208,Transporte: Rol Piquera,Transporte,Piquera,113,Usuarios,36,Transporte,98,Transportación,sicpro_app_transporte.grupo_app_transporte_usuario,50,PRIVILEGE_EXACT;HAS_XMLID_19
160,208,Transporte: Rol Piquera,Transporte,Piquera,116,Administrador,36,Transporte,98,Transportación,sicpro_app_transporte.grupo_app_transporte_admin,50,PRIVILEGE_EXACT;HAS_XMLID_19
160,208,Transporte: Rol Piquera,Transporte,Piquera,1,Role / User,,,,,base.group_user,25,PRIVILEGE_PARTIAL;HAS_XMLID_19
160,208,Transporte: Rol Piquera,Transporte,Piquera,2,Access Rights,,,,,base.group_erp_manager,25,PRIVILEGE_PARTIAL;HAS_XMLID_19
160,208,Transporte: Rol Piquera,Transporte,Piquera,3,Bypass HTML Field Sanitize,,,,,base.group_sanitize_override,25,PRIVILEGE_PARTIAL;HAS_XMLID_19
160,208,Transporte: Rol Piquera,Transporte,Piquera,4,Role / Administrator,,,,,base.group_system,25,PRIVILEGE_PARTIAL;HAS_XMLID_19
160,208,Transporte: Rol Piquera,Transporte,Piquera,5,Multi Companies,,,,,base.group_multi_company,25,PRIVILEGE_PARTIAL;HAS_XMLID_19
160,208,Transporte: Rol Piquera,Transporte,Piquera,6,Multi Currencies,,,,,base.group_multi_currency,25,PRIVILEGE_PARTIAL;HAS_XMLID_19
160,208,Transporte: Rol Piquera,Transporte,Piquera,7,Technical Features,,,,,base.group_no_one,25,PRIVILEGE_PARTIAL;HAS_XMLID_19
160,208,Transporte: Rol Piquera,Transporte,Piquera,10,Role / Portal,,,,,base.group_portal,25,PRIVILEGE_PARTIAL;HAS_XMLID_19
160,208,Transporte: Rol Piquera,Transporte,Piquera,11,Role / Public,,,,,base.group_public,25,PRIVILEGE_PARTIAL;HAS_XMLID_19
160,208,Transporte: Rol Piquera,Transporte,Piquera,12,Default access for new users,,,,,base.default_user_group,25,PRIVILEGE_PARTIAL;HAS_XMLID_19
160,208,Transporte: Rol Piquera,Transporte,Piquera,13,Technical Documentation,,,,,api_doc.group_allow_doc,25,PRIVILEGE_PARTIAL;HAS_XMLID_19
160,208,Transporte: Rol Piquera,Transporte,Piquera,15,Mail Template Editor,,,,,mail.group_mail_template_editor,25,PRIVILEGE_PARTIAL;HAS_XMLID_19
160,208,Transporte: Rol Piquera,Transporte,Piquera,16,Receive notifications in Odoo,,,,,mail.group_mail_notification_type_inbox,25,PRIVILEGE_PARTIAL;HAS_XMLID_19
160,208,Transporte: Rol Piquera,Transporte,Piquera,25,Menus y Accesos Obsoletos,,,,,sicpro_app_administracion.grupo_app_administracion_obsoletos,25,PRIVILEGE_PARTIAL;HAS_XMLID_19
160,208,Transporte: Rol Piquera,Transporte,Piquera,26,Manage Multiple Units of Measure,,,,,uom.group_uom,25,PRIVILEGE_PARTIAL;HAS_XMLID_19
160,208,Transporte: Rol Piquera,Transporte,Piquera,27,Analytic Accounting,,,,,analytic.group_analytic_accounting,25,PRIVILEGE_PARTIAL;HAS_XMLID_19
160,208,Transporte: Rol Piquera,Transporte,Piquera,32,Use Stages on Project,,,,,project.group_project_stages,25,PRIVILEGE_PARTIAL;HAS_XMLID_19
160,208,Transporte: Rol Piquera,Transporte,Piquera,33,Use Recurring Tasks,,,,,project.group_project_recurring_tasks,25,PRIVILEGE_PARTIAL;HAS_XMLID_19
160,208,Transporte: Rol Piquera,Transporte,Piquera,34,Use Task Dependencies,,,,,project.group_project_task_dependencies,25,PRIVILEGE_PARTIAL;HAS_XMLID_19
160,208,Transporte: Rol Piquera,Transporte,Piquera,35,Use Milestones,,,,,project.group_project_milestone,25,PRIVILEGE_PARTIAL;HAS_XMLID_19
160,208,Transporte: Rol Piquera,Transporte,Piquera,44,Consultas Postgres,,,,,sicpro_modulo_querydb.group_querydeluxe,25,PRIVILEGE_PARTIAL;HAS_XMLID_19
160,208,Transporte: Rol Piquera,Transporte,Piquera,47,Ejecutor,15,CMI,108,Gestión de Producción,sicpro_app_cmi.grupo_app_cmi_ejecutor,10,IMPLIED_COMMON:usuarios;HAS_XMLID_19
160,208,Transporte: Rol Piquera,Transporte,Piquera,48,Responsable,15,CMI,108,Gestión de Producción,sicpro_app_cmi.grupo_app_cmi_responsable,10,IMPLIED_COMMON:ejecutor;HAS_XMLID_19
160,208,Transporte: Rol Piquera,Transporte,Piquera,51,Ejecutor,16,Materiales e Insumos,102,Preparación Técnica,sicpro_app_materiales_insumos.grupo_app_materiales_insumos_ejecutor,10,IMPLIED_COMMON:usuarios;HAS_XMLID_19
160,208,Transporte: Rol Piquera,Transporte,Piquera,52,Responsable,16,Materiales e Insumos,102,Preparación Técnica,sicpro_app_materiales_insumos.grupo_app_materiales_insumos_responsable,10,IMPLIED_COMMON:ejecutor;HAS_XMLID_19
160,208,Transporte: Rol Piquera,Transporte,Piquera,55,Todos los Trabajadores,17,Usuario del Proceso,97,Capital Humano,sicpro_app_trabajadores.grupo_app_trabajador_usuario_todos,10,IMPLIED_COMMON:usuarios;HAS_XMLID_19
160,208,Transporte: Rol Piquera,Transporte,Piquera,70,Responsable,22,Seguridad y Salud,97,Capital Humano,sicpro_app_trabajadores.grupo_app_trabajador_seguridad_salud_responsable,10,IMPLIED_COMMON:ejecutor;HAS_XMLID_19
160,208,Transporte: Rol Piquera,Transporte,Piquera,87,Ejecutor,29,Metrología,106,Activos y Herramientas,sicpro_app_metrologia.grupo_app_metrologia_ejecutor,10,IMPLIED_COMMON:usuarios;HAS_XMLID_19
160,208,Transporte: Rol Piquera,Transporte,Piquera,88,Responsable,29,Metrología,106,Activos y Herramientas,sicpro_app_metrologia.grupo_app_metrologia_responsable,10,IMPLIED_COMMON:ejecutor;HAS_XMLID_19
160,208,Transporte: Rol Piquera,Transporte,Piquera,110,Responsable,34,Soporte,113,Soporte Técnico,sicpro_app_soporte.group_soporte_responsable,10,IMPLIED_COMMON:ejecutor;HAS_XMLID_19
160,208,Transporte: Rol Piquera,Transporte,Piquera,118,Ejecutor,37,Piquera,98,Transportación,sicpro_app_transporte.grupo_app_transporte_piquera_ejecutor,10,IMPLIED_COMMON:usuarios;HAS_XMLID_19
160,208,Transporte: Rol Piquera,Transporte,Piquera,121,Responsable,38,Víveres Logística,111,Alimentación,sicpro_app_viveres.grupo_app_viveres_resumen_responsable,10,IMPLIED_COMMON:ejecutor;HAS_XMLID_19
160,208,Transporte: Rol Piquera,Transporte,Piquera,125,Jefe,39,Víveres Áreas,111,Alimentación,sicpro_app_viveres.grupo_app_viveres_areas_responsable,10,IMPLIED_COMMON:ejecutor;HAS_XMLID_19
160,208,Transporte: Rol Piquera,Transporte,Piquera,127,Ejecutor,40,Clientes,101,Solicitudes de Obras,sicpro_app_clientes.grupo_app_clientes_ejecutor,10,IMPLIED_COMMON:usuarios;HAS_XMLID_19
160,208,Transporte: Rol Piquera,Transporte,Piquera,128,Responsable,40,Clientes,101,Solicitudes de Obras,sicpro_app_clientes.grupo_app_clientes_responsable,10,IMPLIED_COMMON:ejecutor;HAS_XMLID_19
160,208,Transporte: Rol Piquera,Transporte,Piquera,131,Instructor,41,Instrucciones,97,Capital Humano,sicpro_app_instrucciones.grupo_app_instruciones_responsable,10,IMPLIED_COMMON:usuarios;HAS_XMLID_19
160,208,Transporte: Rol Piquera,Transporte,Piquera,142,Administrativos,44,Solicitudes,101,Solicitudes de Obras,sicpro_app_solicitudes.grupo_app_solicitud_usuario_vertodo,10,IMPLIED_COMMON:usuarios;HAS_XMLID_19
160,208,Transporte: Rol Piquera,Transporte,Piquera,146,Territorial,45,Inversionistas,101,Solicitudes de Obras,sicpro_app_solicitudes.grupo_app_iniciativas_territorios,10,IMPLIED_COMMON:ejecutor;HAS_XMLID_19
166,219,Solicitudes: Rol Territorio,Solicitudes,Territorio,141,Usuarios,44,Solicitudes,101,Solicitudes de Obras,sicpro_app_solicitudes.grupo_app_solicitud_usuario,50,PRIVILEGE_EXACT;HAS_XMLID_19
166,219,Solicitudes: Rol Territorio,Solicitudes,Territorio,142,Administrativos,44,Solicitudes,101,Solicitudes de Obras,sicpro_app_solicitudes.grupo_app_solicitud_usuario_vertodo,50,PRIVILEGE_EXACT;HAS_XMLID_19
166,219,Solicitudes: Rol Territorio,Solicitudes,Territorio,143,Responsable,44,Solicitudes,101,Solicitudes de Obras,sicpro_app_solicitudes.grupo_app_solicitud_responsable,50,PRIVILEGE_EXACT;HAS_XMLID_19
166,219,Solicitudes: Rol Territorio,Solicitudes,Territorio,144,Administrador,44,Solicitudes,101,Solicitudes de Obras,sicpro_app_solicitudes.grupo_app_solicitud_admin,50,PRIVILEGE_EXACT;HAS_XMLID_19
166,219,Solicitudes: Rol Territorio,Solicitudes,Territorio,1,Role / User,,,,,base.group_user,25,PRIVILEGE_PARTIAL;HAS_XMLID_19
166,219,Solicitudes: Rol Territorio,Solicitudes,Territorio,2,Access Rights,,,,,base.group_erp_manager,25,PRIVILEGE_PARTIAL;HAS_XMLID_19
166,219,Solicitudes: Rol Territorio,Solicitudes,Territorio,3,Bypass HTML Field Sanitize,,,,,base.group_sanitize_override,25,PRIVILEGE_PARTIAL;HAS_XMLID_19
166,219,Solicitudes: Rol Territorio,Solicitudes,Territorio,4,Role / Administrator,,,,,base.group_system,25,PRIVILEGE_PARTIAL;HAS_XMLID_19
166,219,Solicitudes: Rol Territorio,Solicitudes,Territorio,5,Multi Companies,,,,,base.group_multi_company,25,PRIVILEGE_PARTIAL;HAS_XMLID_19
166,219,Solicitudes: Rol Territorio,Solicitudes,Territorio,6,Multi Currencies,,,,,base.group_multi_currency,25,PRIVILEGE_PARTIAL;HAS_XMLID_19
166,219,Solicitudes: Rol Territorio,Solicitudes,Territorio,7,Technical Features,,,,,base.group_no_one,25,PRIVILEGE_PARTIAL;HAS_XMLID_19
166,219,Solicitudes: Rol Territorio,Solicitudes,Territorio,10,Role / Portal,,,,,base.group_portal,25,PRIVILEGE_PARTIAL;HAS_XMLID_19
166,219,Solicitudes: Rol Territorio,Solicitudes,Territorio,11,Role / Public,,,,,base.group_public,25,PRIVILEGE_PARTIAL;HAS_XMLID_19
166,219,Solicitudes: Rol Territorio,Solicitudes,Territorio,12,Default access for new users,,,,,base.default_user_group,25,PRIVILEGE_PARTIAL;HAS_XMLID_19
166,219,Solicitudes: Rol Territorio,Solicitudes,Territorio,13,Technical Documentation,,,,,api_doc.group_allow_doc,25,PRIVILEGE_PARTIAL;HAS_XMLID_19
166,219,Solicitudes: Rol Territorio,Solicitudes,Territorio,15,Mail Template Editor,,,,,mail.group_mail_template_editor,25,PRIVILEGE_PARTIAL;HAS_XMLID_19
166,219,Solicitudes: Rol Territorio,Solicitudes,Territorio,16,Receive notifications in Odoo,,,,,mail.group_mail_notification_type_inbox,25,PRIVILEGE_PARTIAL;HAS_XMLID_19
166,219,Solicitudes: Rol Territorio,Solicitudes,Territorio,25,Menus y Accesos Obsoletos,,,,,sicpro_app_administracion.grupo_app_administracion_obsoletos,25,PRIVILEGE_PARTIAL;HAS_XMLID_19
166,219,Solicitudes: Rol Territorio,Solicitudes,Territorio,26,Manage Multiple Units of Measure,,,,,uom.group_uom,25,PRIVILEGE_PARTIAL;HAS_XMLID_19
166,219,Solicitudes: Rol Territorio,Solicitudes,Territorio,27,Analytic Accounting,,,,,analytic.group_analytic_accounting,25,PRIVILEGE_PARTIAL;HAS_XMLID_19
166,219,Solicitudes: Rol Territorio,Solicitudes,Territorio,32,Use Stages on Project,,,,,project.group_project_stages,25,PRIVILEGE_PARTIAL;HAS_XMLID_19
166,219,Solicitudes: Rol Territorio,Solicitudes,Territorio,33,Use Recurring Tasks,,,,,project.group_project_recurring_tasks,25,PRIVILEGE_PARTIAL;HAS_XMLID_19
166,219,Solicitudes: Rol Territorio,Solicitudes,Territorio,34,Use Task Dependencies,,,,,project.group_project_task_dependencies,25,PRIVILEGE_PARTIAL;HAS_XMLID_19
166,219,Solicitudes: Rol Territorio,Solicitudes,Territorio,35,Use Milestones,,,,,project.group_project_milestone,25,PRIVILEGE_PARTIAL;HAS_XMLID_19
166,219,Solicitudes: Rol Territorio,Solicitudes,Territorio,44,Consultas Postgres,,,,,sicpro_modulo_querydb.group_querydeluxe,25,PRIVILEGE_PARTIAL;HAS_XMLID_19
166,219,Solicitudes: Rol Territorio,Solicitudes,Territorio,105,Usuario,33,Solicitudes de S.I.,107,Servicios Corporativos,sicpro_app_servicios_internos.grupo_app_internos_solicitudes_usuario,25,PRIVILEGE_PARTIAL;HAS_XMLID_19
166,219,Solicitudes: Rol Territorio,Solicitudes,Territorio,106,Ejecutor de Solicitud,33,Solicitudes de S.I.,107,Servicios Corporativos,sicpro_app_servicios_internos.grupo_app_internos_solicitudes_ejecutor,25,PRIVILEGE_PARTIAL;HAS_XMLID_19
166,219,Solicitudes: Rol Territorio,Solicitudes,Territorio,107,Revisión de Solicitud,33,Solicitudes de S.I.,107,Servicios Corporativos,sicpro_app_servicios_internos.grupo_app_internos_solicitudes_revision,25,PRIVILEGE_PARTIAL;HAS_XMLID_19
166,219,Solicitudes: Rol Territorio,Solicitudes,Territorio,108,Validación de Solicitud,33,Solicitudes de S.I.,107,Servicios Corporativos,sicpro_app_servicios_internos.grupo_app_internos_solicitudes_validar,25,PRIVILEGE_PARTIAL;HAS_XMLID_19
167,220,Servicios Internos: Rol Usuario,Servicios Internos,Usuario,100,Usuario,32,Servicios Internos,107,Servicios Corporativos,sicpro_app_servicios_internos.grupo_app_internos_usuario,110,ROLE_NAME_EXACT;PRIVILEGE_EXACT;HAS_XMLID_19
167,220,Servicios Internos: Rol Usuario,Servicios Internos,Usuario,36,Usuario,10,Gestor Documental,107,Servicios Corporativos,sicpro_app_gestor_documental.group_document_user,60,ROLE_NAME_EXACT;HAS_XMLID_19
167,220,Servicios Internos: Rol Usuario,Servicios Internos,Usuario,38,Usuario,11,Salón de Clases,107,Servicios Corporativos,sicpro_app_salon_clases.grupo_app_salon_clases_usuario,60,ROLE_NAME_EXACT;HAS_XMLID_19
167,220,Servicios Internos: Rol Usuario,Servicios Internos,Usuario,41,Usuario,12,Registros de auditoría,115,Registro de auditoría,sicpro_modulo_auditorias.group_auditlog_user,60,ROLE_NAME_EXACT;HAS_XMLID_19
167,220,Servicios Internos: Rol Usuario,Servicios Internos,Usuario,90,Usuario,30,Repositorio DVPE.,107,Servicios Corporativos,sicpro_app_repositorio_institucional.group_repositorio_institucional_user,60,ROLE_NAME_EXACT;HAS_XMLID_19
167,220,Servicios Internos: Rol Usuario,Servicios Internos,Usuario,95,Usuario,31,Reuniones,105,Gestión de Reuniones,sicpro_app_reuniones.group_reuniones_usuario,60,ROLE_NAME_EXACT;HAS_XMLID_19
167,220,Servicios Internos: Rol Usuario,Servicios Internos,Usuario,101,Ejecutor de Servicios,32,Servicios Internos,107,Servicios Corporativos,sicpro_app_servicios_internos.grupo_app_internos_ejecutor_servicios,60,PRIVILEGE_EXACT;IMPLIED_COMMON:usuario;HAS_XMLID_19
167,220,Servicios Internos: Rol Usuario,Servicios Internos,Usuario,105,Usuario,33,Solicitudes de S.I.,107,Servicios Corporativos,sicpro_app_servicios_internos.grupo_app_internos_solicitudes_usuario,60,ROLE_NAME_EXACT;HAS_XMLID_19
167,220,Servicios Internos: Rol Usuario,Servicios Internos,Usuario,134,Usuario,43,Operaciones,110,Programa de la Vivienda,sicpro_app_programa_viviendas.grupo_app_vivienda_visualizar,60,ROLE_NAME_EXACT;HAS_XMLID_19
167,220,Servicios Internos: Rol Usuario,Servicios Internos,Usuario,102,Ejecutor Corporativo,32,Servicios Internos,107,Servicios Corporativos,sicpro_app_servicios_internos.grupo_app_internos_ejecutor_interno,50,PRIVILEGE_EXACT;HAS_XMLID_19
167,220,Servicios Internos: Rol Usuario,Servicios Internos,Usuario,103,Responsable,32,Servicios Internos,107,Servicios Corporativos,sicpro_app_servicios_internos.grupo_app_internos_responsable,50,PRIVILEGE_EXACT;HAS_XMLID_19
167,220,Servicios Internos: Rol Usuario,Servicios Internos,Usuario,104,Administrador,32,Servicios Internos,107,Servicios Corporativos,sicpro_app_servicios_internos.grupo_app_internos_admin,50,PRIVILEGE_EXACT;HAS_XMLID_19
167,220,Servicios Internos: Rol Usuario,Servicios Internos,Usuario,46,Usuarios,15,CMI,108,Gestión de Producción,sicpro_app_cmi.grupo_app_cmi_usuario,35,ROLE_NAME_PARTIAL;HAS_XMLID_19
167,220,Servicios Internos: Rol Usuario,Servicios Internos,Usuario,50,Usuarios,16,Materiales e Insumos,102,Preparación Técnica,sicpro_app_materiales_insumos.grupo_app_materiales_insumos_usuario,35,ROLE_NAME_PARTIAL;HAS_XMLID_19
167,220,Servicios Internos: Rol Usuario,Servicios Internos,Usuario,54,Usuarios,17,Usuario del Proceso,97,Capital Humano,sicpro_app_trabajadores.grupo_app_trabajador_usuario_proceso,35,ROLE_NAME_PARTIAL;HAS_XMLID_19
167,220,Servicios Internos: Rol Usuario,Servicios Internos,Usuario,86,Usuarios,29,Metrología,106,Activos y Herramientas,sicpro_app_metrologia.grupo_app_metrologia_usuario,35,ROLE_NAME_PARTIAL;HAS_XMLID_19
167,220,Servicios Internos: Rol Usuario,Servicios Internos,Usuario,113,Usuarios,36,Transporte,98,Transportación,sicpro_app_transporte.grupo_app_transporte_usuario,35,ROLE_NAME_PARTIAL;HAS_XMLID_19
167,220,Servicios Internos: Rol Usuario,Servicios Internos,Usuario,117,Usuarios,37,Piquera,98,Transportación,sicpro_app_transporte.grupo_app_transporte_piquera_usuario,35,ROLE_NAME_PARTIAL;HAS_XMLID_19
167,220,Servicios Internos: Rol Usuario,Servicios Internos,Usuario,126,Usuarios,40,Clientes,101,Solicitudes de Obras,sicpro_app_clientes.grupo_app_clientes_usuario,35,ROLE_NAME_PARTIAL;HAS_XMLID_19
167,220,Servicios Internos: Rol Usuario,Servicios Internos,Usuario,130,Usuarios,41,Instrucciones,97,Capital Humano,sicpro_app_instrucciones.grupo_app_instruciones_usuario,35,ROLE_NAME_PARTIAL;HAS_XMLID_19
167,220,Servicios Internos: Rol Usuario,Servicios Internos,Usuario,141,Usuarios,44,Solicitudes,101,Solicitudes de Obras,sicpro_app_solicitudes.grupo_app_solicitud_usuario,35,ROLE_NAME_PARTIAL;HAS_XMLID_19
167,220,Servicios Internos: Rol Usuario,Servicios Internos,Usuario,1,Role / User,,,,,base.group_user,25,PRIVILEGE_PARTIAL;HAS_XMLID_19
167,220,Servicios Internos: Rol Usuario,Servicios Internos,Usuario,2,Access Rights,,,,,base.group_erp_manager,25,PRIVILEGE_PARTIAL;HAS_XMLID_19
167,220,Servicios Internos: Rol Usuario,Servicios Internos,Usuario,3,Bypass HTML Field Sanitize,,,,,base.group_sanitize_override,25,PRIVILEGE_PARTIAL;HAS_XMLID_19
167,220,Servicios Internos: Rol Usuario,Servicios Internos,Usuario,4,Role / Administrator,,,,,base.group_system,25,PRIVILEGE_PARTIAL;HAS_XMLID_19
167,220,Servicios Internos: Rol Usuario,Servicios Internos,Usuario,5,Multi Companies,,,,,base.group_multi_company,25,PRIVILEGE_PARTIAL;HAS_XMLID_19
167,220,Servicios Internos: Rol Usuario,Servicios Internos,Usuario,6,Multi Currencies,,,,,base.group_multi_currency,25,PRIVILEGE_PARTIAL;HAS_XMLID_19
167,220,Servicios Internos: Rol Usuario,Servicios Internos,Usuario,7,Technical Features,,,,,base.group_no_one,25,PRIVILEGE_PARTIAL;HAS_XMLID_19
167,220,Servicios Internos: Rol Usuario,Servicios Internos,Usuario,10,Role / Portal,,,,,base.group_portal,25,PRIVILEGE_PARTIAL;HAS_XMLID_19
167,220,Servicios Internos: Rol Usuario,Servicios Internos,Usuario,11,Role / Public,,,,,base.group_public,25,PRIVILEGE_PARTIAL;HAS_XMLID_19
167,220,Servicios Internos: Rol Usuario,Servicios Internos,Usuario,12,Default access for new users,,,,,base.default_user_group,25,PRIVILEGE_PARTIAL;HAS_XMLID_19
167,220,Servicios Internos: Rol Usuario,Servicios Internos,Usuario,13,Technical Documentation,,,,,api_doc.group_allow_doc,25,PRIVILEGE_PARTIAL;HAS_XMLID_19
167,220,Servicios Internos: Rol Usuario,Servicios Internos,Usuario,15,Mail Template Editor,,,,,mail.group_mail_template_editor,25,PRIVILEGE_PARTIAL;HAS_XMLID_19
167,220,Servicios Internos: Rol Usuario,Servicios Internos,Usuario,16,Receive notifications in Odoo,,,,,mail.group_mail_notification_type_inbox,25,PRIVILEGE_PARTIAL;HAS_XMLID_19
167,220,Servicios Internos: Rol Usuario,Servicios Internos,Usuario,25,Menus y Accesos Obsoletos,,,,,sicpro_app_administracion.grupo_app_administracion_obsoletos,25,PRIVILEGE_PARTIAL;HAS_XMLID_19
167,220,Servicios Internos: Rol Usuario,Servicios Internos,Usuario,26,Manage Multiple Units of Measure,,,,,uom.group_uom,25,PRIVILEGE_PARTIAL;HAS_XMLID_19
167,220,Servicios Internos: Rol Usuario,Servicios Internos,Usuario,27,Analytic Accounting,,,,,analytic.group_analytic_accounting,25,PRIVILEGE_PARTIAL;HAS_XMLID_19
167,220,Servicios Internos: Rol Usuario,Servicios Internos,Usuario,32,Use Stages on Project,,,,,project.group_project_stages,25,PRIVILEGE_PARTIAL;HAS_XMLID_19
167,220,Servicios Internos: Rol Usuario,Servicios Internos,Usuario,33,Use Recurring Tasks,,,,,project.group_project_recurring_tasks,25,PRIVILEGE_PARTIAL;HAS_XMLID_19
167,220,Servicios Internos: Rol Usuario,Servicios Internos,Usuario,34,Use Task Dependencies,,,,,project.group_project_task_dependencies,25,PRIVILEGE_PARTIAL;HAS_XMLID_19
167,220,Servicios Internos: Rol Usuario,Servicios Internos,Usuario,35,Use Milestones,,,,,project.group_project_milestone,25,PRIVILEGE_PARTIAL;HAS_XMLID_19
167,220,Servicios Internos: Rol Usuario,Servicios Internos,Usuario,44,Consultas Postgres,,,,,sicpro_modulo_querydb.group_querydeluxe,25,PRIVILEGE_PARTIAL;HAS_XMLID_19
167,220,Servicios Internos: Rol Usuario,Servicios Internos,Usuario,37,Ejecutor,10,Gestor Documental,107,Servicios Corporativos,sicpro_app_gestor_documental.group_document_manager,10,IMPLIED_COMMON:usuario;HAS_XMLID_19
167,220,Servicios Internos: Rol Usuario,Servicios Internos,Usuario,39,Responsable,11,Salón de Clases,107,Servicios Corporativos,sicpro_app_salon_clases.grupo_app_salon_clases_responsable,10,IMPLIED_COMMON:usuario;HAS_XMLID_19
167,220,Servicios Internos: Rol Usuario,Servicios Internos,Usuario,42,Administrador,12,Registros de auditoría,115,Registro de auditoría,sicpro_modulo_auditorias.group_auditlog_manager,10,IMPLIED_COMMON:usuario;HAS_XMLID_19
167,220,Servicios Internos: Rol Usuario,Servicios Internos,Usuario,91,Creador,30,Repositorio DVPE.,107,Servicios Corporativos,sicpro_app_repositorio_institucional.group_repositorio_institucional_creador,10,IMPLIED_COMMON:usuario;HAS_XMLID_19
167,220,Servicios Internos: Rol Usuario,Servicios Internos,Usuario,96,Secretaria,31,Reuniones,105,Gestión de Reuniones,sicpro_app_reuniones.group_reuniones_secretaria,10,IMPLIED_COMMON:usuario;HAS_XMLID_19
167,220,Servicios Internos: Rol Usuario,Servicios Internos,Usuario,106,Ejecutor de Solicitud,33,Solicitudes de S.I.,107,Servicios Corporativos,sicpro_app_servicios_internos.grupo_app_internos_solicitudes_ejecutor,10,IMPLIED_COMMON:usuario;HAS_XMLID_19
167,220,Servicios Internos: Rol Usuario,Servicios Internos,Usuario,135,Secretario general,43,Operaciones,110,Programa de la Vivienda,sicpro_app_programa_viviendas.grupo_app_vivienda_secretario_general,10,IMPLIED_COMMON:usuario;HAS_XMLID_19
168,221,Servicios Internos: Rol Ejecutor de Servicios,Servicios Internos,Ejecutor de Servicios,101,Ejecutor de Servicios,32,Servicios Internos,107,Servicios Corporativos,sicpro_app_servicios_internos.grupo_app_internos_ejecutor_servicios,110,ROLE_NAME_EXACT;PRIVILEGE_EXACT;HAS_XMLID_19
168,221,Servicios Internos: Rol Ejecutor de Servicios,Servicios Internos,Ejecutor de Servicios,102,Ejecutor Corporativo,32,Servicios Internos,107,Servicios Corporativos,sicpro_app_servicios_internos.grupo_app_internos_ejecutor_interno,60,PRIVILEGE_EXACT;IMPLIED_COMMON:ejecutor de servicios;HAS_XMLID_19
168,221,Servicios Internos: Rol Ejecutor de Servicios,Servicios Internos,Ejecutor de Servicios,100,Usuario,32,Servicios Internos,107,Servicios Corporativos,sicpro_app_servicios_internos.grupo_app_internos_usuario,50,PRIVILEGE_EXACT;HAS_XMLID_19
168,221,Servicios Internos: Rol Ejecutor de Servicios,Servicios Internos,Ejecutor de Servicios,103,Responsable,32,Servicios Internos,107,Servicios Corporativos,sicpro_app_servicios_internos.grupo_app_internos_responsable,50,PRIVILEGE_EXACT;HAS_XMLID_19
168,221,Servicios Internos: Rol Ejecutor de Servicios,Servicios Internos,Ejecutor de Servicios,104,Administrador,32,Servicios Internos,107,Servicios Corporativos,sicpro_app_servicios_internos.grupo_app_internos_admin,50,PRIVILEGE_EXACT;HAS_XMLID_19
168,221,Servicios Internos: Rol Ejecutor de Servicios,Servicios Internos,Ejecutor de Servicios,37,Ejecutor,10,Gestor Documental,107,Servicios Corporativos,sicpro_app_gestor_documental.group_document_manager,35,ROLE_NAME_PARTIAL;HAS_XMLID_19
168,221,Servicios Internos: Rol Ejecutor de Servicios,Servicios Internos,Ejecutor de Servicios,47,Ejecutor,15,CMI,108,Gestión de Producción,sicpro_app_cmi.grupo_app_cmi_ejecutor,35,ROLE_NAME_PARTIAL;HAS_XMLID_19
168,221,Servicios Internos: Rol Ejecutor de Servicios,Servicios Internos,Ejecutor de Servicios,51,Ejecutor,16,Materiales e Insumos,102,Preparación Técnica,sicpro_app_materiales_insumos.grupo_app_materiales_insumos_ejecutor,35,ROLE_NAME_PARTIAL;HAS_XMLID_19
168,221,Servicios Internos: Rol Ejecutor de Servicios,Servicios Internos,Ejecutor de Servicios,69,Ejecutor,22,Seguridad y Salud,97,Capital Humano,sicpro_app_trabajadores.grupo_app_trabajador_seguridad_salud,35,ROLE_NAME_PARTIAL;HAS_XMLID_19
168,221,Servicios Internos: Rol Ejecutor de Servicios,Servicios Internos,Ejecutor de Servicios,72,Ejecutor,23,Ejecutor,109,Control de la información,sicpro_app_control_informacion.grupo_control_informacion_ejecutor,35,ROLE_NAME_PARTIAL;HAS_XMLID_19
168,221,Servicios Internos: Rol Ejecutor de Servicios,Servicios Internos,Ejecutor de Servicios,87,Ejecutor,29,Metrología,106,Activos y Herramientas,sicpro_app_metrologia.grupo_app_metrologia_ejecutor,35,ROLE_NAME_PARTIAL;HAS_XMLID_19
168,221,Servicios Internos: Rol Ejecutor de Servicios,Servicios Internos,Ejecutor de Servicios,109,Ejecutor,34,Soporte,113,Soporte Técnico,sicpro_app_soporte.group_soporte_ejecutor,35,ROLE_NAME_PARTIAL;HAS_XMLID_19
168,221,Servicios Internos: Rol Ejecutor de Servicios,Servicios Internos,Ejecutor de Servicios,114,Ejecutor,36,Transporte,98,Transportación,sicpro_app_transporte.grupo_app_transporte_ejecutor,35,ROLE_NAME_PARTIAL;HAS_XMLID_19
168,221,Servicios Internos: Rol Ejecutor de Servicios,Servicios Internos,Ejecutor de Servicios,118,Ejecutor,37,Piquera,98,Transportación,sicpro_app_transporte.grupo_app_transporte_piquera_ejecutor,35,ROLE_NAME_PARTIAL;HAS_XMLID_19
168,221,Servicios Internos: Rol Ejecutor de Servicios,Servicios Internos,Ejecutor de Servicios,120,Ejecutor,38,Víveres Logística,111,Alimentación,sicpro_app_viveres.grupo_app_viveres_resumen_ejecutor,35,ROLE_NAME_PARTIAL;HAS_XMLID_19
168,221,Servicios Internos: Rol Ejecutor de Servicios,Servicios Internos,Ejecutor de Servicios,124,Ejecutor,39,Víveres Áreas,111,Alimentación,sicpro_app_viveres.grupo_app_viveres_areas_ejecutor,35,ROLE_NAME_PARTIAL;HAS_XMLID_19
168,221,Servicios Internos: Rol Ejecutor de Servicios,Servicios Internos,Ejecutor de Servicios,127,Ejecutor,40,Clientes,101,Solicitudes de Obras,sicpro_app_clientes.grupo_app_clientes_ejecutor,35,ROLE_NAME_PARTIAL;HAS_XMLID_19
168,221,Servicios Internos: Rol Ejecutor de Servicios,Servicios Internos,Ejecutor de Servicios,145,Ejecutor,45,Inversionistas,101,Solicitudes de Obras,sicpro_app_solicitudes.grupo_app_iniciativas_ejecutor,35,ROLE_NAME_PARTIAL;HAS_XMLID_19
168,221,Servicios Internos: Rol Ejecutor de Servicios,Servicios Internos,Ejecutor de Servicios,147,Ejecutor,46,Negociación,101,Solicitudes de Obras,sicpro_app_solicitudes.grupo_app_negocio_ejecutor,35,ROLE_NAME_PARTIAL;HAS_XMLID_19
168,221,Servicios Internos: Rol Ejecutor de Servicios,Servicios Internos,Ejecutor de Servicios,148,Ejecutor,47,Revisión del Negocio,101,Solicitudes de Obras,sicpro_app_solicitudes.grupo_app_negocio_pg_ejecutor,35,ROLE_NAME_PARTIAL;HAS_XMLID_19
168,221,Servicios Internos: Rol Ejecutor de Servicios,Servicios Internos,Ejecutor de Servicios,149,Ejecutor,48,Distribuidores,101,Solicitudes de Obras,sicpro_app_solicitudes.grupo_app_ejecutor_ejecutor,35,ROLE_NAME_PARTIAL;HAS_XMLID_19
168,221,Servicios Internos: Rol Ejecutor de Servicios,Servicios Internos,Ejecutor de Servicios,1,Role / User,,,,,base.group_user,25,PRIVILEGE_PARTIAL;HAS_XMLID_19
168,221,Servicios Internos: Rol Ejecutor de Servicios,Servicios Internos,Ejecutor de Servicios,2,Access Rights,,,,,base.group_erp_manager,25,PRIVILEGE_PARTIAL;HAS_XMLID_19
168,221,Servicios Internos: Rol Ejecutor de Servicios,Servicios Internos,Ejecutor de Servicios,3,Bypass HTML Field Sanitize,,,,,base.group_sanitize_override,25,PRIVILEGE_PARTIAL;HAS_XMLID_19
168,221,Servicios Internos: Rol Ejecutor de Servicios,Servicios Internos,Ejecutor de Servicios,4,Role / Administrator,,,,,base.group_system,25,PRIVILEGE_PARTIAL;HAS_XMLID_19
168,221,Servicios Internos: Rol Ejecutor de Servicios,Servicios Internos,Ejecutor de Servicios,5,Multi Companies,,,,,base.group_multi_company,25,PRIVILEGE_PARTIAL;HAS_XMLID_19
168,221,Servicios Internos: Rol Ejecutor de Servicios,Servicios Internos,Ejecutor de Servicios,6,Multi Currencies,,,,,base.group_multi_currency,25,PRIVILEGE_PARTIAL;HAS_XMLID_19
168,221,Servicios Internos: Rol Ejecutor de Servicios,Servicios Internos,Ejecutor de Servicios,7,Technical Features,,,,,base.group_no_one,25,PRIVILEGE_PARTIAL;HAS_XMLID_19
168,221,Servicios Internos: Rol Ejecutor de Servicios,Servicios Internos,Ejecutor de Servicios,10,Role / Portal,,,,,base.group_portal,25,PRIVILEGE_PARTIAL;HAS_XMLID_19
168,221,Servicios Internos: Rol Ejecutor de Servicios,Servicios Internos,Ejecutor de Servicios,11,Role / Public,,,,,base.group_public,25,PRIVILEGE_PARTIAL;HAS_XMLID_19
168,221,Servicios Internos: Rol Ejecutor de Servicios,Servicios Internos,Ejecutor de Servicios,12,Default access for new users,,,,,base.default_user_group,25,PRIVILEGE_PARTIAL;HAS_XMLID_19
168,221,Servicios Internos: Rol Ejecutor de Servicios,Servicios Internos,Ejecutor de Servicios,13,Technical Documentation,,,,,api_doc.group_allow_doc,25,PRIVILEGE_PARTIAL;HAS_XMLID_19
168,221,Servicios Internos: Rol Ejecutor de Servicios,Servicios Internos,Ejecutor de Servicios,15,Mail Template Editor,,,,,mail.group_mail_template_editor,25,PRIVILEGE_PARTIAL;HAS_XMLID_19
168,221,Servicios Internos: Rol Ejecutor de Servicios,Servicios Internos,Ejecutor de Servicios,16,Receive notifications in Odoo,,,,,mail.group_mail_notification_type_inbox,25,PRIVILEGE_PARTIAL;HAS_XMLID_19
168,221,Servicios Internos: Rol Ejecutor de Servicios,Servicios Internos,Ejecutor de Servicios,25,Menus y Accesos Obsoletos,,,,,sicpro_app_administracion.grupo_app_administracion_obsoletos,25,PRIVILEGE_PARTIAL;HAS_XMLID_19
168,221,Servicios Internos: Rol Ejecutor de Servicios,Servicios Internos,Ejecutor de Servicios,26,Manage Multiple Units of Measure,,,,,uom.group_uom,25,PRIVILEGE_PARTIAL;HAS_XMLID_19
168,221,Servicios Internos: Rol Ejecutor de Servicios,Servicios Internos,Ejecutor de Servicios,27,Analytic Accounting,,,,,analytic.group_analytic_accounting,25,PRIVILEGE_PARTIAL;HAS_XMLID_19
168,221,Servicios Internos: Rol Ejecutor de Servicios,Servicios Internos,Ejecutor de Servicios,32,Use Stages on Project,,,,,project.group_project_stages,25,PRIVILEGE_PARTIAL;HAS_XMLID_19
168,221,Servicios Internos: Rol Ejecutor de Servicios,Servicios Internos,Ejecutor de Servicios,33,Use Recurring Tasks,,,,,project.group_project_recurring_tasks,25,PRIVILEGE_PARTIAL;HAS_XMLID_19
168,221,Servicios Internos: Rol Ejecutor de Servicios,Servicios Internos,Ejecutor de Servicios,34,Use Task Dependencies,,,,,project.group_project_task_dependencies,25,PRIVILEGE_PARTIAL;HAS_XMLID_19
168,221,Servicios Internos: Rol Ejecutor de Servicios,Servicios Internos,Ejecutor de Servicios,35,Use Milestones,,,,,project.group_project_milestone,25,PRIVILEGE_PARTIAL;HAS_XMLID_19
168,221,Servicios Internos: Rol Ejecutor de Servicios,Servicios Internos,Ejecutor de Servicios,44,Consultas Postgres,,,,,sicpro_modulo_querydb.group_querydeluxe,25,PRIVILEGE_PARTIAL;HAS_XMLID_19
169,222,Servicios Internos: Rol Ejecutor Corporativo,Servicios Internos,Ejecutor Corporativo,102,Ejecutor Corporativo,32,Servicios Internos,107,Servicios Corporativos,sicpro_app_servicios_internos.grupo_app_internos_ejecutor_interno,110,ROLE_NAME_EXACT;PRIVILEGE_EXACT;HAS_XMLID_19
169,222,Servicios Internos: Rol Ejecutor Corporativo,Servicios Internos,Ejecutor Corporativo,103,Responsable,32,Servicios Internos,107,Servicios Corporativos,sicpro_app_servicios_internos.grupo_app_internos_responsable,60,PRIVILEGE_EXACT;IMPLIED_COMMON:ejecutor corporativo;HAS_XMLID_19
169,222,Servicios Internos: Rol Ejecutor Corporativo,Servicios Internos,Ejecutor Corporativo,100,Usuario,32,Servicios Internos,107,Servicios Corporativos,sicpro_app_servicios_internos.grupo_app_internos_usuario,50,PRIVILEGE_EXACT;HAS_XMLID_19
169,222,Servicios Internos: Rol Ejecutor Corporativo,Servicios Internos,Ejecutor Corporativo,101,Ejecutor de Servicios,32,Servicios Internos,107,Servicios Corporativos,sicpro_app_servicios_internos.grupo_app_internos_ejecutor_servicios,50,PRIVILEGE_EXACT;HAS_XMLID_19
169,222,Servicios Internos: Rol Ejecutor Corporativo,Servicios Internos,Ejecutor Corporativo,104,Administrador,32,Servicios Internos,107,Servicios Corporativos,sicpro_app_servicios_internos.grupo_app_internos_admin,50,PRIVILEGE_EXACT;HAS_XMLID_19
169,222,Servicios Internos: Rol Ejecutor Corporativo,Servicios Internos,Ejecutor Corporativo,37,Ejecutor,10,Gestor Documental,107,Servicios Corporativos,sicpro_app_gestor_documental.group_document_manager,35,ROLE_NAME_PARTIAL;HAS_XMLID_19
169,222,Servicios Internos: Rol Ejecutor Corporativo,Servicios Internos,Ejecutor Corporativo,47,Ejecutor,15,CMI,108,Gestión de Producción,sicpro_app_cmi.grupo_app_cmi_ejecutor,35,ROLE_NAME_PARTIAL;HAS_XMLID_19
169,222,Servicios Internos: Rol Ejecutor Corporativo,Servicios Internos,Ejecutor Corporativo,51,Ejecutor,16,Materiales e Insumos,102,Preparación Técnica,sicpro_app_materiales_insumos.grupo_app_materiales_insumos_ejecutor,35,ROLE_NAME_PARTIAL;HAS_XMLID_19
169,222,Servicios Internos: Rol Ejecutor Corporativo,Servicios Internos,Ejecutor Corporativo,69,Ejecutor,22,Seguridad y Salud,97,Capital Humano,sicpro_app_trabajadores.grupo_app_trabajador_seguridad_salud,35,ROLE_NAME_PARTIAL;HAS_XMLID_19
169,222,Servicios Internos: Rol Ejecutor Corporativo,Servicios Internos,Ejecutor Corporativo,72,Ejecutor,23,Ejecutor,109,Control de la información,sicpro_app_control_informacion.grupo_control_informacion_ejecutor,35,ROLE_NAME_PARTIAL;HAS_XMLID_19
169,222,Servicios Internos: Rol Ejecutor Corporativo,Servicios Internos,Ejecutor Corporativo,87,Ejecutor,29,Metrología,106,Activos y Herramientas,sicpro_app_metrologia.grupo_app_metrologia_ejecutor,35,ROLE_NAME_PARTIAL;HAS_XMLID_19
169,222,Servicios Internos: Rol Ejecutor Corporativo,Servicios Internos,Ejecutor Corporativo,109,Ejecutor,34,Soporte,113,Soporte Técnico,sicpro_app_soporte.group_soporte_ejecutor,35,ROLE_NAME_PARTIAL;HAS_XMLID_19
169,222,Servicios Internos: Rol Ejecutor Corporativo,Servicios Internos,Ejecutor Corporativo,114,Ejecutor,36,Transporte,98,Transportación,sicpro_app_transporte.grupo_app_transporte_ejecutor,35,ROLE_NAME_PARTIAL;HAS_XMLID_19
169,222,Servicios Internos: Rol Ejecutor Corporativo,Servicios Internos,Ejecutor Corporativo,118,Ejecutor,37,Piquera,98,Transportación,sicpro_app_transporte.grupo_app_transporte_piquera_ejecutor,35,ROLE_NAME_PARTIAL;HAS_XMLID_19
169,222,Servicios Internos: Rol Ejecutor Corporativo,Servicios Internos,Ejecutor Corporativo,120,Ejecutor,38,Víveres Logística,111,Alimentación,sicpro_app_viveres.grupo_app_viveres_resumen_ejecutor,35,ROLE_NAME_PARTIAL;HAS_XMLID_19
169,222,Servicios Internos: Rol Ejecutor Corporativo,Servicios Internos,Ejecutor Corporativo,124,Ejecutor,39,Víveres Áreas,111,Alimentación,sicpro_app_viveres.grupo_app_viveres_areas_ejecutor,35,ROLE_NAME_PARTIAL;HAS_XMLID_19
169,222,Servicios Internos: Rol Ejecutor Corporativo,Servicios Internos,Ejecutor Corporativo,127,Ejecutor,40,Clientes,101,Solicitudes de Obras,sicpro_app_clientes.grupo_app_clientes_ejecutor,35,ROLE_NAME_PARTIAL;HAS_XMLID_19
169,222,Servicios Internos: Rol Ejecutor Corporativo,Servicios Internos,Ejecutor Corporativo,145,Ejecutor,45,Inversionistas,101,Solicitudes de Obras,sicpro_app_solicitudes.grupo_app_iniciativas_ejecutor,35,ROLE_NAME_PARTIAL;HAS_XMLID_19
169,222,Servicios Internos: Rol Ejecutor Corporativo,Servicios Internos,Ejecutor Corporativo,147,Ejecutor,46,Negociación,101,Solicitudes de Obras,sicpro_app_solicitudes.grupo_app_negocio_ejecutor,35,ROLE_NAME_PARTIAL;HAS_XMLID_19
169,222,Servicios Internos: Rol Ejecutor Corporativo,Servicios Internos,Ejecutor Corporativo,148,Ejecutor,47,Revisión del Negocio,101,Solicitudes de Obras,sicpro_app_solicitudes.grupo_app_negocio_pg_ejecutor,35,ROLE_NAME_PARTIAL;HAS_XMLID_19
169,222,Servicios Internos: Rol Ejecutor Corporativo,Servicios Internos,Ejecutor Corporativo,149,Ejecutor,48,Distribuidores,101,Solicitudes de Obras,sicpro_app_solicitudes.grupo_app_ejecutor_ejecutor,35,ROLE_NAME_PARTIAL;HAS_XMLID_19
169,222,Servicios Internos: Rol Ejecutor Corporativo,Servicios Internos,Ejecutor Corporativo,1,Role / User,,,,,base.group_user,25,PRIVILEGE_PARTIAL;HAS_XMLID_19
169,222,Servicios Internos: Rol Ejecutor Corporativo,Servicios Internos,Ejecutor Corporativo,2,Access Rights,,,,,base.group_erp_manager,25,PRIVILEGE_PARTIAL;HAS_XMLID_19
169,222,Servicios Internos: Rol Ejecutor Corporativo,Servicios Internos,Ejecutor Corporativo,3,Bypass HTML Field Sanitize,,,,,base.group_sanitize_override,25,PRIVILEGE_PARTIAL;HAS_XMLID_19
169,222,Servicios Internos: Rol Ejecutor Corporativo,Servicios Internos,Ejecutor Corporativo,4,Role / Administrator,,,,,base.group_system,25,PRIVILEGE_PARTIAL;HAS_XMLID_19
169,222,Servicios Internos: Rol Ejecutor Corporativo,Servicios Internos,Ejecutor Corporativo,5,Multi Companies,,,,,base.group_multi_company,25,PRIVILEGE_PARTIAL;HAS_XMLID_19
169,222,Servicios Internos: Rol Ejecutor Corporativo,Servicios Internos,Ejecutor Corporativo,6,Multi Currencies,,,,,base.group_multi_currency,25,PRIVILEGE_PARTIAL;HAS_XMLID_19
169,222,Servicios Internos: Rol Ejecutor Corporativo,Servicios Internos,Ejecutor Corporativo,7,Technical Features,,,,,base.group_no_one,25,PRIVILEGE_PARTIAL;HAS_XMLID_19
169,222,Servicios Internos: Rol Ejecutor Corporativo,Servicios Internos,Ejecutor Corporativo,10,Role / Portal,,,,,base.group_portal,25,PRIVILEGE_PARTIAL;HAS_XMLID_19
169,222,Servicios Internos: Rol Ejecutor Corporativo,Servicios Internos,Ejecutor Corporativo,11,Role / Public,,,,,base.group_public,25,PRIVILEGE_PARTIAL;HAS_XMLID_19
169,222,Servicios Internos: Rol Ejecutor Corporativo,Servicios Internos,Ejecutor Corporativo,12,Default access for new users,,,,,base.default_user_group,25,PRIVILEGE_PARTIAL;HAS_XMLID_19
169,222,Servicios Internos: Rol Ejecutor Corporativo,Servicios Internos,Ejecutor Corporativo,13,Technical Documentation,,,,,api_doc.group_allow_doc,25,PRIVILEGE_PARTIAL;HAS_XMLID_19
169,222,Servicios Internos: Rol Ejecutor Corporativo,Servicios Internos,Ejecutor Corporativo,15,Mail Template Editor,,,,,mail.group_mail_template_editor,25,PRIVILEGE_PARTIAL;HAS_XMLID_19
169,222,Servicios Internos: Rol Ejecutor Corporativo,Servicios Internos,Ejecutor Corporativo,16,Receive notifications in Odoo,,,,,mail.group_mail_notification_type_inbox,25,PRIVILEGE_PARTIAL;HAS_XMLID_19
169,222,Servicios Internos: Rol Ejecutor Corporativo,Servicios Internos,Ejecutor Corporativo,25,Menus y Accesos Obsoletos,,,,,sicpro_app_administracion.grupo_app_administracion_obsoletos,25,PRIVILEGE_PARTIAL;HAS_XMLID_19
169,222,Servicios Internos: Rol Ejecutor Corporativo,Servicios Internos,Ejecutor Corporativo,26,Manage Multiple Units of Measure,,,,,uom.group_uom,25,PRIVILEGE_PARTIAL;HAS_XMLID_19
169,222,Servicios Internos: Rol Ejecutor Corporativo,Servicios Internos,Ejecutor Corporativo,27,Analytic Accounting,,,,,analytic.group_analytic_accounting,25,PRIVILEGE_PARTIAL;HAS_XMLID_19
169,222,Servicios Internos: Rol Ejecutor Corporativo,Servicios Internos,Ejecutor Corporativo,32,Use Stages on Project,,,,,project.group_project_stages,25,PRIVILEGE_PARTIAL;HAS_XMLID_19
169,222,Servicios Internos: Rol Ejecutor Corporativo,Servicios Internos,Ejecutor Corporativo,33,Use Recurring Tasks,,,,,project.group_project_recurring_tasks,25,PRIVILEGE_PARTIAL;HAS_XMLID_19
169,222,Servicios Internos: Rol Ejecutor Corporativo,Servicios Internos,Ejecutor Corporativo,34,Use Task Dependencies,,,,,project.group_project_task_dependencies,25,PRIVILEGE_PARTIAL;HAS_XMLID_19
169,222,Servicios Internos: Rol Ejecutor Corporativo,Servicios Internos,Ejecutor Corporativo,35,Use Milestones,,,,,project.group_project_milestone,25,PRIVILEGE_PARTIAL;HAS_XMLID_19
169,222,Servicios Internos: Rol Ejecutor Corporativo,Servicios Internos,Ejecutor Corporativo,44,Consultas Postgres,,,,,sicpro_modulo_querydb.group_querydeluxe,25,PRIVILEGE_PARTIAL;HAS_XMLID_19
170,223,Servicios Internos: Rol Administrador,Servicios Internos,Administrador,104,Administrador,32,Servicios Internos,107,Servicios Corporativos,sicpro_app_servicios_internos.grupo_app_internos_admin,110,ROLE_NAME_EXACT;PRIVILEGE_EXACT;HAS_XMLID_19
170,223,Servicios Internos: Rol Administrador,Servicios Internos,Administrador,17,Administrador,4,Administrar SICPRO,94,Administración SICPRO ERP,sicpro_app_administracion.grupo_app_administracion_admin,60,ROLE_NAME_EXACT;HAS_XMLID_19
170,223,Servicios Internos: Rol Administrador,Servicios Internos,Administrador,40,Administrador,11,Salón de Clases,107,Servicios Corporativos,sicpro_app_salon_clases.grupo_app_salon_clases_admin,60,ROLE_NAME_EXACT;HAS_XMLID_19
170,223,Servicios Internos: Rol Administrador,Servicios Internos,Administrador,42,Administrador,12,Registros de auditoría,115,Registro de auditoría,sicpro_modulo_auditorias.group_auditlog_manager,60,ROLE_NAME_EXACT;HAS_XMLID_19
170,223,Servicios Internos: Rol Administrador,Servicios Internos,Administrador,43,Administrador,13,Nomencladores,94,Administración SICPRO ERP,sicpro_modulo_nomencladores.grupo_sicpro_nomencladores_admin,60,ROLE_NAME_EXACT;HAS_XMLID_19
170,223,Servicios Internos: Rol Administrador,Servicios Internos,Administrador,49,Administrador,15,CMI,108,Gestión de Producción,sicpro_app_cmi.grupo_app_cmi_admin,60,ROLE_NAME_EXACT;HAS_XMLID_19
170,223,Servicios Internos: Rol Administrador,Servicios Internos,Administrador,53,Administrador,16,Materiales e Insumos,102,Preparación Técnica,sicpro_app_materiales_insumos.grupo_app_materiales_insumos_admin,60,ROLE_NAME_EXACT;HAS_XMLID_19
170,223,Servicios Internos: Rol Administrador,Servicios Internos,Administrador,58,Administrador,18,Trabajadores,97,Capital Humano,sicpro_app_trabajadores.grupo_app_trabajador_admin,60,ROLE_NAME_EXACT;HAS_XMLID_19
170,223,Servicios Internos: Rol Administrador,Servicios Internos,Administrador,61,Administrador,19,Equipo Técnico,97,Capital Humano,sicpro_app_trabajadores.grupo_app_trabajador_equipos_admin,60,ROLE_NAME_EXACT;HAS_XMLID_19
170,223,Servicios Internos: Rol Administrador,Servicios Internos,Administrador,66,Administrador,20,Disciplinarias,97,Capital Humano,sicpro_app_trabajadores.grupo_app_trabajador_disciplina_admin,60,ROLE_NAME_EXACT;HAS_XMLID_19
170,223,Servicios Internos: Rol Administrador,Servicios Internos,Administrador,76,Administrador,25,Control,109,Control de la información,sicpro_app_control_informacion.grupo_control_informacion_admin,60,ROLE_NAME_EXACT;HAS_XMLID_19
170,223,Servicios Internos: Rol Administrador,Servicios Internos,Administrador,79,Administrador,26,Credenciales,97,Capital Humano,sicpro_app_credenciales.grupo_app_credenciales_admin,60,ROLE_NAME_EXACT;HAS_XMLID_19
170,223,Servicios Internos: Rol Administrador,Servicios Internos,Administrador,83,Administrador,27,Medios Informáticos,112,Informática,sicpro_app_medios_informaticos.grupo_app_medios_informaticos_admin,60,ROLE_NAME_EXACT;HAS_XMLID_19
170,223,Servicios Internos: Rol Administrador,Servicios Internos,Administrador,89,Administrador,29,Metrología,106,Activos y Herramientas,sicpro_app_metrologia.grupo_app_metrologia_admin,60,ROLE_NAME_EXACT;HAS_XMLID_19
170,223,Servicios Internos: Rol Administrador,Servicios Internos,Administrador,94,Administrador,30,Repositorio DVPE.,107,Servicios Corporativos,sicpro_app_repositorio_institucional.group_repositorio_institucional_admin,60,ROLE_NAME_EXACT;HAS_XMLID_19
170,223,Servicios Internos: Rol Administrador,Servicios Internos,Administrador,111,Administrador,34,Soporte,113,Soporte Técnico,sicpro_app_soporte.group_soporte_admin,60,ROLE_NAME_EXACT;HAS_XMLID_19
170,223,Servicios Internos: Rol Administrador,Servicios Internos,Administrador,116,Administrador,36,Transporte,98,Transportación,sicpro_app_transporte.grupo_app_transporte_admin,60,ROLE_NAME_EXACT;HAS_XMLID_19
170,223,Servicios Internos: Rol Administrador,Servicios Internos,Administrador,122,Administrador,38,Víveres Logística,111,Alimentación,sicpro_app_viveres.grupo_app_viveres_admin,60,ROLE_NAME_EXACT;HAS_XMLID_19
170,223,Servicios Internos: Rol Administrador,Servicios Internos,Administrador,129,Administrador,40,Clientes,101,Solicitudes de Obras,sicpro_app_clientes.grupo_app_clientes_admin,60,ROLE_NAME_EXACT;HAS_XMLID_19
170,223,Servicios Internos: Rol Administrador,Servicios Internos,Administrador,132,Administrador,41,Instrucciones,97,Capital Humano,sicpro_app_instrucciones.grupo_app_instruciones_admin,60,ROLE_NAME_EXACT;HAS_XMLID_19
170,223,Servicios Internos: Rol Administrador,Servicios Internos,Administrador,140,Administrador,43,Operaciones,110,Programa de la Vivienda,sicpro_app_programa_viviendas.grupo_app_vivienda_admin,60,ROLE_NAME_EXACT;HAS_XMLID_19
170,223,Servicios Internos: Rol Administrador,Servicios Internos,Administrador,144,Administrador,44,Solicitudes,101,Solicitudes de Obras,sicpro_app_solicitudes.grupo_app_solicitud_admin,60,ROLE_NAME_EXACT;HAS_XMLID_19
170,223,Servicios Internos: Rol Administrador,Servicios Internos,Administrador,155,Administrador,50,Usuarios Internos,103,Órdenes de Trabajo,sicpro_app_ordenes_trabajo.grupo_ordenes_admin,60,ROLE_NAME_EXACT;HAS_XMLID_19
170,223,Servicios Internos: Rol Administrador,Servicios Internos,Administrador,168,Administrador,53,Transferencias,104,Gestión de Gastos,sicpro_app_transferencias_gastos.grupo_transferencias_admin,60,ROLE_NAME_EXACT;HAS_XMLID_19
170,223,Servicios Internos: Rol Administrador,Servicios Internos,Administrador,100,Usuario,32,Servicios Internos,107,Servicios Corporativos,sicpro_app_servicios_internos.grupo_app_internos_usuario,50,PRIVILEGE_EXACT;HAS_XMLID_19
170,223,Servicios Internos: Rol Administrador,Servicios Internos,Administrador,101,Ejecutor de Servicios,32,Servicios Internos,107,Servicios Corporativos,sicpro_app_servicios_internos.grupo_app_internos_ejecutor_servicios,50,PRIVILEGE_EXACT;HAS_XMLID_19
170,223,Servicios Internos: Rol Administrador,Servicios Internos,Administrador,102,Ejecutor Corporativo,32,Servicios Internos,107,Servicios Corporativos,sicpro_app_servicios_internos.grupo_app_internos_ejecutor_interno,50,PRIVILEGE_EXACT;HAS_XMLID_19
170,223,Servicios Internos: Rol Administrador,Servicios Internos,Administrador,103,Responsable,32,Servicios Internos,107,Servicios Corporativos,sicpro_app_servicios_internos.grupo_app_internos_responsable,50,PRIVILEGE_EXACT;HAS_XMLID_19
170,223,Servicios Internos: Rol Administrador,Servicios Internos,Administrador,4,Role / Administrator,,,,,base.group_system,35,PRIVILEGE_PARTIAL;IMPLIED_COMMON:administrador;HAS_XMLID_19
170,223,Servicios Internos: Rol Administrador,Servicios Internos,Administrador,1,Role / User,,,,,base.group_user,25,PRIVILEGE_PARTIAL;HAS_XMLID_19
170,223,Servicios Internos: Rol Administrador,Servicios Internos,Administrador,2,Access Rights,,,,,base.group_erp_manager,25,PRIVILEGE_PARTIAL;HAS_XMLID_19
170,223,Servicios Internos: Rol Administrador,Servicios Internos,Administrador,3,Bypass HTML Field Sanitize,,,,,base.group_sanitize_override,25,PRIVILEGE_PARTIAL;HAS_XMLID_19
170,223,Servicios Internos: Rol Administrador,Servicios Internos,Administrador,5,Multi Companies,,,,,base.group_multi_company,25,PRIVILEGE_PARTIAL;HAS_XMLID_19
170,223,Servicios Internos: Rol Administrador,Servicios Internos,Administrador,6,Multi Currencies,,,,,base.group_multi_currency,25,PRIVILEGE_PARTIAL;HAS_XMLID_19
170,223,Servicios Internos: Rol Administrador,Servicios Internos,Administrador,7,Technical Features,,,,,base.group_no_one,25,PRIVILEGE_PARTIAL;HAS_XMLID_19
170,223,Servicios Internos: Rol Administrador,Servicios Internos,Administrador,10,Role / Portal,,,,,base.group_portal,25,PRIVILEGE_PARTIAL;HAS_XMLID_19
170,223,Servicios Internos: Rol Administrador,Servicios Internos,Administrador,11,Role / Public,,,,,base.group_public,25,PRIVILEGE_PARTIAL;HAS_XMLID_19
170,223,Servicios Internos: Rol Administrador,Servicios Internos,Administrador,12,Default access for new users,,,,,base.default_user_group,25,PRIVILEGE_PARTIAL;HAS_XMLID_19
170,223,Servicios Internos: Rol Administrador,Servicios Internos,Administrador,13,Technical Documentation,,,,,api_doc.group_allow_doc,25,PRIVILEGE_PARTIAL;HAS_XMLID_19
170,223,Servicios Internos: Rol Administrador,Servicios Internos,Administrador,15,Mail Template Editor,,,,,mail.group_mail_template_editor,25,PRIVILEGE_PARTIAL;HAS_XMLID_19
170,223,Servicios Internos: Rol Administrador,Servicios Internos,Administrador,16,Receive notifications in Odoo,,,,,mail.group_mail_notification_type_inbox,25,PRIVILEGE_PARTIAL;HAS_XMLID_19
170,223,Servicios Internos: Rol Administrador,Servicios Internos,Administrador,25,Menus y Accesos Obsoletos,,,,,sicpro_app_administracion.grupo_app_administracion_obsoletos,25,PRIVILEGE_PARTIAL;HAS_XMLID_19
170,223,Servicios Internos: Rol Administrador,Servicios Internos,Administrador,26,Manage Multiple Units of Measure,,,,,uom.group_uom,25,PRIVILEGE_PARTIAL;HAS_XMLID_19
170,223,Servicios Internos: Rol Administrador,Servicios Internos,Administrador,27,Analytic Accounting,,,,,analytic.group_analytic_accounting,25,PRIVILEGE_PARTIAL;HAS_XMLID_19
170,223,Servicios Internos: Rol Administrador,Servicios Internos,Administrador,32,Use Stages on Project,,,,,project.group_project_stages,25,PRIVILEGE_PARTIAL;HAS_XMLID_19
170,223,Servicios Internos: Rol Administrador,Servicios Internos,Administrador,33,Use Recurring Tasks,,,,,project.group_project_recurring_tasks,25,PRIVILEGE_PARTIAL;HAS_XMLID_19
170,223,Servicios Internos: Rol Administrador,Servicios Internos,Administrador,34,Use Task Dependencies,,,,,project.group_project_task_dependencies,25,PRIVILEGE_PARTIAL;HAS_XMLID_19
170,223,Servicios Internos: Rol Administrador,Servicios Internos,Administrador,35,Use Milestones,,,,,project.group_project_milestone,25,PRIVILEGE_PARTIAL;HAS_XMLID_19
170,223,Servicios Internos: Rol Administrador,Servicios Internos,Administrador,44,Consultas Postgres,,,,,sicpro_modulo_querydb.group_querydeluxe,25,PRIVILEGE_PARTIAL;HAS_XMLID_19
172,225,Transporte: Rol Ejecutor,Transporte,Ejecutor,114,Ejecutor,36,Transporte,98,Transportación,sicpro_app_transporte.grupo_app_transporte_ejecutor,110,ROLE_NAME_EXACT;PRIVILEGE_EXACT;HAS_XMLID_19
172,225,Transporte: Rol Ejecutor,Transporte,Ejecutor,37,Ejecutor,10,Gestor Documental,107,Servicios Corporativos,sicpro_app_gestor_documental.group_document_manager,60,ROLE_NAME_EXACT;HAS_XMLID_19
172,225,Transporte: Rol Ejecutor,Transporte,Ejecutor,47,Ejecutor,15,CMI,108,Gestión de Producción,sicpro_app_cmi.grupo_app_cmi_ejecutor,60,ROLE_NAME_EXACT;HAS_XMLID_19
172,225,Transporte: Rol Ejecutor,Transporte,Ejecutor,51,Ejecutor,16,Materiales e Insumos,102,Preparación Técnica,sicpro_app_materiales_insumos.grupo_app_materiales_insumos_ejecutor,60,ROLE_NAME_EXACT;HAS_XMLID_19
172,225,Transporte: Rol Ejecutor,Transporte,Ejecutor,69,Ejecutor,22,Seguridad y Salud,97,Capital Humano,sicpro_app_trabajadores.grupo_app_trabajador_seguridad_salud,60,ROLE_NAME_EXACT;HAS_XMLID_19
172,225,Transporte: Rol Ejecutor,Transporte,Ejecutor,72,Ejecutor,23,Ejecutor,109,Control de la información,sicpro_app_control_informacion.grupo_control_informacion_ejecutor,60,ROLE_NAME_EXACT;HAS_XMLID_19
172,225,Transporte: Rol Ejecutor,Transporte,Ejecutor,87,Ejecutor,29,Metrología,106,Activos y Herramientas,sicpro_app_metrologia.grupo_app_metrologia_ejecutor,60,ROLE_NAME_EXACT;HAS_XMLID_19
172,225,Transporte: Rol Ejecutor,Transporte,Ejecutor,109,Ejecutor,34,Soporte,113,Soporte Técnico,sicpro_app_soporte.group_soporte_ejecutor,60,ROLE_NAME_EXACT;HAS_XMLID_19
172,225,Transporte: Rol Ejecutor,Transporte,Ejecutor,115,Responsable,36,Transporte,98,Transportación,sicpro_app_transporte.grupo_app_transporte_responsable,60,PRIVILEGE_EXACT;IMPLIED_COMMON:ejecutor;HAS_XMLID_19
172,225,Transporte: Rol Ejecutor,Transporte,Ejecutor,118,Ejecutor,37,Piquera,98,Transportación,sicpro_app_transporte.grupo_app_transporte_piquera_ejecutor,60,ROLE_NAME_EXACT;HAS_XMLID_19
172,225,Transporte: Rol Ejecutor,Transporte,Ejecutor,120,Ejecutor,38,Víveres Logística,111,Alimentación,sicpro_app_viveres.grupo_app_viveres_resumen_ejecutor,60,ROLE_NAME_EXACT;HAS_XMLID_19
172,225,Transporte: Rol Ejecutor,Transporte,Ejecutor,124,Ejecutor,39,Víveres Áreas,111,Alimentación,sicpro_app_viveres.grupo_app_viveres_areas_ejecutor,60,ROLE_NAME_EXACT;HAS_XMLID_19
172,225,Transporte: Rol Ejecutor,Transporte,Ejecutor,127,Ejecutor,40,Clientes,101,Solicitudes de Obras,sicpro_app_clientes.grupo_app_clientes_ejecutor,60,ROLE_NAME_EXACT;HAS_XMLID_19
172,225,Transporte: Rol Ejecutor,Transporte,Ejecutor,145,Ejecutor,45,Inversionistas,101,Solicitudes de Obras,sicpro_app_solicitudes.grupo_app_iniciativas_ejecutor,60,ROLE_NAME_EXACT;HAS_XMLID_19
172,225,Transporte: Rol Ejecutor,Transporte,Ejecutor,147,Ejecutor,46,Negociación,101,Solicitudes de Obras,sicpro_app_solicitudes.grupo_app_negocio_ejecutor,60,ROLE_NAME_EXACT;HAS_XMLID_19
172,225,Transporte: Rol Ejecutor,Transporte,Ejecutor,148,Ejecutor,47,Revisión del Negocio,101,Solicitudes de Obras,sicpro_app_solicitudes.grupo_app_negocio_pg_ejecutor,60,ROLE_NAME_EXACT;HAS_XMLID_19
172,225,Transporte: Rol Ejecutor,Transporte,Ejecutor,149,Ejecutor,48,Distribuidores,101,Solicitudes de Obras,sicpro_app_solicitudes.grupo_app_ejecutor_ejecutor,60,ROLE_NAME_EXACT;HAS_XMLID_19
172,225,Transporte: Rol Ejecutor,Transporte,Ejecutor,113,Usuarios,36,Transporte,98,Transportación,sicpro_app_transporte.grupo_app_transporte_usuario,50,PRIVILEGE_EXACT;HAS_XMLID_19
172,225,Transporte: Rol Ejecutor,Transporte,Ejecutor,116,Administrador,36,Transporte,98,Transportación,sicpro_app_transporte.grupo_app_transporte_admin,50,PRIVILEGE_EXACT;HAS_XMLID_19
172,225,Transporte: Rol Ejecutor,Transporte,Ejecutor,101,Ejecutor de Servicios,32,Servicios Internos,107,Servicios Corporativos,sicpro_app_servicios_internos.grupo_app_internos_ejecutor_servicios,35,ROLE_NAME_PARTIAL;HAS_XMLID_19
172,225,Transporte: Rol Ejecutor,Transporte,Ejecutor,102,Ejecutor Corporativo,32,Servicios Internos,107,Servicios Corporativos,sicpro_app_servicios_internos.grupo_app_internos_ejecutor_interno,35,ROLE_NAME_PARTIAL;HAS_XMLID_19
172,225,Transporte: Rol Ejecutor,Transporte,Ejecutor,106,Ejecutor de Solicitud,33,Solicitudes de S.I.,107,Servicios Corporativos,sicpro_app_servicios_internos.grupo_app_internos_solicitudes_ejecutor,35,ROLE_NAME_PARTIAL;HAS_XMLID_19
172,225,Transporte: Rol Ejecutor,Transporte,Ejecutor,164,Gestión del Ejecutor,53,Transferencias,104,Gestión de Gastos,sicpro_app_transferencias_gastos.grupo_transferencias_ejecutores_procesos,35,ROLE_NAME_PARTIAL;HAS_XMLID_19
172,225,Transporte: Rol Ejecutor,Transporte,Ejecutor,1,Role / User,,,,,base.group_user,25,PRIVILEGE_PARTIAL;HAS_XMLID_19
172,225,Transporte: Rol Ejecutor,Transporte,Ejecutor,2,Access Rights,,,,,base.group_erp_manager,25,PRIVILEGE_PARTIAL;HAS_XMLID_19
172,225,Transporte: Rol Ejecutor,Transporte,Ejecutor,3,Bypass HTML Field Sanitize,,,,,base.group_sanitize_override,25,PRIVILEGE_PARTIAL;HAS_XMLID_19
172,225,Transporte: Rol Ejecutor,Transporte,Ejecutor,4,Role / Administrator,,,,,base.group_system,25,PRIVILEGE_PARTIAL;HAS_XMLID_19
172,225,Transporte: Rol Ejecutor,Transporte,Ejecutor,5,Multi Companies,,,,,base.group_multi_company,25,PRIVILEGE_PARTIAL;HAS_XMLID_19
172,225,Transporte: Rol Ejecutor,Transporte,Ejecutor,6,Multi Currencies,,,,,base.group_multi_currency,25,PRIVILEGE_PARTIAL;HAS_XMLID_19
172,225,Transporte: Rol Ejecutor,Transporte,Ejecutor,7,Technical Features,,,,,base.group_no_one,25,PRIVILEGE_PARTIAL;HAS_XMLID_19
172,225,Transporte: Rol Ejecutor,Transporte,Ejecutor,10,Role / Portal,,,,,base.group_portal,25,PRIVILEGE_PARTIAL;HAS_XMLID_19
172,225,Transporte: Rol Ejecutor,Transporte,Ejecutor,11,Role / Public,,,,,base.group_public,25,PRIVILEGE_PARTIAL;HAS_XMLID_19
172,225,Transporte: Rol Ejecutor,Transporte,Ejecutor,12,Default access for new users,,,,,base.default_user_group,25,PRIVILEGE_PARTIAL;HAS_XMLID_19
172,225,Transporte: Rol Ejecutor,Transporte,Ejecutor,13,Technical Documentation,,,,,api_doc.group_allow_doc,25,PRIVILEGE_PARTIAL;HAS_XMLID_19
172,225,Transporte: Rol Ejecutor,Transporte,Ejecutor,15,Mail Template Editor,,,,,mail.group_mail_template_editor,25,PRIVILEGE_PARTIAL;HAS_XMLID_19
172,225,Transporte: Rol Ejecutor,Transporte,Ejecutor,16,Receive notifications in Odoo,,,,,mail.group_mail_notification_type_inbox,25,PRIVILEGE_PARTIAL;HAS_XMLID_19
172,225,Transporte: Rol Ejecutor,Transporte,Ejecutor,25,Menus y Accesos Obsoletos,,,,,sicpro_app_administracion.grupo_app_administracion_obsoletos,25,PRIVILEGE_PARTIAL;HAS_XMLID_19
172,225,Transporte: Rol Ejecutor,Transporte,Ejecutor,26,Manage Multiple Units of Measure,,,,,uom.group_uom,25,PRIVILEGE_PARTIAL;HAS_XMLID_19
172,225,Transporte: Rol Ejecutor,Transporte,Ejecutor,27,Analytic Accounting,,,,,analytic.group_analytic_accounting,25,PRIVILEGE_PARTIAL;HAS_XMLID_19
172,225,Transporte: Rol Ejecutor,Transporte,Ejecutor,32,Use Stages on Project,,,,,project.group_project_stages,25,PRIVILEGE_PARTIAL;HAS_XMLID_19
172,225,Transporte: Rol Ejecutor,Transporte,Ejecutor,33,Use Recurring Tasks,,,,,project.group_project_recurring_tasks,25,PRIVILEGE_PARTIAL;HAS_XMLID_19
172,225,Transporte: Rol Ejecutor,Transporte,Ejecutor,34,Use Task Dependencies,,,,,project.group_project_task_dependencies,25,PRIVILEGE_PARTIAL;HAS_XMLID_19
172,225,Transporte: Rol Ejecutor,Transporte,Ejecutor,35,Use Milestones,,,,,project.group_project_milestone,25,PRIVILEGE_PARTIAL;HAS_XMLID_19
172,225,Transporte: Rol Ejecutor,Transporte,Ejecutor,44,Consultas Postgres,,,,,sicpro_modulo_querydb.group_querydeluxe,25,PRIVILEGE_PARTIAL;HAS_XMLID_19
172,225,Transporte: Rol Ejecutor,Transporte,Ejecutor,48,Responsable,15,CMI,108,Gestión de Producción,sicpro_app_cmi.grupo_app_cmi_responsable,10,IMPLIED_COMMON:ejecutor;HAS_XMLID_19
172,225,Transporte: Rol Ejecutor,Transporte,Ejecutor,52,Responsable,16,Materiales e Insumos,102,Preparación Técnica,sicpro_app_materiales_insumos.grupo_app_materiales_insumos_responsable,10,IMPLIED_COMMON:ejecutor;HAS_XMLID_19
172,225,Transporte: Rol Ejecutor,Transporte,Ejecutor,70,Responsable,22,Seguridad y Salud,97,Capital Humano,sicpro_app_trabajadores.grupo_app_trabajador_seguridad_salud_responsable,10,IMPLIED_COMMON:ejecutor;HAS_XMLID_19
172,225,Transporte: Rol Ejecutor,Transporte,Ejecutor,88,Responsable,29,Metrología,106,Activos y Herramientas,sicpro_app_metrologia.grupo_app_metrologia_responsable,10,IMPLIED_COMMON:ejecutor;HAS_XMLID_19
172,225,Transporte: Rol Ejecutor,Transporte,Ejecutor,110,Responsable,34,Soporte,113,Soporte Técnico,sicpro_app_soporte.group_soporte_responsable,10,IMPLIED_COMMON:ejecutor;HAS_XMLID_19
172,225,Transporte: Rol Ejecutor,Transporte,Ejecutor,121,Responsable,38,Víveres Logística,111,Alimentación,sicpro_app_viveres.grupo_app_viveres_resumen_responsable,10,IMPLIED_COMMON:ejecutor;HAS_XMLID_19
172,225,Transporte: Rol Ejecutor,Transporte,Ejecutor,125,Jefe,39,Víveres Áreas,111,Alimentación,sicpro_app_viveres.grupo_app_viveres_areas_responsable,10,IMPLIED_COMMON:ejecutor;HAS_XMLID_19
172,225,Transporte: Rol Ejecutor,Transporte,Ejecutor,128,Responsable,40,Clientes,101,Solicitudes de Obras,sicpro_app_clientes.grupo_app_clientes_responsable,10,IMPLIED_COMMON:ejecutor;HAS_XMLID_19
172,225,Transporte: Rol Ejecutor,Transporte,Ejecutor,146,Territorial,45,Inversionistas,101,Solicitudes de Obras,sicpro_app_solicitudes.grupo_app_iniciativas_territorios,10,IMPLIED_COMMON:ejecutor;HAS_XMLID_19
173,226,Desactivar Usuario: Motivo LDAP,,Desactivar Usuario: Motivo LDAP,36,Usuario,10,Gestor Documental,107,Servicios Corporativos,sicpro_app_gestor_documental.group_document_user,35,ROLE_NAME_PARTIAL;HAS_XMLID_19
173,226,Desactivar Usuario: Motivo LDAP,,Desactivar Usuario: Motivo LDAP,38,Usuario,11,Salón de Clases,107,Servicios Corporativos,sicpro_app_salon_clases.grupo_app_salon_clases_usuario,35,ROLE_NAME_PARTIAL;HAS_XMLID_19
173,226,Desactivar Usuario: Motivo LDAP,,Desactivar Usuario: Motivo LDAP,41,Usuario,12,Registros de auditoría,115,Registro de auditoría,sicpro_modulo_auditorias.group_auditlog_user,35,ROLE_NAME_PARTIAL;HAS_XMLID_19
173,226,Desactivar Usuario: Motivo LDAP,,Desactivar Usuario: Motivo LDAP,90,Usuario,30,Repositorio DVPE.,107,Servicios Corporativos,sicpro_app_repositorio_institucional.group_repositorio_institucional_user,35,ROLE_NAME_PARTIAL;HAS_XMLID_19
173,226,Desactivar Usuario: Motivo LDAP,,Desactivar Usuario: Motivo LDAP,95,Usuario,31,Reuniones,105,Gestión de Reuniones,sicpro_app_reuniones.group_reuniones_usuario,35,ROLE_NAME_PARTIAL;HAS_XMLID_19
173,226,Desactivar Usuario: Motivo LDAP,,Desactivar Usuario: Motivo LDAP,100,Usuario,32,Servicios Internos,107,Servicios Corporativos,sicpro_app_servicios_internos.grupo_app_internos_usuario,35,ROLE_NAME_PARTIAL;HAS_XMLID_19
173,226,Desactivar Usuario: Motivo LDAP,,Desactivar Usuario: Motivo LDAP,105,Usuario,33,Solicitudes de S.I.,107,Servicios Corporativos,sicpro_app_servicios_internos.grupo_app_internos_solicitudes_usuario,35,ROLE_NAME_PARTIAL;HAS_XMLID_19
173,226,Desactivar Usuario: Motivo LDAP,,Desactivar Usuario: Motivo LDAP,134,Usuario,43,Operaciones,110,Programa de la Vivienda,sicpro_app_programa_viviendas.grupo_app_vivienda_visualizar,35,ROLE_NAME_PARTIAL;HAS_XMLID_19
174,227,Desactivar Usuario: Motivo Registro,,Desactivar Usuario: Motivo Registro,36,Usuario,10,Gestor Documental,107,Servicios Corporativos,sicpro_app_gestor_documental.group_document_user,35,ROLE_NAME_PARTIAL;HAS_XMLID_19
174,227,Desactivar Usuario: Motivo Registro,,Desactivar Usuario: Motivo Registro,38,Usuario,11,Salón de Clases,107,Servicios Corporativos,sicpro_app_salon_clases.grupo_app_salon_clases_usuario,35,ROLE_NAME_PARTIAL;HAS_XMLID_19
174,227,Desactivar Usuario: Motivo Registro,,Desactivar Usuario: Motivo Registro,41,Usuario,12,Registros de auditoría,115,Registro de auditoría,sicpro_modulo_auditorias.group_auditlog_user,35,ROLE_NAME_PARTIAL;HAS_XMLID_19
174,227,Desactivar Usuario: Motivo Registro,,Desactivar Usuario: Motivo Registro,90,Usuario,30,Repositorio DVPE.,107,Servicios Corporativos,sicpro_app_repositorio_institucional.group_repositorio_institucional_user,35,ROLE_NAME_PARTIAL;HAS_XMLID_19
174,227,Desactivar Usuario: Motivo Registro,,Desactivar Usuario: Motivo Registro,95,Usuario,31,Reuniones,105,Gestión de Reuniones,sicpro_app_reuniones.group_reuniones_usuario,35,ROLE_NAME_PARTIAL;HAS_XMLID_19
174,227,Desactivar Usuario: Motivo Registro,,Desactivar Usuario: Motivo Registro,100,Usuario,32,Servicios Internos,107,Servicios Corporativos,sicpro_app_servicios_internos.grupo_app_internos_usuario,35,ROLE_NAME_PARTIAL;HAS_XMLID_19
174,227,Desactivar Usuario: Motivo Registro,,Desactivar Usuario: Motivo Registro,105,Usuario,33,Solicitudes de S.I.,107,Servicios Corporativos,sicpro_app_servicios_internos.grupo_app_internos_solicitudes_usuario,35,ROLE_NAME_PARTIAL;HAS_XMLID_19
174,227,Desactivar Usuario: Motivo Registro,,Desactivar Usuario: Motivo Registro,134,Usuario,43,Operaciones,110,Programa de la Vivienda,sicpro_app_programa_viviendas.grupo_app_vivienda_visualizar,35,ROLE_NAME_PARTIAL;HAS_XMLID_19
175,228,Desactivar Usuario: Motivo Acceso,,Desactivar Usuario: Motivo Acceso,36,Usuario,10,Gestor Documental,107,Servicios Corporativos,sicpro_app_gestor_documental.group_document_user,35,ROLE_NAME_PARTIAL;HAS_XMLID_19
175,228,Desactivar Usuario: Motivo Acceso,,Desactivar Usuario: Motivo Acceso,38,Usuario,11,Salón de Clases,107,Servicios Corporativos,sicpro_app_salon_clases.grupo_app_salon_clases_usuario,35,ROLE_NAME_PARTIAL;HAS_XMLID_19
175,228,Desactivar Usuario: Motivo Acceso,,Desactivar Usuario: Motivo Acceso,41,Usuario,12,Registros de auditoría,115,Registro de auditoría,sicpro_modulo_auditorias.group_auditlog_user,35,ROLE_NAME_PARTIAL;HAS_XMLID_19
175,228,Desactivar Usuario: Motivo Acceso,,Desactivar Usuario: Motivo Acceso,90,Usuario,30,Repositorio DVPE.,107,Servicios Corporativos,sicpro_app_repositorio_institucional.group_repositorio_institucional_user,35,ROLE_NAME_PARTIAL;HAS_XMLID_19
175,228,Desactivar Usuario: Motivo Acceso,,Desactivar Usuario: Motivo Acceso,95,Usuario,31,Reuniones,105,Gestión de Reuniones,sicpro_app_reuniones.group_reuniones_usuario,35,ROLE_NAME_PARTIAL;HAS_XMLID_19
175,228,Desactivar Usuario: Motivo Acceso,,Desactivar Usuario: Motivo Acceso,100,Usuario,32,Servicios Internos,107,Servicios Corporativos,sicpro_app_servicios_internos.grupo_app_internos_usuario,35,ROLE_NAME_PARTIAL;HAS_XMLID_19
175,228,Desactivar Usuario: Motivo Acceso,,Desactivar Usuario: Motivo Acceso,105,Usuario,33,Solicitudes de S.I.,107,Servicios Corporativos,sicpro_app_servicios_internos.grupo_app_internos_solicitudes_usuario,35,ROLE_NAME_PARTIAL;HAS_XMLID_19
175,228,Desactivar Usuario: Motivo Acceso,,Desactivar Usuario: Motivo Acceso,134,Usuario,43,Operaciones,110,Programa de la Vivienda,sicpro_app_programa_viviendas.grupo_app_vivienda_visualizar,35,ROLE_NAME_PARTIAL;HAS_XMLID_19
176,239,Ordenes: Rol Visualizar Proceso,Ordenes,Visualizar Proceso,71,Visualizar Proceso,23,Ejecutor,109,Control de la información,sicpro_app_control_informacion.grupo_control_informacion_visualizar_proceso,60,ROLE_NAME_EXACT;HAS_XMLID_19
176,239,Ordenes: Rol Visualizar Proceso,Ordenes,Visualizar Proceso,80,Visualizar,27,Medios Informáticos,112,Informática,sicpro_app_medios_informaticos.grupo_app_medios_informaticos_inventario_usuario,35,ROLE_NAME_PARTIAL;HAS_XMLID_19
176,239,Ordenes: Rol Visualizar Proceso,Ordenes,Visualizar Proceso,84,Visualizar,28,Taller,112,Informática,sicpro_app_medios_informaticos.grupo_app_medios_informaticos_taller_usuario,35,ROLE_NAME_PARTIAL;HAS_XMLID_19
176,239,Ordenes: Rol Visualizar Proceso,Ordenes,Visualizar Proceso,119,Visualizar,38,Víveres Logística,111,Alimentación,sicpro_app_viveres.grupo_app_viveres_resumen_usuario,35,ROLE_NAME_PARTIAL;HAS_XMLID_19
176,239,Ordenes: Rol Visualizar Proceso,Ordenes,Visualizar Proceso,123,Visualizar,39,Víveres Áreas,111,Alimentación,sicpro_app_viveres.grupo_app_viveres_areas_usuario,35,ROLE_NAME_PARTIAL;HAS_XMLID_19
176,239,Ordenes: Rol Visualizar Proceso,Ordenes,Visualizar Proceso,1,Role / User,,,,,base.group_user,25,PRIVILEGE_PARTIAL;HAS_XMLID_19
176,239,Ordenes: Rol Visualizar Proceso,Ordenes,Visualizar Proceso,2,Access Rights,,,,,base.group_erp_manager,25,PRIVILEGE_PARTIAL;HAS_XMLID_19
176,239,Ordenes: Rol Visualizar Proceso,Ordenes,Visualizar Proceso,3,Bypass HTML Field Sanitize,,,,,base.group_sanitize_override,25,PRIVILEGE_PARTIAL;HAS_XMLID_19
176,239,Ordenes: Rol Visualizar Proceso,Ordenes,Visualizar Proceso,4,Role / Administrator,,,,,base.group_system,25,PRIVILEGE_PARTIAL;HAS_XMLID_19
176,239,Ordenes: Rol Visualizar Proceso,Ordenes,Visualizar Proceso,5,Multi Companies,,,,,base.group_multi_company,25,PRIVILEGE_PARTIAL;HAS_XMLID_19
176,239,Ordenes: Rol Visualizar Proceso,Ordenes,Visualizar Proceso,6,Multi Currencies,,,,,base.group_multi_currency,25,PRIVILEGE_PARTIAL;HAS_XMLID_19
176,239,Ordenes: Rol Visualizar Proceso,Ordenes,Visualizar Proceso,7,Technical Features,,,,,base.group_no_one,25,PRIVILEGE_PARTIAL;HAS_XMLID_19
176,239,Ordenes: Rol Visualizar Proceso,Ordenes,Visualizar Proceso,10,Role / Portal,,,,,base.group_portal,25,PRIVILEGE_PARTIAL;HAS_XMLID_19
176,239,Ordenes: Rol Visualizar Proceso,Ordenes,Visualizar Proceso,11,Role / Public,,,,,base.group_public,25,PRIVILEGE_PARTIAL;HAS_XMLID_19
176,239,Ordenes: Rol Visualizar Proceso,Ordenes,Visualizar Proceso,12,Default access for new users,,,,,base.default_user_group,25,PRIVILEGE_PARTIAL;HAS_XMLID_19
176,239,Ordenes: Rol Visualizar Proceso,Ordenes,Visualizar Proceso,13,Technical Documentation,,,,,api_doc.group_allow_doc,25,PRIVILEGE_PARTIAL;HAS_XMLID_19
176,239,Ordenes: Rol Visualizar Proceso,Ordenes,Visualizar Proceso,15,Mail Template Editor,,,,,mail.group_mail_template_editor,25,PRIVILEGE_PARTIAL;HAS_XMLID_19
176,239,Ordenes: Rol Visualizar Proceso,Ordenes,Visualizar Proceso,16,Receive notifications in Odoo,,,,,mail.group_mail_notification_type_inbox,25,PRIVILEGE_PARTIAL;HAS_XMLID_19
176,239,Ordenes: Rol Visualizar Proceso,Ordenes,Visualizar Proceso,25,Menus y Accesos Obsoletos,,,,,sicpro_app_administracion.grupo_app_administracion_obsoletos,25,PRIVILEGE_PARTIAL;HAS_XMLID_19
176,239,Ordenes: Rol Visualizar Proceso,Ordenes,Visualizar Proceso,26,Manage Multiple Units of Measure,,,,,uom.group_uom,25,PRIVILEGE_PARTIAL;HAS_XMLID_19
176,239,Ordenes: Rol Visualizar Proceso,Ordenes,Visualizar Proceso,27,Analytic Accounting,,,,,analytic.group_analytic_accounting,25,PRIVILEGE_PARTIAL;HAS_XMLID_19
176,239,Ordenes: Rol Visualizar Proceso,Ordenes,Visualizar Proceso,32,Use Stages on Project,,,,,project.group_project_stages,25,PRIVILEGE_PARTIAL;HAS_XMLID_19
176,239,Ordenes: Rol Visualizar Proceso,Ordenes,Visualizar Proceso,33,Use Recurring Tasks,,,,,project.group_project_recurring_tasks,25,PRIVILEGE_PARTIAL;HAS_XMLID_19
176,239,Ordenes: Rol Visualizar Proceso,Ordenes,Visualizar Proceso,34,Use Task Dependencies,,,,,project.group_project_task_dependencies,25,PRIVILEGE_PARTIAL;HAS_XMLID_19
176,239,Ordenes: Rol Visualizar Proceso,Ordenes,Visualizar Proceso,35,Use Milestones,,,,,project.group_project_milestone,25,PRIVILEGE_PARTIAL;HAS_XMLID_19
176,239,Ordenes: Rol Visualizar Proceso,Ordenes,Visualizar Proceso,44,Consultas Postgres,,,,,sicpro_modulo_querydb.group_querydeluxe,25,PRIVILEGE_PARTIAL;HAS_XMLID_19
176,239,Ordenes: Rol Visualizar Proceso,Ordenes,Visualizar Proceso,153,Visualizar Todas las órdenes,50,Usuarios Internos,103,Órdenes de Trabajo,sicpro_app_ordenes_trabajo.grupo_ordenes_visualizar_todo,10,IMPLIED_COMMON:visualizar ordenes del proceso;HAS_XMLID_19
177,240,Ordenes: Rol Visualizar Todo,Ordenes,Visualizar Todo,74,Visualizar Todo,25,Control,109,Control de la información,sicpro_app_control_informacion.grupo_control_informacion_visualizar_todo,60,ROLE_NAME_EXACT;HAS_XMLID_19
177,240,Ordenes: Rol Visualizar Todo,Ordenes,Visualizar Todo,80,Visualizar,27,Medios Informáticos,112,Informática,sicpro_app_medios_informaticos.grupo_app_medios_informaticos_inventario_usuario,35,ROLE_NAME_PARTIAL;HAS_XMLID_19
177,240,Ordenes: Rol Visualizar Todo,Ordenes,Visualizar Todo,84,Visualizar,28,Taller,112,Informática,sicpro_app_medios_informaticos.grupo_app_medios_informaticos_taller_usuario,35,ROLE_NAME_PARTIAL;HAS_XMLID_19
177,240,Ordenes: Rol Visualizar Todo,Ordenes,Visualizar Todo,112,Visualizar Todos los Tickets de Soporte,35,Ver Todo,113,Soporte Técnico,sicpro_app_soporte.group_soporte_todos,35,ROLE_NAME_PARTIAL;HAS_XMLID_19
177,240,Ordenes: Rol Visualizar Todo,Ordenes,Visualizar Todo,119,Visualizar,38,Víveres Logística,111,Alimentación,sicpro_app_viveres.grupo_app_viveres_resumen_usuario,35,ROLE_NAME_PARTIAL;HAS_XMLID_19
177,240,Ordenes: Rol Visualizar Todo,Ordenes,Visualizar Todo,123,Visualizar,39,Víveres Áreas,111,Alimentación,sicpro_app_viveres.grupo_app_viveres_areas_usuario,35,ROLE_NAME_PARTIAL;HAS_XMLID_19
177,240,Ordenes: Rol Visualizar Todo,Ordenes,Visualizar Todo,1,Role / User,,,,,base.group_user,25,PRIVILEGE_PARTIAL;HAS_XMLID_19
177,240,Ordenes: Rol Visualizar Todo,Ordenes,Visualizar Todo,2,Access Rights,,,,,base.group_erp_manager,25,PRIVILEGE_PARTIAL;HAS_XMLID_19
177,240,Ordenes: Rol Visualizar Todo,Ordenes,Visualizar Todo,3,Bypass HTML Field Sanitize,,,,,base.group_sanitize_override,25,PRIVILEGE_PARTIAL;HAS_XMLID_19
177,240,Ordenes: Rol Visualizar Todo,Ordenes,Visualizar Todo,4,Role / Administrator,,,,,base.group_system,25,PRIVILEGE_PARTIAL;HAS_XMLID_19
177,240,Ordenes: Rol Visualizar Todo,Ordenes,Visualizar Todo,5,Multi Companies,,,,,base.group_multi_company,25,PRIVILEGE_PARTIAL;HAS_XMLID_19
177,240,Ordenes: Rol Visualizar Todo,Ordenes,Visualizar Todo,6,Multi Currencies,,,,,base.group_multi_currency,25,PRIVILEGE_PARTIAL;HAS_XMLID_19
177,240,Ordenes: Rol Visualizar Todo,Ordenes,Visualizar Todo,7,Technical Features,,,,,base.group_no_one,25,PRIVILEGE_PARTIAL;HAS_XMLID_19
177,240,Ordenes: Rol Visualizar Todo,Ordenes,Visualizar Todo,10,Role / Portal,,,,,base.group_portal,25,PRIVILEGE_PARTIAL;HAS_XMLID_19
177,240,Ordenes: Rol Visualizar Todo,Ordenes,Visualizar Todo,11,Role / Public,,,,,base.group_public,25,PRIVILEGE_PARTIAL;HAS_XMLID_19
177,240,Ordenes: Rol Visualizar Todo,Ordenes,Visualizar Todo,12,Default access for new users,,,,,base.default_user_group,25,PRIVILEGE_PARTIAL;HAS_XMLID_19
177,240,Ordenes: Rol Visualizar Todo,Ordenes,Visualizar Todo,13,Technical Documentation,,,,,api_doc.group_allow_doc,25,PRIVILEGE_PARTIAL;HAS_XMLID_19
177,240,Ordenes: Rol Visualizar Todo,Ordenes,Visualizar Todo,15,Mail Template Editor,,,,,mail.group_mail_template_editor,25,PRIVILEGE_PARTIAL;HAS_XMLID_19
177,240,Ordenes: Rol Visualizar Todo,Ordenes,Visualizar Todo,16,Receive notifications in Odoo,,,,,mail.group_mail_notification_type_inbox,25,PRIVILEGE_PARTIAL;HAS_XMLID_19
177,240,Ordenes: Rol Visualizar Todo,Ordenes,Visualizar Todo,25,Menus y Accesos Obsoletos,,,,,sicpro_app_administracion.grupo_app_administracion_obsoletos,25,PRIVILEGE_PARTIAL;HAS_XMLID_19
177,240,Ordenes: Rol Visualizar Todo,Ordenes,Visualizar Todo,26,Manage Multiple Units of Measure,,,,,uom.group_uom,25,PRIVILEGE_PARTIAL;HAS_XMLID_19
177,240,Ordenes: Rol Visualizar Todo,Ordenes,Visualizar Todo,27,Analytic Accounting,,,,,analytic.group_analytic_accounting,25,PRIVILEGE_PARTIAL;HAS_XMLID_19
177,240,Ordenes: Rol Visualizar Todo,Ordenes,Visualizar Todo,32,Use Stages on Project,,,,,project.group_project_stages,25,PRIVILEGE_PARTIAL;HAS_XMLID_19
177,240,Ordenes: Rol Visualizar Todo,Ordenes,Visualizar Todo,33,Use Recurring Tasks,,,,,project.group_project_recurring_tasks,25,PRIVILEGE_PARTIAL;HAS_XMLID_19
177,240,Ordenes: Rol Visualizar Todo,Ordenes,Visualizar Todo,34,Use Task Dependencies,,,,,project.group_project_task_dependencies,25,PRIVILEGE_PARTIAL;HAS_XMLID_19
177,240,Ordenes: Rol Visualizar Todo,Ordenes,Visualizar Todo,35,Use Milestones,,,,,project.group_project_milestone,25,PRIVILEGE_PARTIAL;HAS_XMLID_19
177,240,Ordenes: Rol Visualizar Todo,Ordenes,Visualizar Todo,44,Consultas Postgres,,,,,sicpro_modulo_querydb.group_querydeluxe,25,PRIVILEGE_PARTIAL;HAS_XMLID_19
177,240,Ordenes: Rol Visualizar Todo,Ordenes,Visualizar Todo,154,Responsable,50,Usuarios Internos,103,Órdenes de Trabajo,sicpro_app_ordenes_trabajo.grupo_ordenes_responsable,10,IMPLIED_COMMON:visualizar todas las ordenes;HAS_XMLID_19
178,241,Ordenes: Rol Inversionista Visualización Personal,Ordenes,Inversionista Visualización Personal,1,Role / User,,,,,base.group_user,25,PRIVILEGE_PARTIAL;HAS_XMLID_19
178,241,Ordenes: Rol Inversionista Visualización Personal,Ordenes,Inversionista Visualización Personal,2,Access Rights,,,,,base.group_erp_manager,25,PRIVILEGE_PARTIAL;HAS_XMLID_19
178,241,Ordenes: Rol Inversionista Visualización Personal,Ordenes,Inversionista Visualización Personal,3,Bypass HTML Field Sanitize,,,,,base.group_sanitize_override,25,PRIVILEGE_PARTIAL;HAS_XMLID_19
178,241,Ordenes: Rol Inversionista Visualización Personal,Ordenes,Inversionista Visualización Personal,4,Role / Administrator,,,,,base.group_system,25,PRIVILEGE_PARTIAL;HAS_XMLID_19
178,241,Ordenes: Rol Inversionista Visualización Personal,Ordenes,Inversionista Visualización Personal,5,Multi Companies,,,,,base.group_multi_company,25,PRIVILEGE_PARTIAL;HAS_XMLID_19
178,241,Ordenes: Rol Inversionista Visualización Personal,Ordenes,Inversionista Visualización Personal,6,Multi Currencies,,,,,base.group_multi_currency,25,PRIVILEGE_PARTIAL;HAS_XMLID_19
178,241,Ordenes: Rol Inversionista Visualización Personal,Ordenes,Inversionista Visualización Personal,7,Technical Features,,,,,base.group_no_one,25,PRIVILEGE_PARTIAL;HAS_XMLID_19
178,241,Ordenes: Rol Inversionista Visualización Personal,Ordenes,Inversionista Visualización Personal,10,Role / Portal,,,,,base.group_portal,25,PRIVILEGE_PARTIAL;HAS_XMLID_19
178,241,Ordenes: Rol Inversionista Visualización Personal,Ordenes,Inversionista Visualización Personal,11,Role / Public,,,,,base.group_public,25,PRIVILEGE_PARTIAL;HAS_XMLID_19
178,241,Ordenes: Rol Inversionista Visualización Personal,Ordenes,Inversionista Visualización Personal,12,Default access for new users,,,,,base.default_user_group,25,PRIVILEGE_PARTIAL;HAS_XMLID_19
178,241,Ordenes: Rol Inversionista Visualización Personal,Ordenes,Inversionista Visualización Personal,13,Technical Documentation,,,,,api_doc.group_allow_doc,25,PRIVILEGE_PARTIAL;HAS_XMLID_19
178,241,Ordenes: Rol Inversionista Visualización Personal,Ordenes,Inversionista Visualización Personal,15,Mail Template Editor,,,,,mail.group_mail_template_editor,25,PRIVILEGE_PARTIAL;HAS_XMLID_19
178,241,Ordenes: Rol Inversionista Visualización Personal,Ordenes,Inversionista Visualización Personal,16,Receive notifications in Odoo,,,,,mail.group_mail_notification_type_inbox,25,PRIVILEGE_PARTIAL;HAS_XMLID_19
178,241,Ordenes: Rol Inversionista Visualización Personal,Ordenes,Inversionista Visualización Personal,25,Menus y Accesos Obsoletos,,,,,sicpro_app_administracion.grupo_app_administracion_obsoletos,25,PRIVILEGE_PARTIAL;HAS_XMLID_19
178,241,Ordenes: Rol Inversionista Visualización Personal,Ordenes,Inversionista Visualización Personal,26,Manage Multiple Units of Measure,,,,,uom.group_uom,25,PRIVILEGE_PARTIAL;HAS_XMLID_19
178,241,Ordenes: Rol Inversionista Visualización Personal,Ordenes,Inversionista Visualización Personal,27,Analytic Accounting,,,,,analytic.group_analytic_accounting,25,PRIVILEGE_PARTIAL;HAS_XMLID_19
178,241,Ordenes: Rol Inversionista Visualización Personal,Ordenes,Inversionista Visualización Personal,32,Use Stages on Project,,,,,project.group_project_stages,25,PRIVILEGE_PARTIAL;HAS_XMLID_19
178,241,Ordenes: Rol Inversionista Visualización Personal,Ordenes,Inversionista Visualización Personal,33,Use Recurring Tasks,,,,,project.group_project_recurring_tasks,25,PRIVILEGE_PARTIAL;HAS_XMLID_19
178,241,Ordenes: Rol Inversionista Visualización Personal,Ordenes,Inversionista Visualización Personal,34,Use Task Dependencies,,,,,project.group_project_task_dependencies,25,PRIVILEGE_PARTIAL;HAS_XMLID_19
178,241,Ordenes: Rol Inversionista Visualización Personal,Ordenes,Inversionista Visualización Personal,35,Use Milestones,,,,,project.group_project_milestone,25,PRIVILEGE_PARTIAL;HAS_XMLID_19
178,241,Ordenes: Rol Inversionista Visualización Personal,Ordenes,Inversionista Visualización Personal,44,Consultas Postgres,,,,,sicpro_modulo_querydb.group_querydeluxe,25,PRIVILEGE_PARTIAL;HAS_XMLID_19
178,241,Ordenes: Rol Inversionista Visualización Personal,Ordenes,Inversionista Visualización Personal,157,Visualizar todas las órdenes Inversionistas,51,Inversionista,103,Órdenes de Trabajo,sicpro_app_ordenes_trabajo.grupo_ordenes_visualizar_inversionista_todo,10,IMPLIED_COMMON:visualizar ordenes personales;HAS_XMLID_19
179,242,Ordenes: Rol Inversionista Visualizar Todo,Ordenes,Inversionista Visualizar Todo,74,Visualizar Todo,25,Control,109,Control de la información,sicpro_app_control_informacion.grupo_control_informacion_visualizar_todo,35,ROLE_NAME_PARTIAL;HAS_XMLID_19
179,242,Ordenes: Rol Inversionista Visualizar Todo,Ordenes,Inversionista Visualizar Todo,80,Visualizar,27,Medios Informáticos,112,Informática,sicpro_app_medios_informaticos.grupo_app_medios_informaticos_inventario_usuario,35,ROLE_NAME_PARTIAL;HAS_XMLID_19
179,242,Ordenes: Rol Inversionista Visualizar Todo,Ordenes,Inversionista Visualizar Todo,84,Visualizar,28,Taller,112,Informática,sicpro_app_medios_informaticos.grupo_app_medios_informaticos_taller_usuario,35,ROLE_NAME_PARTIAL;HAS_XMLID_19
179,242,Ordenes: Rol Inversionista Visualizar Todo,Ordenes,Inversionista Visualizar Todo,119,Visualizar,38,Víveres Logística,111,Alimentación,sicpro_app_viveres.grupo_app_viveres_resumen_usuario,35,ROLE_NAME_PARTIAL;HAS_XMLID_19
179,242,Ordenes: Rol Inversionista Visualizar Todo,Ordenes,Inversionista Visualizar Todo,123,Visualizar,39,Víveres Áreas,111,Alimentación,sicpro_app_viveres.grupo_app_viveres_areas_usuario,35,ROLE_NAME_PARTIAL;HAS_XMLID_19
179,242,Ordenes: Rol Inversionista Visualizar Todo,Ordenes,Inversionista Visualizar Todo,1,Role / User,,,,,base.group_user,25,PRIVILEGE_PARTIAL;HAS_XMLID_19
179,242,Ordenes: Rol Inversionista Visualizar Todo,Ordenes,Inversionista Visualizar Todo,2,Access Rights,,,,,base.group_erp_manager,25,PRIVILEGE_PARTIAL;HAS_XMLID_19
179,242,Ordenes: Rol Inversionista Visualizar Todo,Ordenes,Inversionista Visualizar Todo,3,Bypass HTML Field Sanitize,,,,,base.group_sanitize_override,25,PRIVILEGE_PARTIAL;HAS_XMLID_19
179,242,Ordenes: Rol Inversionista Visualizar Todo,Ordenes,Inversionista Visualizar Todo,4,Role / Administrator,,,,,base.group_system,25,PRIVILEGE_PARTIAL;HAS_XMLID_19
179,242,Ordenes: Rol Inversionista Visualizar Todo,Ordenes,Inversionista Visualizar Todo,5,Multi Companies,,,,,base.group_multi_company,25,PRIVILEGE_PARTIAL;HAS_XMLID_19
179,242,Ordenes: Rol Inversionista Visualizar Todo,Ordenes,Inversionista Visualizar Todo,6,Multi Currencies,,,,,base.group_multi_currency,25,PRIVILEGE_PARTIAL;HAS_XMLID_19
179,242,Ordenes: Rol Inversionista Visualizar Todo,Ordenes,Inversionista Visualizar Todo,7,Technical Features,,,,,base.group_no_one,25,PRIVILEGE_PARTIAL;HAS_XMLID_19
179,242,Ordenes: Rol Inversionista Visualizar Todo,Ordenes,Inversionista Visualizar Todo,10,Role / Portal,,,,,base.group_portal,25,PRIVILEGE_PARTIAL;HAS_XMLID_19
179,242,Ordenes: Rol Inversionista Visualizar Todo,Ordenes,Inversionista Visualizar Todo,11,Role / Public,,,,,base.group_public,25,PRIVILEGE_PARTIAL;HAS_XMLID_19
179,242,Ordenes: Rol Inversionista Visualizar Todo,Ordenes,Inversionista Visualizar Todo,12,Default access for new users,,,,,base.default_user_group,25,PRIVILEGE_PARTIAL;HAS_XMLID_19
179,242,Ordenes: Rol Inversionista Visualizar Todo,Ordenes,Inversionista Visualizar Todo,13,Technical Documentation,,,,,api_doc.group_allow_doc,25,PRIVILEGE_PARTIAL;HAS_XMLID_19
179,242,Ordenes: Rol Inversionista Visualizar Todo,Ordenes,Inversionista Visualizar Todo,15,Mail Template Editor,,,,,mail.group_mail_template_editor,25,PRIVILEGE_PARTIAL;HAS_XMLID_19
179,242,Ordenes: Rol Inversionista Visualizar Todo,Ordenes,Inversionista Visualizar Todo,16,Receive notifications in Odoo,,,,,mail.group_mail_notification_type_inbox,25,PRIVILEGE_PARTIAL;HAS_XMLID_19
179,242,Ordenes: Rol Inversionista Visualizar Todo,Ordenes,Inversionista Visualizar Todo,25,Menus y Accesos Obsoletos,,,,,sicpro_app_administracion.grupo_app_administracion_obsoletos,25,PRIVILEGE_PARTIAL;HAS_XMLID_19
179,242,Ordenes: Rol Inversionista Visualizar Todo,Ordenes,Inversionista Visualizar Todo,26,Manage Multiple Units of Measure,,,,,uom.group_uom,25,PRIVILEGE_PARTIAL;HAS_XMLID_19
179,242,Ordenes: Rol Inversionista Visualizar Todo,Ordenes,Inversionista Visualizar Todo,27,Analytic Accounting,,,,,analytic.group_analytic_accounting,25,PRIVILEGE_PARTIAL;HAS_XMLID_19
179,242,Ordenes: Rol Inversionista Visualizar Todo,Ordenes,Inversionista Visualizar Todo,32,Use Stages on Project,,,,,project.group_project_stages,25,PRIVILEGE_PARTIAL;HAS_XMLID_19
179,242,Ordenes: Rol Inversionista Visualizar Todo,Ordenes,Inversionista Visualizar Todo,33,Use Recurring Tasks,,,,,project.group_project_recurring_tasks,25,PRIVILEGE_PARTIAL;HAS_XMLID_19
179,242,Ordenes: Rol Inversionista Visualizar Todo,Ordenes,Inversionista Visualizar Todo,34,Use Task Dependencies,,,,,project.group_project_task_dependencies,25,PRIVILEGE_PARTIAL;HAS_XMLID_19
179,242,Ordenes: Rol Inversionista Visualizar Todo,Ordenes,Inversionista Visualizar Todo,35,Use Milestones,,,,,project.group_project_milestone,25,PRIVILEGE_PARTIAL;HAS_XMLID_19
179,242,Ordenes: Rol Inversionista Visualizar Todo,Ordenes,Inversionista Visualizar Todo,44,Consultas Postgres,,,,,sicpro_modulo_querydb.group_querydeluxe,25,PRIVILEGE_PARTIAL;HAS_XMLID_19
180,243,Ordenes: Rol Solicitar Orden,Ordenes,Solicitar Orden,158,Solicitar Orden,52,Ejecución,103,Órdenes de Trabajo,sicpro_app_ordenes_trabajo.grupo_ordenes_solicitante,60,ROLE_NAME_EXACT;HAS_XMLID_19
180,243,Ordenes: Rol Solicitar Orden,Ordenes,Solicitar Orden,1,Role / User,,,,,base.group_user,25,PRIVILEGE_PARTIAL;HAS_XMLID_19
180,243,Ordenes: Rol Solicitar Orden,Ordenes,Solicitar Orden,2,Access Rights,,,,,base.group_erp_manager,25,PRIVILEGE_PARTIAL;HAS_XMLID_19
180,243,Ordenes: Rol Solicitar Orden,Ordenes,Solicitar Orden,3,Bypass HTML Field Sanitize,,,,,base.group_sanitize_override,25,PRIVILEGE_PARTIAL;HAS_XMLID_19
180,243,Ordenes: Rol Solicitar Orden,Ordenes,Solicitar Orden,4,Role / Administrator,,,,,base.group_system,25,PRIVILEGE_PARTIAL;HAS_XMLID_19
180,243,Ordenes: Rol Solicitar Orden,Ordenes,Solicitar Orden,5,Multi Companies,,,,,base.group_multi_company,25,PRIVILEGE_PARTIAL;HAS_XMLID_19
180,243,Ordenes: Rol Solicitar Orden,Ordenes,Solicitar Orden,6,Multi Currencies,,,,,base.group_multi_currency,25,PRIVILEGE_PARTIAL;HAS_XMLID_19
180,243,Ordenes: Rol Solicitar Orden,Ordenes,Solicitar Orden,7,Technical Features,,,,,base.group_no_one,25,PRIVILEGE_PARTIAL;HAS_XMLID_19
180,243,Ordenes: Rol Solicitar Orden,Ordenes,Solicitar Orden,10,Role / Portal,,,,,base.group_portal,25,PRIVILEGE_PARTIAL;HAS_XMLID_19
180,243,Ordenes: Rol Solicitar Orden,Ordenes,Solicitar Orden,11,Role / Public,,,,,base.group_public,25,PRIVILEGE_PARTIAL;HAS_XMLID_19
180,243,Ordenes: Rol Solicitar Orden,Ordenes,Solicitar Orden,12,Default access for new users,,,,,base.default_user_group,25,PRIVILEGE_PARTIAL;HAS_XMLID_19
180,243,Ordenes: Rol Solicitar Orden,Ordenes,Solicitar Orden,13,Technical Documentation,,,,,api_doc.group_allow_doc,25,PRIVILEGE_PARTIAL;HAS_XMLID_19
180,243,Ordenes: Rol Solicitar Orden,Ordenes,Solicitar Orden,15,Mail Template Editor,,,,,mail.group_mail_template_editor,25,PRIVILEGE_PARTIAL;HAS_XMLID_19
180,243,Ordenes: Rol Solicitar Orden,Ordenes,Solicitar Orden,16,Receive notifications in Odoo,,,,,mail.group_mail_notification_type_inbox,25,PRIVILEGE_PARTIAL;HAS_XMLID_19
180,243,Ordenes: Rol Solicitar Orden,Ordenes,Solicitar Orden,25,Menus y Accesos Obsoletos,,,,,sicpro_app_administracion.grupo_app_administracion_obsoletos,25,PRIVILEGE_PARTIAL;HAS_XMLID_19
180,243,Ordenes: Rol Solicitar Orden,Ordenes,Solicitar Orden,26,Manage Multiple Units of Measure,,,,,uom.group_uom,25,PRIVILEGE_PARTIAL;HAS_XMLID_19
180,243,Ordenes: Rol Solicitar Orden,Ordenes,Solicitar Orden,27,Analytic Accounting,,,,,analytic.group_analytic_accounting,25,PRIVILEGE_PARTIAL;HAS_XMLID_19
180,243,Ordenes: Rol Solicitar Orden,Ordenes,Solicitar Orden,32,Use Stages on Project,,,,,project.group_project_stages,25,PRIVILEGE_PARTIAL;HAS_XMLID_19
180,243,Ordenes: Rol Solicitar Orden,Ordenes,Solicitar Orden,33,Use Recurring Tasks,,,,,project.group_project_recurring_tasks,25,PRIVILEGE_PARTIAL;HAS_XMLID_19
180,243,Ordenes: Rol Solicitar Orden,Ordenes,Solicitar Orden,34,Use Task Dependencies,,,,,project.group_project_task_dependencies,25,PRIVILEGE_PARTIAL;HAS_XMLID_19
180,243,Ordenes: Rol Solicitar Orden,Ordenes,Solicitar Orden,35,Use Milestones,,,,,project.group_project_milestone,25,PRIVILEGE_PARTIAL;HAS_XMLID_19
180,243,Ordenes: Rol Solicitar Orden,Ordenes,Solicitar Orden,44,Consultas Postgres,,,,,sicpro_modulo_querydb.group_querydeluxe,25,PRIVILEGE_PARTIAL;HAS_XMLID_19
180,243,Ordenes: Rol Solicitar Orden,Ordenes,Solicitar Orden,159,Validar Orden,52,Ejecución,103,Órdenes de Trabajo,sicpro_app_ordenes_trabajo.grupo_ordenes_validar,10,IMPLIED_COMMON:solicitar orden;HAS_XMLID_19
181,244,Ordenes: Rol Validar Orden,Ordenes,Validar Orden,159,Validar Orden,52,Ejecución,103,Órdenes de Trabajo,sicpro_app_ordenes_trabajo.grupo_ordenes_validar,60,ROLE_NAME_EXACT;HAS_XMLID_19
181,244,Ordenes: Rol Validar Orden,Ordenes,Validar Orden,1,Role / User,,,,,base.group_user,25,PRIVILEGE_PARTIAL;HAS_XMLID_19
181,244,Ordenes: Rol Validar Orden,Ordenes,Validar Orden,2,Access Rights,,,,,base.group_erp_manager,25,PRIVILEGE_PARTIAL;HAS_XMLID_19
181,244,Ordenes: Rol Validar Orden,Ordenes,Validar Orden,3,Bypass HTML Field Sanitize,,,,,base.group_sanitize_override,25,PRIVILEGE_PARTIAL;HAS_XMLID_19
181,244,Ordenes: Rol Validar Orden,Ordenes,Validar Orden,4,Role / Administrator,,,,,base.group_system,25,PRIVILEGE_PARTIAL;HAS_XMLID_19
181,244,Ordenes: Rol Validar Orden,Ordenes,Validar Orden,5,Multi Companies,,,,,base.group_multi_company,25,PRIVILEGE_PARTIAL;HAS_XMLID_19
181,244,Ordenes: Rol Validar Orden,Ordenes,Validar Orden,6,Multi Currencies,,,,,base.group_multi_currency,25,PRIVILEGE_PARTIAL;HAS_XMLID_19
181,244,Ordenes: Rol Validar Orden,Ordenes,Validar Orden,7,Technical Features,,,,,base.group_no_one,25,PRIVILEGE_PARTIAL;HAS_XMLID_19
181,244,Ordenes: Rol Validar Orden,Ordenes,Validar Orden,10,Role / Portal,,,,,base.group_portal,25,PRIVILEGE_PARTIAL;HAS_XMLID_19
181,244,Ordenes: Rol Validar Orden,Ordenes,Validar Orden,11,Role / Public,,,,,base.group_public,25,PRIVILEGE_PARTIAL;HAS_XMLID_19
181,244,Ordenes: Rol Validar Orden,Ordenes,Validar Orden,12,Default access for new users,,,,,base.default_user_group,25,PRIVILEGE_PARTIAL;HAS_XMLID_19
181,244,Ordenes: Rol Validar Orden,Ordenes,Validar Orden,13,Technical Documentation,,,,,api_doc.group_allow_doc,25,PRIVILEGE_PARTIAL;HAS_XMLID_19
181,244,Ordenes: Rol Validar Orden,Ordenes,Validar Orden,15,Mail Template Editor,,,,,mail.group_mail_template_editor,25,PRIVILEGE_PARTIAL;HAS_XMLID_19
181,244,Ordenes: Rol Validar Orden,Ordenes,Validar Orden,16,Receive notifications in Odoo,,,,,mail.group_mail_notification_type_inbox,25,PRIVILEGE_PARTIAL;HAS_XMLID_19
181,244,Ordenes: Rol Validar Orden,Ordenes,Validar Orden,25,Menus y Accesos Obsoletos,,,,,sicpro_app_administracion.grupo_app_administracion_obsoletos,25,PRIVILEGE_PARTIAL;HAS_XMLID_19
181,244,Ordenes: Rol Validar Orden,Ordenes,Validar Orden,26,Manage Multiple Units of Measure,,,,,uom.group_uom,25,PRIVILEGE_PARTIAL;HAS_XMLID_19
181,244,Ordenes: Rol Validar Orden,Ordenes,Validar Orden,27,Analytic Accounting,,,,,analytic.group_analytic_accounting,25,PRIVILEGE_PARTIAL;HAS_XMLID_19
181,244,Ordenes: Rol Validar Orden,Ordenes,Validar Orden,32,Use Stages on Project,,,,,project.group_project_stages,25,PRIVILEGE_PARTIAL;HAS_XMLID_19
181,244,Ordenes: Rol Validar Orden,Ordenes,Validar Orden,33,Use Recurring Tasks,,,,,project.group_project_recurring_tasks,25,PRIVILEGE_PARTIAL;HAS_XMLID_19
181,244,Ordenes: Rol Validar Orden,Ordenes,Validar Orden,34,Use Task Dependencies,,,,,project.group_project_task_dependencies,25,PRIVILEGE_PARTIAL;HAS_XMLID_19
181,244,Ordenes: Rol Validar Orden,Ordenes,Validar Orden,35,Use Milestones,,,,,project.group_project_milestone,25,PRIVILEGE_PARTIAL;HAS_XMLID_19
181,244,Ordenes: Rol Validar Orden,Ordenes,Validar Orden,44,Consultas Postgres,,,,,sicpro_modulo_querydb.group_querydeluxe,25,PRIVILEGE_PARTIAL;HAS_XMLID_19
181,244,Ordenes: Rol Validar Orden,Ordenes,Validar Orden,160,Crear Orden,52,Ejecución,103,Órdenes de Trabajo,sicpro_app_ordenes_trabajo.grupo_ordenes_ejecutor,10,IMPLIED_COMMON:validar orden;HAS_XMLID_19
182,245,Ordenes: Rol Crear Orden,Ordenes,Crear Orden,160,Crear Orden,52,Ejecución,103,Órdenes de Trabajo,sicpro_app_ordenes_trabajo.grupo_ordenes_ejecutor,60,ROLE_NAME_EXACT;HAS_XMLID_19
182,245,Ordenes: Rol Crear Orden,Ordenes,Crear Orden,1,Role / User,,,,,base.group_user,25,PRIVILEGE_PARTIAL;HAS_XMLID_19
182,245,Ordenes: Rol Crear Orden,Ordenes,Crear Orden,2,Access Rights,,,,,base.group_erp_manager,25,PRIVILEGE_PARTIAL;HAS_XMLID_19
182,245,Ordenes: Rol Crear Orden,Ordenes,Crear Orden,3,Bypass HTML Field Sanitize,,,,,base.group_sanitize_override,25,PRIVILEGE_PARTIAL;HAS_XMLID_19
182,245,Ordenes: Rol Crear Orden,Ordenes,Crear Orden,4,Role / Administrator,,,,,base.group_system,25,PRIVILEGE_PARTIAL;HAS_XMLID_19
182,245,Ordenes: Rol Crear Orden,Ordenes,Crear Orden,5,Multi Companies,,,,,base.group_multi_company,25,PRIVILEGE_PARTIAL;HAS_XMLID_19
182,245,Ordenes: Rol Crear Orden,Ordenes,Crear Orden,6,Multi Currencies,,,,,base.group_multi_currency,25,PRIVILEGE_PARTIAL;HAS_XMLID_19
182,245,Ordenes: Rol Crear Orden,Ordenes,Crear Orden,7,Technical Features,,,,,base.group_no_one,25,PRIVILEGE_PARTIAL;HAS_XMLID_19
182,245,Ordenes: Rol Crear Orden,Ordenes,Crear Orden,10,Role / Portal,,,,,base.group_portal,25,PRIVILEGE_PARTIAL;HAS_XMLID_19
182,245,Ordenes: Rol Crear Orden,Ordenes,Crear Orden,11,Role / Public,,,,,base.group_public,25,PRIVILEGE_PARTIAL;HAS_XMLID_19
182,245,Ordenes: Rol Crear Orden,Ordenes,Crear Orden,12,Default access for new users,,,,,base.default_user_group,25,PRIVILEGE_PARTIAL;HAS_XMLID_19
182,245,Ordenes: Rol Crear Orden,Ordenes,Crear Orden,13,Technical Documentation,,,,,api_doc.group_allow_doc,25,PRIVILEGE_PARTIAL;HAS_XMLID_19
182,245,Ordenes: Rol Crear Orden,Ordenes,Crear Orden,15,Mail Template Editor,,,,,mail.group_mail_template_editor,25,PRIVILEGE_PARTIAL;HAS_XMLID_19
182,245,Ordenes: Rol Crear Orden,Ordenes,Crear Orden,16,Receive notifications in Odoo,,,,,mail.group_mail_notification_type_inbox,25,PRIVILEGE_PARTIAL;HAS_XMLID_19
182,245,Ordenes: Rol Crear Orden,Ordenes,Crear Orden,25,Menus y Accesos Obsoletos,,,,,sicpro_app_administracion.grupo_app_administracion_obsoletos,25,PRIVILEGE_PARTIAL;HAS_XMLID_19
182,245,Ordenes: Rol Crear Orden,Ordenes,Crear Orden,26,Manage Multiple Units of Measure,,,,,uom.group_uom,25,PRIVILEGE_PARTIAL;HAS_XMLID_19
182,245,Ordenes: Rol Crear Orden,Ordenes,Crear Orden,27,Analytic Accounting,,,,,analytic.group_analytic_accounting,25,PRIVILEGE_PARTIAL;HAS_XMLID_19
182,245,Ordenes: Rol Crear Orden,Ordenes,Crear Orden,32,Use Stages on Project,,,,,project.group_project_stages,25,PRIVILEGE_PARTIAL;HAS_XMLID_19
182,245,Ordenes: Rol Crear Orden,Ordenes,Crear Orden,33,Use Recurring Tasks,,,,,project.group_project_recurring_tasks,25,PRIVILEGE_PARTIAL;HAS_XMLID_19
182,245,Ordenes: Rol Crear Orden,Ordenes,Crear Orden,34,Use Task Dependencies,,,,,project.group_project_task_dependencies,25,PRIVILEGE_PARTIAL;HAS_XMLID_19
182,245,Ordenes: Rol Crear Orden,Ordenes,Crear Orden,35,Use Milestones,,,,,project.group_project_milestone,25,PRIVILEGE_PARTIAL;HAS_XMLID_19
182,245,Ordenes: Rol Crear Orden,Ordenes,Crear Orden,44,Consultas Postgres,,,,,sicpro_modulo_querydb.group_querydeluxe,25,PRIVILEGE_PARTIAL;HAS_XMLID_19
183,246,Ordenes: Rol Responsable,Ordenes,Responsable,39,Responsable,11,Salón de Clases,107,Servicios Corporativos,sicpro_app_salon_clases.grupo_app_salon_clases_responsable,60,ROLE_NAME_EXACT;HAS_XMLID_19
183,246,Ordenes: Rol Responsable,Ordenes,Responsable,48,Responsable,15,CMI,108,Gestión de Producción,sicpro_app_cmi.grupo_app_cmi_responsable,60,ROLE_NAME_EXACT;HAS_XMLID_19
183,246,Ordenes: Rol Responsable,Ordenes,Responsable,52,Responsable,16,Materiales e Insumos,102,Preparación Técnica,sicpro_app_materiales_insumos.grupo_app_materiales_insumos_responsable,60,ROLE_NAME_EXACT;HAS_XMLID_19
183,246,Ordenes: Rol Responsable,Ordenes,Responsable,57,Responsable,18,Trabajadores,97,Capital Humano,sicpro_app_trabajadores.grupo_app_trabajador_responsable,60,ROLE_NAME_EXACT;HAS_XMLID_19
183,246,Ordenes: Rol Responsable,Ordenes,Responsable,60,Responsable,19,Equipo Técnico,97,Capital Humano,sicpro_app_trabajadores.grupo_app_trabajador_equipos_responsable,60,ROLE_NAME_EXACT;HAS_XMLID_19
183,246,Ordenes: Rol Responsable,Ordenes,Responsable,65,Responsable,20,Disciplinarias,97,Capital Humano,sicpro_app_trabajadores.grupo_app_trabajador_disciplina_responsable,60,ROLE_NAME_EXACT;HAS_XMLID_19
183,246,Ordenes: Rol Responsable,Ordenes,Responsable,68,Responsable,21,Capacitación,97,Capital Humano,sicpro_app_trabajadores.grupo_app_trabajador_capacitacion_responsable,60,ROLE_NAME_EXACT;HAS_XMLID_19
183,246,Ordenes: Rol Responsable,Ordenes,Responsable,70,Responsable,22,Seguridad y Salud,97,Capital Humano,sicpro_app_trabajadores.grupo_app_trabajador_seguridad_salud_responsable,60,ROLE_NAME_EXACT;HAS_XMLID_19
183,246,Ordenes: Rol Responsable,Ordenes,Responsable,75,Responsable,25,Control,109,Control de la información,sicpro_app_control_informacion.grupo_control_informacion_responsable,60,ROLE_NAME_EXACT;HAS_XMLID_19
183,246,Ordenes: Rol Responsable,Ordenes,Responsable,78,Responsable,26,Credenciales,97,Capital Humano,sicpro_app_credenciales.grupo_app_credenciales_responsable,60,ROLE_NAME_EXACT;HAS_XMLID_19
183,246,Ordenes: Rol Responsable,Ordenes,Responsable,82,Responsable,27,Medios Informáticos,112,Informática,sicpro_app_medios_informaticos.grupo_app_medios_informaticos_responsable,60,ROLE_NAME_EXACT;HAS_XMLID_19
183,246,Ordenes: Rol Responsable,Ordenes,Responsable,88,Responsable,29,Metrología,106,Activos y Herramientas,sicpro_app_metrologia.grupo_app_metrologia_responsable,60,ROLE_NAME_EXACT;HAS_XMLID_19
183,246,Ordenes: Rol Responsable,Ordenes,Responsable,93,Responsable,30,Repositorio DVPE.,107,Servicios Corporativos,sicpro_app_repositorio_institucional.group_repositorio_institucional_responsable,60,ROLE_NAME_EXACT;HAS_XMLID_19
183,246,Ordenes: Rol Responsable,Ordenes,Responsable,98,Responsable,31,Reuniones,105,Gestión de Reuniones,sicpro_app_reuniones.group_reuniones_responsable,60,ROLE_NAME_EXACT;HAS_XMLID_19
183,246,Ordenes: Rol Responsable,Ordenes,Responsable,103,Responsable,32,Servicios Internos,107,Servicios Corporativos,sicpro_app_servicios_internos.grupo_app_internos_responsable,60,ROLE_NAME_EXACT;HAS_XMLID_19
183,246,Ordenes: Rol Responsable,Ordenes,Responsable,110,Responsable,34,Soporte,113,Soporte Técnico,sicpro_app_soporte.group_soporte_responsable,60,ROLE_NAME_EXACT;HAS_XMLID_19
183,246,Ordenes: Rol Responsable,Ordenes,Responsable,115,Responsable,36,Transporte,98,Transportación,sicpro_app_transporte.grupo_app_transporte_responsable,60,ROLE_NAME_EXACT;HAS_XMLID_19
183,246,Ordenes: Rol Responsable,Ordenes,Responsable,121,Responsable,38,Víveres Logística,111,Alimentación,sicpro_app_viveres.grupo_app_viveres_resumen_responsable,60,ROLE_NAME_EXACT;HAS_XMLID_19
183,246,Ordenes: Rol Responsable,Ordenes,Responsable,128,Responsable,40,Clientes,101,Solicitudes de Obras,sicpro_app_clientes.grupo_app_clientes_responsable,60,ROLE_NAME_EXACT;HAS_XMLID_19
183,246,Ordenes: Rol Responsable,Ordenes,Responsable,139,Responsable,43,Operaciones,110,Programa de la Vivienda,sicpro_app_programa_viviendas.grupo_app_vivienda_responsable,60,ROLE_NAME_EXACT;HAS_XMLID_19
183,246,Ordenes: Rol Responsable,Ordenes,Responsable,143,Responsable,44,Solicitudes,101,Solicitudes de Obras,sicpro_app_solicitudes.grupo_app_solicitud_responsable,60,ROLE_NAME_EXACT;HAS_XMLID_19
183,246,Ordenes: Rol Responsable,Ordenes,Responsable,151,Responsable,49,Especialista Ejecutor,101,Solicitudes de Obras,sicpro_app_solicitudes.grupo_app_grupos_ejecutor,60,ROLE_NAME_EXACT;HAS_XMLID_19
183,246,Ordenes: Rol Responsable,Ordenes,Responsable,154,Responsable,50,Usuarios Internos,103,Órdenes de Trabajo,sicpro_app_ordenes_trabajo.grupo_ordenes_responsable,60,ROLE_NAME_EXACT;HAS_XMLID_19
183,246,Ordenes: Rol Responsable,Ordenes,Responsable,167,Responsable,53,Transferencias,104,Gestión de Gastos,sicpro_app_transferencias_gastos.grupo_transferencias_responsable,60,ROLE_NAME_EXACT;HAS_XMLID_19
183,246,Ordenes: Rol Responsable,Ordenes,Responsable,1,Role / User,,,,,base.group_user,25,PRIVILEGE_PARTIAL;HAS_XMLID_19
183,246,Ordenes: Rol Responsable,Ordenes,Responsable,2,Access Rights,,,,,base.group_erp_manager,25,PRIVILEGE_PARTIAL;HAS_XMLID_19
183,246,Ordenes: Rol Responsable,Ordenes,Responsable,3,Bypass HTML Field Sanitize,,,,,base.group_sanitize_override,25,PRIVILEGE_PARTIAL;HAS_XMLID_19
183,246,Ordenes: Rol Responsable,Ordenes,Responsable,4,Role / Administrator,,,,,base.group_system,25,PRIVILEGE_PARTIAL;HAS_XMLID_19
183,246,Ordenes: Rol Responsable,Ordenes,Responsable,5,Multi Companies,,,,,base.group_multi_company,25,PRIVILEGE_PARTIAL;HAS_XMLID_19
183,246,Ordenes: Rol Responsable,Ordenes,Responsable,6,Multi Currencies,,,,,base.group_multi_currency,25,PRIVILEGE_PARTIAL;HAS_XMLID_19
183,246,Ordenes: Rol Responsable,Ordenes,Responsable,7,Technical Features,,,,,base.group_no_one,25,PRIVILEGE_PARTIAL;HAS_XMLID_19
183,246,Ordenes: Rol Responsable,Ordenes,Responsable,10,Role / Portal,,,,,base.group_portal,25,PRIVILEGE_PARTIAL;HAS_XMLID_19
183,246,Ordenes: Rol Responsable,Ordenes,Responsable,11,Role / Public,,,,,base.group_public,25,PRIVILEGE_PARTIAL;HAS_XMLID_19
183,246,Ordenes: Rol Responsable,Ordenes,Responsable,12,Default access for new users,,,,,base.default_user_group,25,PRIVILEGE_PARTIAL;HAS_XMLID_19
183,246,Ordenes: Rol Responsable,Ordenes,Responsable,13,Technical Documentation,,,,,api_doc.group_allow_doc,25,PRIVILEGE_PARTIAL;HAS_XMLID_19
183,246,Ordenes: Rol Responsable,Ordenes,Responsable,15,Mail Template Editor,,,,,mail.group_mail_template_editor,25,PRIVILEGE_PARTIAL;HAS_XMLID_19
183,246,Ordenes: Rol Responsable,Ordenes,Responsable,16,Receive notifications in Odoo,,,,,mail.group_mail_notification_type_inbox,25,PRIVILEGE_PARTIAL;HAS_XMLID_19
183,246,Ordenes: Rol Responsable,Ordenes,Responsable,25,Menus y Accesos Obsoletos,,,,,sicpro_app_administracion.grupo_app_administracion_obsoletos,25,PRIVILEGE_PARTIAL;HAS_XMLID_19
183,246,Ordenes: Rol Responsable,Ordenes,Responsable,26,Manage Multiple Units of Measure,,,,,uom.group_uom,25,PRIVILEGE_PARTIAL;HAS_XMLID_19
183,246,Ordenes: Rol Responsable,Ordenes,Responsable,27,Analytic Accounting,,,,,analytic.group_analytic_accounting,25,PRIVILEGE_PARTIAL;HAS_XMLID_19
183,246,Ordenes: Rol Responsable,Ordenes,Responsable,32,Use Stages on Project,,,,,project.group_project_stages,25,PRIVILEGE_PARTIAL;HAS_XMLID_19
183,246,Ordenes: Rol Responsable,Ordenes,Responsable,33,Use Recurring Tasks,,,,,project.group_project_recurring_tasks,25,PRIVILEGE_PARTIAL;HAS_XMLID_19
183,246,Ordenes: Rol Responsable,Ordenes,Responsable,34,Use Task Dependencies,,,,,project.group_project_task_dependencies,25,PRIVILEGE_PARTIAL;HAS_XMLID_19
183,246,Ordenes: Rol Responsable,Ordenes,Responsable,35,Use Milestones,,,,,project.group_project_milestone,25,PRIVILEGE_PARTIAL;HAS_XMLID_19
183,246,Ordenes: Rol Responsable,Ordenes,Responsable,44,Consultas Postgres,,,,,sicpro_modulo_querydb.group_querydeluxe,25,PRIVILEGE_PARTIAL;HAS_XMLID_19
183,246,Ordenes: Rol Responsable,Ordenes,Responsable,40,Administrador,11,Salón de Clases,107,Servicios Corporativos,sicpro_app_salon_clases.grupo_app_salon_clases_admin,10,IMPLIED_COMMON:responsable;HAS_XMLID_19
183,246,Ordenes: Rol Responsable,Ordenes,Responsable,49,Administrador,15,CMI,108,Gestión de Producción,sicpro_app_cmi.grupo_app_cmi_admin,10,IMPLIED_COMMON:responsable;HAS_XMLID_19
183,246,Ordenes: Rol Responsable,Ordenes,Responsable,53,Administrador,16,Materiales e Insumos,102,Preparación Técnica,sicpro_app_materiales_insumos.grupo_app_materiales_insumos_admin,10,IMPLIED_COMMON:responsable;HAS_XMLID_19
183,246,Ordenes: Rol Responsable,Ordenes,Responsable,58,Administrador,18,Trabajadores,97,Capital Humano,sicpro_app_trabajadores.grupo_app_trabajador_admin,10,IMPLIED_COMMON:responsable;HAS_XMLID_19
183,246,Ordenes: Rol Responsable,Ordenes,Responsable,61,Administrador,19,Equipo Técnico,97,Capital Humano,sicpro_app_trabajadores.grupo_app_trabajador_equipos_admin,10,IMPLIED_COMMON:responsable;HAS_XMLID_19
183,246,Ordenes: Rol Responsable,Ordenes,Responsable,66,Administrador,20,Disciplinarias,97,Capital Humano,sicpro_app_trabajadores.grupo_app_trabajador_disciplina_admin,10,IMPLIED_COMMON:responsable;HAS_XMLID_19
183,246,Ordenes: Rol Responsable,Ordenes,Responsable,76,Administrador,25,Control,109,Control de la información,sicpro_app_control_informacion.grupo_control_informacion_admin,10,IMPLIED_COMMON:responsable;HAS_XMLID_19
183,246,Ordenes: Rol Responsable,Ordenes,Responsable,79,Administrador,26,Credenciales,97,Capital Humano,sicpro_app_credenciales.grupo_app_credenciales_admin,10,IMPLIED_COMMON:responsable;HAS_XMLID_19
183,246,Ordenes: Rol Responsable,Ordenes,Responsable,83,Administrador,27,Medios Informáticos,112,Informática,sicpro_app_medios_informaticos.grupo_app_medios_informaticos_admin,10,IMPLIED_COMMON:responsable;HAS_XMLID_19
183,246,Ordenes: Rol Responsable,Ordenes,Responsable,89,Administrador,29,Metrología,106,Activos y Herramientas,sicpro_app_metrologia.grupo_app_metrologia_admin,10,IMPLIED_COMMON:responsable;HAS_XMLID_19
183,246,Ordenes: Rol Responsable,Ordenes,Responsable,94,Administrador,30,Repositorio DVPE.,107,Servicios Corporativos,sicpro_app_repositorio_institucional.group_repositorio_institucional_admin,10,IMPLIED_COMMON:responsable;HAS_XMLID_19
183,246,Ordenes: Rol Responsable,Ordenes,Responsable,99,Administrator,31,Reuniones,105,Gestión de Reuniones,sicpro_app_reuniones.group_reuniones_admin,10,IMPLIED_COMMON:responsable;HAS_XMLID_19
183,246,Ordenes: Rol Responsable,Ordenes,Responsable,104,Administrador,32,Servicios Internos,107,Servicios Corporativos,sicpro_app_servicios_internos.grupo_app_internos_admin,10,IMPLIED_COMMON:responsable;HAS_XMLID_19
183,246,Ordenes: Rol Responsable,Ordenes,Responsable,111,Administrador,34,Soporte,113,Soporte Técnico,sicpro_app_soporte.group_soporte_admin,10,IMPLIED_COMMON:responsable;HAS_XMLID_19
183,246,Ordenes: Rol Responsable,Ordenes,Responsable,116,Administrador,36,Transporte,98,Transportación,sicpro_app_transporte.grupo_app_transporte_admin,10,IMPLIED_COMMON:responsable;HAS_XMLID_19
183,246,Ordenes: Rol Responsable,Ordenes,Responsable,122,Administrador,38,Víveres Logística,111,Alimentación,sicpro_app_viveres.grupo_app_viveres_admin,10,IMPLIED_COMMON:responsable;HAS_XMLID_19
183,246,Ordenes: Rol Responsable,Ordenes,Responsable,129,Administrador,40,Clientes,101,Solicitudes de Obras,sicpro_app_clientes.grupo_app_clientes_admin,10,IMPLIED_COMMON:responsable;HAS_XMLID_19
183,246,Ordenes: Rol Responsable,Ordenes,Responsable,140,Administrador,43,Operaciones,110,Programa de la Vivienda,sicpro_app_programa_viviendas.grupo_app_vivienda_admin,10,IMPLIED_COMMON:responsable;HAS_XMLID_19
183,246,Ordenes: Rol Responsable,Ordenes,Responsable,144,Administrador,44,Solicitudes,101,Solicitudes de Obras,sicpro_app_solicitudes.grupo_app_solicitud_admin,10,IMPLIED_COMMON:responsable;HAS_XMLID_19
183,246,Ordenes: Rol Responsable,Ordenes,Responsable,155,Administrador,50,Usuarios Internos,103,Órdenes de Trabajo,sicpro_app_ordenes_trabajo.grupo_ordenes_admin,10,IMPLIED_COMMON:responsable;HAS_XMLID_19
183,246,Ordenes: Rol Responsable,Ordenes,Responsable,168,Administrador,53,Transferencias,104,Gestión de Gastos,sicpro_app_transferencias_gastos.grupo_transferencias_admin,10,IMPLIED_COMMON:responsable;HAS_XMLID_19
184,247,Ordenes: Rol Administrador,Ordenes,Administrador,17,Administrador,4,Administrar SICPRO,94,Administración SICPRO ERP,sicpro_app_administracion.grupo_app_administracion_admin,60,ROLE_NAME_EXACT;HAS_XMLID_19
184,247,Ordenes: Rol Administrador,Ordenes,Administrador,40,Administrador,11,Salón de Clases,107,Servicios Corporativos,sicpro_app_salon_clases.grupo_app_salon_clases_admin,60,ROLE_NAME_EXACT;HAS_XMLID_19
184,247,Ordenes: Rol Administrador,Ordenes,Administrador,42,Administrador,12,Registros de auditoría,115,Registro de auditoría,sicpro_modulo_auditorias.group_auditlog_manager,60,ROLE_NAME_EXACT;HAS_XMLID_19
184,247,Ordenes: Rol Administrador,Ordenes,Administrador,43,Administrador,13,Nomencladores,94,Administración SICPRO ERP,sicpro_modulo_nomencladores.grupo_sicpro_nomencladores_admin,60,ROLE_NAME_EXACT;HAS_XMLID_19
184,247,Ordenes: Rol Administrador,Ordenes,Administrador,49,Administrador,15,CMI,108,Gestión de Producción,sicpro_app_cmi.grupo_app_cmi_admin,60,ROLE_NAME_EXACT;HAS_XMLID_19
184,247,Ordenes: Rol Administrador,Ordenes,Administrador,53,Administrador,16,Materiales e Insumos,102,Preparación Técnica,sicpro_app_materiales_insumos.grupo_app_materiales_insumos_admin,60,ROLE_NAME_EXACT;HAS_XMLID_19
184,247,Ordenes: Rol Administrador,Ordenes,Administrador,58,Administrador,18,Trabajadores,97,Capital Humano,sicpro_app_trabajadores.grupo_app_trabajador_admin,60,ROLE_NAME_EXACT;HAS_XMLID_19
184,247,Ordenes: Rol Administrador,Ordenes,Administrador,61,Administrador,19,Equipo Técnico,97,Capital Humano,sicpro_app_trabajadores.grupo_app_trabajador_equipos_admin,60,ROLE_NAME_EXACT;HAS_XMLID_19
184,247,Ordenes: Rol Administrador,Ordenes,Administrador,66,Administrador,20,Disciplinarias,97,Capital Humano,sicpro_app_trabajadores.grupo_app_trabajador_disciplina_admin,60,ROLE_NAME_EXACT;HAS_XMLID_19
184,247,Ordenes: Rol Administrador,Ordenes,Administrador,76,Administrador,25,Control,109,Control de la información,sicpro_app_control_informacion.grupo_control_informacion_admin,60,ROLE_NAME_EXACT;HAS_XMLID_19
184,247,Ordenes: Rol Administrador,Ordenes,Administrador,79,Administrador,26,Credenciales,97,Capital Humano,sicpro_app_credenciales.grupo_app_credenciales_admin,60,ROLE_NAME_EXACT;HAS_XMLID_19
184,247,Ordenes: Rol Administrador,Ordenes,Administrador,83,Administrador,27,Medios Informáticos,112,Informática,sicpro_app_medios_informaticos.grupo_app_medios_informaticos_admin,60,ROLE_NAME_EXACT;HAS_XMLID_19
184,247,Ordenes: Rol Administrador,Ordenes,Administrador,89,Administrador,29,Metrología,106,Activos y Herramientas,sicpro_app_metrologia.grupo_app_metrologia_admin,60,ROLE_NAME_EXACT;HAS_XMLID_19
184,247,Ordenes: Rol Administrador,Ordenes,Administrador,94,Administrador,30,Repositorio DVPE.,107,Servicios Corporativos,sicpro_app_repositorio_institucional.group_repositorio_institucional_admin,60,ROLE_NAME_EXACT;HAS_XMLID_19
184,247,Ordenes: Rol Administrador,Ordenes,Administrador,104,Administrador,32,Servicios Internos,107,Servicios Corporativos,sicpro_app_servicios_internos.grupo_app_internos_admin,60,ROLE_NAME_EXACT;HAS_XMLID_19
184,247,Ordenes: Rol Administrador,Ordenes,Administrador,111,Administrador,34,Soporte,113,Soporte Técnico,sicpro_app_soporte.group_soporte_admin,60,ROLE_NAME_EXACT;HAS_XMLID_19
184,247,Ordenes: Rol Administrador,Ordenes,Administrador,116,Administrador,36,Transporte,98,Transportación,sicpro_app_transporte.grupo_app_transporte_admin,60,ROLE_NAME_EXACT;HAS_XMLID_19
184,247,Ordenes: Rol Administrador,Ordenes,Administrador,122,Administrador,38,Víveres Logística,111,Alimentación,sicpro_app_viveres.grupo_app_viveres_admin,60,ROLE_NAME_EXACT;HAS_XMLID_19
184,247,Ordenes: Rol Administrador,Ordenes,Administrador,129,Administrador,40,Clientes,101,Solicitudes de Obras,sicpro_app_clientes.grupo_app_clientes_admin,60,ROLE_NAME_EXACT;HAS_XMLID_19
184,247,Ordenes: Rol Administrador,Ordenes,Administrador,132,Administrador,41,Instrucciones,97,Capital Humano,sicpro_app_instrucciones.grupo_app_instruciones_admin,60,ROLE_NAME_EXACT;HAS_XMLID_19
184,247,Ordenes: Rol Administrador,Ordenes,Administrador,140,Administrador,43,Operaciones,110,Programa de la Vivienda,sicpro_app_programa_viviendas.grupo_app_vivienda_admin,60,ROLE_NAME_EXACT;HAS_XMLID_19
184,247,Ordenes: Rol Administrador,Ordenes,Administrador,144,Administrador,44,Solicitudes,101,Solicitudes de Obras,sicpro_app_solicitudes.grupo_app_solicitud_admin,60,ROLE_NAME_EXACT;HAS_XMLID_19
184,247,Ordenes: Rol Administrador,Ordenes,Administrador,155,Administrador,50,Usuarios Internos,103,Órdenes de Trabajo,sicpro_app_ordenes_trabajo.grupo_ordenes_admin,60,ROLE_NAME_EXACT;HAS_XMLID_19
184,247,Ordenes: Rol Administrador,Ordenes,Administrador,168,Administrador,53,Transferencias,104,Gestión de Gastos,sicpro_app_transferencias_gastos.grupo_transferencias_admin,60,ROLE_NAME_EXACT;HAS_XMLID_19
184,247,Ordenes: Rol Administrador,Ordenes,Administrador,4,Role / Administrator,,,,,base.group_system,35,PRIVILEGE_PARTIAL;IMPLIED_COMMON:administrador;HAS_XMLID_19
184,247,Ordenes: Rol Administrador,Ordenes,Administrador,1,Role / User,,,,,base.group_user,25,PRIVILEGE_PARTIAL;HAS_XMLID_19
184,247,Ordenes: Rol Administrador,Ordenes,Administrador,2,Access Rights,,,,,base.group_erp_manager,25,PRIVILEGE_PARTIAL;HAS_XMLID_19
184,247,Ordenes: Rol Administrador,Ordenes,Administrador,3,Bypass HTML Field Sanitize,,,,,base.group_sanitize_override,25,PRIVILEGE_PARTIAL;HAS_XMLID_19
184,247,Ordenes: Rol Administrador,Ordenes,Administrador,5,Multi Companies,,,,,base.group_multi_company,25,PRIVILEGE_PARTIAL;HAS_XMLID_19
184,247,Ordenes: Rol Administrador,Ordenes,Administrador,6,Multi Currencies,,,,,base.group_multi_currency,25,PRIVILEGE_PARTIAL;HAS_XMLID_19
184,247,Ordenes: Rol Administrador,Ordenes,Administrador,7,Technical Features,,,,,base.group_no_one,25,PRIVILEGE_PARTIAL;HAS_XMLID_19
184,247,Ordenes: Rol Administrador,Ordenes,Administrador,10,Role / Portal,,,,,base.group_portal,25,PRIVILEGE_PARTIAL;HAS_XMLID_19
184,247,Ordenes: Rol Administrador,Ordenes,Administrador,11,Role / Public,,,,,base.group_public,25,PRIVILEGE_PARTIAL;HAS_XMLID_19
184,247,Ordenes: Rol Administrador,Ordenes,Administrador,12,Default access for new users,,,,,base.default_user_group,25,PRIVILEGE_PARTIAL;HAS_XMLID_19
184,247,Ordenes: Rol Administrador,Ordenes,Administrador,13,Technical Documentation,,,,,api_doc.group_allow_doc,25,PRIVILEGE_PARTIAL;HAS_XMLID_19
184,247,Ordenes: Rol Administrador,Ordenes,Administrador,15,Mail Template Editor,,,,,mail.group_mail_template_editor,25,PRIVILEGE_PARTIAL;HAS_XMLID_19
184,247,Ordenes: Rol Administrador,Ordenes,Administrador,16,Receive notifications in Odoo,,,,,mail.group_mail_notification_type_inbox,25,PRIVILEGE_PARTIAL;HAS_XMLID_19
184,247,Ordenes: Rol Administrador,Ordenes,Administrador,25,Menus y Accesos Obsoletos,,,,,sicpro_app_administracion.grupo_app_administracion_obsoletos,25,PRIVILEGE_PARTIAL;HAS_XMLID_19
184,247,Ordenes: Rol Administrador,Ordenes,Administrador,26,Manage Multiple Units of Measure,,,,,uom.group_uom,25,PRIVILEGE_PARTIAL;HAS_XMLID_19
184,247,Ordenes: Rol Administrador,Ordenes,Administrador,27,Analytic Accounting,,,,,analytic.group_analytic_accounting,25,PRIVILEGE_PARTIAL;HAS_XMLID_19
184,247,Ordenes: Rol Administrador,Ordenes,Administrador,32,Use Stages on Project,,,,,project.group_project_stages,25,PRIVILEGE_PARTIAL;HAS_XMLID_19
184,247,Ordenes: Rol Administrador,Ordenes,Administrador,33,Use Recurring Tasks,,,,,project.group_project_recurring_tasks,25,PRIVILEGE_PARTIAL;HAS_XMLID_19
184,247,Ordenes: Rol Administrador,Ordenes,Administrador,34,Use Task Dependencies,,,,,project.group_project_task_dependencies,25,PRIVILEGE_PARTIAL;HAS_XMLID_19
184,247,Ordenes: Rol Administrador,Ordenes,Administrador,35,Use Milestones,,,,,project.group_project_milestone,25,PRIVILEGE_PARTIAL;HAS_XMLID_19
184,247,Ordenes: Rol Administrador,Ordenes,Administrador,44,Consultas Postgres,,,,,sicpro_modulo_querydb.group_querydeluxe,25,PRIVILEGE_PARTIAL;HAS_XMLID_19
185,254,Informática: Visualizar Medios,,Informática: Visualizar Medios,80,Visualizar,27,Medios Informáticos,112,Informática,sicpro_app_medios_informaticos.grupo_app_medios_informaticos_inventario_usuario,35,ROLE_NAME_PARTIAL;HAS_XMLID_19
185,254,Informática: Visualizar Medios,,Informática: Visualizar Medios,84,Visualizar,28,Taller,112,Informática,sicpro_app_medios_informaticos.grupo_app_medios_informaticos_taller_usuario,35,ROLE_NAME_PARTIAL;HAS_XMLID_19
185,254,Informática: Visualizar Medios,,Informática: Visualizar Medios,119,Visualizar,38,Víveres Logística,111,Alimentación,sicpro_app_viveres.grupo_app_viveres_resumen_usuario,35,ROLE_NAME_PARTIAL;HAS_XMLID_19
185,254,Informática: Visualizar Medios,,Informática: Visualizar Medios,123,Visualizar,39,Víveres Áreas,111,Alimentación,sicpro_app_viveres.grupo_app_viveres_areas_usuario,35,ROLE_NAME_PARTIAL;HAS_XMLID_19
185,254,Informática: Visualizar Medios,,Informática: Visualizar Medios,81,Técnico,27,Medios Informáticos,112,Informática,sicpro_app_medios_informaticos.grupo_app_medios_informaticos_inventario_tecnico,10,IMPLIED_COMMON:visualizar;HAS_XMLID_19
185,254,Informática: Visualizar Medios,,Informática: Visualizar Medios,85,Técnico,28,Taller,112,Informática,sicpro_app_medios_informaticos.grupo_app_medios_informaticos_taller_tecnico,10,IMPLIED_COMMON:visualizar;HAS_XMLID_19
185,254,Informática: Visualizar Medios,,Informática: Visualizar Medios,120,Ejecutor,38,Víveres Logística,111,Alimentación,sicpro_app_viveres.grupo_app_viveres_resumen_ejecutor,10,IMPLIED_COMMON:visualizar;HAS_XMLID_19
185,254,Informática: Visualizar Medios,,Informática: Visualizar Medios,124,Ejecutor,39,Víveres Áreas,111,Alimentación,sicpro_app_viveres.grupo_app_viveres_areas_ejecutor,10,IMPLIED_COMMON:visualizar;HAS_XMLID_19
186,255,Informática: Técnico de Medios,,Informática: Técnico de Medios,81,Técnico,27,Medios Informáticos,112,Informática,sicpro_app_medios_informaticos.grupo_app_medios_informaticos_inventario_tecnico,35,ROLE_NAME_PARTIAL;HAS_XMLID_19
186,255,Informática: Técnico de Medios,,Informática: Técnico de Medios,85,Técnico,28,Taller,112,Informática,sicpro_app_medios_informaticos.grupo_app_medios_informaticos_taller_tecnico,35,ROLE_NAME_PARTIAL;HAS_XMLID_19
186,255,Informática: Técnico de Medios,,Informática: Técnico de Medios,82,Responsable,27,Medios Informáticos,112,Informática,sicpro_app_medios_informaticos.grupo_app_medios_informaticos_responsable,10,IMPLIED_COMMON:tecnico;HAS_XMLID_19
187,256,Informática: Responsable,,Informática: Responsable,39,Responsable,11,Salón de Clases,107,Servicios Corporativos,sicpro_app_salon_clases.grupo_app_salon_clases_responsable,35,ROLE_NAME_PARTIAL;HAS_XMLID_19
187,256,Informática: Responsable,,Informática: Responsable,48,Responsable,15,CMI,108,Gestión de Producción,sicpro_app_cmi.grupo_app_cmi_responsable,35,ROLE_NAME_PARTIAL;HAS_XMLID_19
187,256,Informática: Responsable,,Informática: Responsable,52,Responsable,16,Materiales e Insumos,102,Preparación Técnica,sicpro_app_materiales_insumos.grupo_app_materiales_insumos_responsable,35,ROLE_NAME_PARTIAL;HAS_XMLID_19
187,256,Informática: Responsable,,Informática: Responsable,57,Responsable,18,Trabajadores,97,Capital Humano,sicpro_app_trabajadores.grupo_app_trabajador_responsable,35,ROLE_NAME_PARTIAL;HAS_XMLID_19
187,256,Informática: Responsable,,Informática: Responsable,60,Responsable,19,Equipo Técnico,97,Capital Humano,sicpro_app_trabajadores.grupo_app_trabajador_equipos_responsable,35,ROLE_NAME_PARTIAL;HAS_XMLID_19
187,256,Informática: Responsable,,Informática: Responsable,65,Responsable,20,Disciplinarias,97,Capital Humano,sicpro_app_trabajadores.grupo_app_trabajador_disciplina_responsable,35,ROLE_NAME_PARTIAL;HAS_XMLID_19
187,256,Informática: Responsable,,Informática: Responsable,68,Responsable,21,Capacitación,97,Capital Humano,sicpro_app_trabajadores.grupo_app_trabajador_capacitacion_responsable,35,ROLE_NAME_PARTIAL;HAS_XMLID_19
187,256,Informática: Responsable,,Informática: Responsable,70,Responsable,22,Seguridad y Salud,97,Capital Humano,sicpro_app_trabajadores.grupo_app_trabajador_seguridad_salud_responsable,35,ROLE_NAME_PARTIAL;HAS_XMLID_19
187,256,Informática: Responsable,,Informática: Responsable,75,Responsable,25,Control,109,Control de la información,sicpro_app_control_informacion.grupo_control_informacion_responsable,35,ROLE_NAME_PARTIAL;HAS_XMLID_19
187,256,Informática: Responsable,,Informática: Responsable,78,Responsable,26,Credenciales,97,Capital Humano,sicpro_app_credenciales.grupo_app_credenciales_responsable,35,ROLE_NAME_PARTIAL;HAS_XMLID_19
187,256,Informática: Responsable,,Informática: Responsable,82,Responsable,27,Medios Informáticos,112,Informática,sicpro_app_medios_informaticos.grupo_app_medios_informaticos_responsable,35,ROLE_NAME_PARTIAL;HAS_XMLID_19
187,256,Informática: Responsable,,Informática: Responsable,88,Responsable,29,Metrología,106,Activos y Herramientas,sicpro_app_metrologia.grupo_app_metrologia_responsable,35,ROLE_NAME_PARTIAL;HAS_XMLID_19
187,256,Informática: Responsable,,Informática: Responsable,93,Responsable,30,Repositorio DVPE.,107,Servicios Corporativos,sicpro_app_repositorio_institucional.group_repositorio_institucional_responsable,35,ROLE_NAME_PARTIAL;HAS_XMLID_19
187,256,Informática: Responsable,,Informática: Responsable,98,Responsable,31,Reuniones,105,Gestión de Reuniones,sicpro_app_reuniones.group_reuniones_responsable,35,ROLE_NAME_PARTIAL;HAS_XMLID_19
187,256,Informática: Responsable,,Informática: Responsable,103,Responsable,32,Servicios Internos,107,Servicios Corporativos,sicpro_app_servicios_internos.grupo_app_internos_responsable,35,ROLE_NAME_PARTIAL;HAS_XMLID_19
187,256,Informática: Responsable,,Informática: Responsable,110,Responsable,34,Soporte,113,Soporte Técnico,sicpro_app_soporte.group_soporte_responsable,35,ROLE_NAME_PARTIAL;HAS_XMLID_19
187,256,Informática: Responsable,,Informática: Responsable,115,Responsable,36,Transporte,98,Transportación,sicpro_app_transporte.grupo_app_transporte_responsable,35,ROLE_NAME_PARTIAL;HAS_XMLID_19
187,256,Informática: Responsable,,Informática: Responsable,121,Responsable,38,Víveres Logística,111,Alimentación,sicpro_app_viveres.grupo_app_viveres_resumen_responsable,35,ROLE_NAME_PARTIAL;HAS_XMLID_19
187,256,Informática: Responsable,,Informática: Responsable,128,Responsable,40,Clientes,101,Solicitudes de Obras,sicpro_app_clientes.grupo_app_clientes_responsable,35,ROLE_NAME_PARTIAL;HAS_XMLID_19
187,256,Informática: Responsable,,Informática: Responsable,139,Responsable,43,Operaciones,110,Programa de la Vivienda,sicpro_app_programa_viviendas.grupo_app_vivienda_responsable,35,ROLE_NAME_PARTIAL;HAS_XMLID_19
187,256,Informática: Responsable,,Informática: Responsable,143,Responsable,44,Solicitudes,101,Solicitudes de Obras,sicpro_app_solicitudes.grupo_app_solicitud_responsable,35,ROLE_NAME_PARTIAL;HAS_XMLID_19
187,256,Informática: Responsable,,Informática: Responsable,151,Responsable,49,Especialista Ejecutor,101,Solicitudes de Obras,sicpro_app_solicitudes.grupo_app_grupos_ejecutor,35,ROLE_NAME_PARTIAL;HAS_XMLID_19
187,256,Informática: Responsable,,Informática: Responsable,154,Responsable,50,Usuarios Internos,103,Órdenes de Trabajo,sicpro_app_ordenes_trabajo.grupo_ordenes_responsable,35,ROLE_NAME_PARTIAL;HAS_XMLID_19
187,256,Informática: Responsable,,Informática: Responsable,167,Responsable,53,Transferencias,104,Gestión de Gastos,sicpro_app_transferencias_gastos.grupo_transferencias_responsable,35,ROLE_NAME_PARTIAL;HAS_XMLID_19
187,256,Informática: Responsable,,Informática: Responsable,40,Administrador,11,Salón de Clases,107,Servicios Corporativos,sicpro_app_salon_clases.grupo_app_salon_clases_admin,10,IMPLIED_COMMON:responsable;HAS_XMLID_19
187,256,Informática: Responsable,,Informática: Responsable,49,Administrador,15,CMI,108,Gestión de Producción,sicpro_app_cmi.grupo_app_cmi_admin,10,IMPLIED_COMMON:responsable;HAS_XMLID_19
187,256,Informática: Responsable,,Informática: Responsable,53,Administrador,16,Materiales e Insumos,102,Preparación Técnica,sicpro_app_materiales_insumos.grupo_app_materiales_insumos_admin,10,IMPLIED_COMMON:responsable;HAS_XMLID_19
187,256,Informática: Responsable,,Informática: Responsable,58,Administrador,18,Trabajadores,97,Capital Humano,sicpro_app_trabajadores.grupo_app_trabajador_admin,10,IMPLIED_COMMON:responsable;HAS_XMLID_19
187,256,Informática: Responsable,,Informática: Responsable,61,Administrador,19,Equipo Técnico,97,Capital Humano,sicpro_app_trabajadores.grupo_app_trabajador_equipos_admin,10,IMPLIED_COMMON:responsable;HAS_XMLID_19
187,256,Informática: Responsable,,Informática: Responsable,66,Administrador,20,Disciplinarias,97,Capital Humano,sicpro_app_trabajadores.grupo_app_trabajador_disciplina_admin,10,IMPLIED_COMMON:responsable;HAS_XMLID_19
187,256,Informática: Responsable,,Informática: Responsable,76,Administrador,25,Control,109,Control de la información,sicpro_app_control_informacion.grupo_control_informacion_admin,10,IMPLIED_COMMON:responsable;HAS_XMLID_19
187,256,Informática: Responsable,,Informática: Responsable,79,Administrador,26,Credenciales,97,Capital Humano,sicpro_app_credenciales.grupo_app_credenciales_admin,10,IMPLIED_COMMON:responsable;HAS_XMLID_19
187,256,Informática: Responsable,,Informática: Responsable,83,Administrador,27,Medios Informáticos,112,Informática,sicpro_app_medios_informaticos.grupo_app_medios_informaticos_admin,10,IMPLIED_COMMON:responsable;HAS_XMLID_19
187,256,Informática: Responsable,,Informática: Responsable,89,Administrador,29,Metrología,106,Activos y Herramientas,sicpro_app_metrologia.grupo_app_metrologia_admin,10,IMPLIED_COMMON:responsable;HAS_XMLID_19
187,256,Informática: Responsable,,Informática: Responsable,94,Administrador,30,Repositorio DVPE.,107,Servicios Corporativos,sicpro_app_repositorio_institucional.group_repositorio_institucional_admin,10,IMPLIED_COMMON:responsable;HAS_XMLID_19
187,256,Informática: Responsable,,Informática: Responsable,99,Administrator,31,Reuniones,105,Gestión de Reuniones,sicpro_app_reuniones.group_reuniones_admin,10,IMPLIED_COMMON:responsable;HAS_XMLID_19
187,256,Informática: Responsable,,Informática: Responsable,104,Administrador,32,Servicios Internos,107,Servicios Corporativos,sicpro_app_servicios_internos.grupo_app_internos_admin,10,IMPLIED_COMMON:responsable;HAS_XMLID_19
187,256,Informática: Responsable,,Informática: Responsable,111,Administrador,34,Soporte,113,Soporte Técnico,sicpro_app_soporte.group_soporte_admin,10,IMPLIED_COMMON:responsable;HAS_XMLID_19
187,256,Informática: Responsable,,Informática: Responsable,116,Administrador,36,Transporte,98,Transportación,sicpro_app_transporte.grupo_app_transporte_admin,10,IMPLIED_COMMON:responsable;HAS_XMLID_19
187,256,Informática: Responsable,,Informática: Responsable,122,Administrador,38,Víveres Logística,111,Alimentación,sicpro_app_viveres.grupo_app_viveres_admin,10,IMPLIED_COMMON:responsable;HAS_XMLID_19
187,256,Informática: Responsable,,Informática: Responsable,129,Administrador,40,Clientes,101,Solicitudes de Obras,sicpro_app_clientes.grupo_app_clientes_admin,10,IMPLIED_COMMON:responsable;HAS_XMLID_19
187,256,Informática: Responsable,,Informática: Responsable,140,Administrador,43,Operaciones,110,Programa de la Vivienda,sicpro_app_programa_viviendas.grupo_app_vivienda_admin,10,IMPLIED_COMMON:responsable;HAS_XMLID_19
187,256,Informática: Responsable,,Informática: Responsable,144,Administrador,44,Solicitudes,101,Solicitudes de Obras,sicpro_app_solicitudes.grupo_app_solicitud_admin,10,IMPLIED_COMMON:responsable;HAS_XMLID_19
187,256,Informática: Responsable,,Informática: Responsable,155,Administrador,50,Usuarios Internos,103,Órdenes de Trabajo,sicpro_app_ordenes_trabajo.grupo_ordenes_admin,10,IMPLIED_COMMON:responsable;HAS_XMLID_19
187,256,Informática: Responsable,,Informática: Responsable,168,Administrador,53,Transferencias,104,Gestión de Gastos,sicpro_app_transferencias_gastos.grupo_transferencias_admin,10,IMPLIED_COMMON:responsable;HAS_XMLID_19
188,257,Informática: Administrador,,Informática: Administrador,17,Administrador,4,Administrar SICPRO,94,Administración SICPRO ERP,sicpro_app_administracion.grupo_app_administracion_admin,35,ROLE_NAME_PARTIAL;HAS_XMLID_19
188,257,Informática: Administrador,,Informática: Administrador,40,Administrador,11,Salón de Clases,107,Servicios Corporativos,sicpro_app_salon_clases.grupo_app_salon_clases_admin,35,ROLE_NAME_PARTIAL;HAS_XMLID_19
188,257,Informática: Administrador,,Informática: Administrador,42,Administrador,12,Registros de auditoría,115,Registro de auditoría,sicpro_modulo_auditorias.group_auditlog_manager,35,ROLE_NAME_PARTIAL;HAS_XMLID_19
188,257,Informática: Administrador,,Informática: Administrador,43,Administrador,13,Nomencladores,94,Administración SICPRO ERP,sicpro_modulo_nomencladores.grupo_sicpro_nomencladores_admin,35,ROLE_NAME_PARTIAL;HAS_XMLID_19
188,257,Informática: Administrador,,Informática: Administrador,49,Administrador,15,CMI,108,Gestión de Producción,sicpro_app_cmi.grupo_app_cmi_admin,35,ROLE_NAME_PARTIAL;HAS_XMLID_19
188,257,Informática: Administrador,,Informática: Administrador,53,Administrador,16,Materiales e Insumos,102,Preparación Técnica,sicpro_app_materiales_insumos.grupo_app_materiales_insumos_admin,35,ROLE_NAME_PARTIAL;HAS_XMLID_19
188,257,Informática: Administrador,,Informática: Administrador,58,Administrador,18,Trabajadores,97,Capital Humano,sicpro_app_trabajadores.grupo_app_trabajador_admin,35,ROLE_NAME_PARTIAL;HAS_XMLID_19
188,257,Informática: Administrador,,Informática: Administrador,61,Administrador,19,Equipo Técnico,97,Capital Humano,sicpro_app_trabajadores.grupo_app_trabajador_equipos_admin,35,ROLE_NAME_PARTIAL;HAS_XMLID_19
188,257,Informática: Administrador,,Informática: Administrador,66,Administrador,20,Disciplinarias,97,Capital Humano,sicpro_app_trabajadores.grupo_app_trabajador_disciplina_admin,35,ROLE_NAME_PARTIAL;HAS_XMLID_19
188,257,Informática: Administrador,,Informática: Administrador,76,Administrador,25,Control,109,Control de la información,sicpro_app_control_informacion.grupo_control_informacion_admin,35,ROLE_NAME_PARTIAL;HAS_XMLID_19
188,257,Informática: Administrador,,Informática: Administrador,79,Administrador,26,Credenciales,97,Capital Humano,sicpro_app_credenciales.grupo_app_credenciales_admin,35,ROLE_NAME_PARTIAL;HAS_XMLID_19
188,257,Informática: Administrador,,Informática: Administrador,83,Administrador,27,Medios Informáticos,112,Informática,sicpro_app_medios_informaticos.grupo_app_medios_informaticos_admin,35,ROLE_NAME_PARTIAL;HAS_XMLID_19
188,257,Informática: Administrador,,Informática: Administrador,89,Administrador,29,Metrología,106,Activos y Herramientas,sicpro_app_metrologia.grupo_app_metrologia_admin,35,ROLE_NAME_PARTIAL;HAS_XMLID_19
188,257,Informática: Administrador,,Informática: Administrador,94,Administrador,30,Repositorio DVPE.,107,Servicios Corporativos,sicpro_app_repositorio_institucional.group_repositorio_institucional_admin,35,ROLE_NAME_PARTIAL;HAS_XMLID_19
188,257,Informática: Administrador,,Informática: Administrador,104,Administrador,32,Servicios Internos,107,Servicios Corporativos,sicpro_app_servicios_internos.grupo_app_internos_admin,35,ROLE_NAME_PARTIAL;HAS_XMLID_19
188,257,Informática: Administrador,,Informática: Administrador,111,Administrador,34,Soporte,113,Soporte Técnico,sicpro_app_soporte.group_soporte_admin,35,ROLE_NAME_PARTIAL;HAS_XMLID_19
188,257,Informática: Administrador,,Informática: Administrador,116,Administrador,36,Transporte,98,Transportación,sicpro_app_transporte.grupo_app_transporte_admin,35,ROLE_NAME_PARTIAL;HAS_XMLID_19
188,257,Informática: Administrador,,Informática: Administrador,122,Administrador,38,Víveres Logística,111,Alimentación,sicpro_app_viveres.grupo_app_viveres_admin,35,ROLE_NAME_PARTIAL;HAS_XMLID_19
188,257,Informática: Administrador,,Informática: Administrador,129,Administrador,40,Clientes,101,Solicitudes de Obras,sicpro_app_clientes.grupo_app_clientes_admin,35,ROLE_NAME_PARTIAL;HAS_XMLID_19
188,257,Informática: Administrador,,Informática: Administrador,132,Administrador,41,Instrucciones,97,Capital Humano,sicpro_app_instrucciones.grupo_app_instruciones_admin,35,ROLE_NAME_PARTIAL;HAS_XMLID_19
188,257,Informática: Administrador,,Informática: Administrador,140,Administrador,43,Operaciones,110,Programa de la Vivienda,sicpro_app_programa_viviendas.grupo_app_vivienda_admin,35,ROLE_NAME_PARTIAL;HAS_XMLID_19
188,257,Informática: Administrador,,Informática: Administrador,144,Administrador,44,Solicitudes,101,Solicitudes de Obras,sicpro_app_solicitudes.grupo_app_solicitud_admin,35,ROLE_NAME_PARTIAL;HAS_XMLID_19
188,257,Informática: Administrador,,Informática: Administrador,155,Administrador,50,Usuarios Internos,103,Órdenes de Trabajo,sicpro_app_ordenes_trabajo.grupo_ordenes_admin,35,ROLE_NAME_PARTIAL;HAS_XMLID_19
188,257,Informática: Administrador,,Informática: Administrador,168,Administrador,53,Transferencias,104,Gestión de Gastos,sicpro_app_transferencias_gastos.grupo_transferencias_admin,35,ROLE_NAME_PARTIAL;HAS_XMLID_19
188,257,Informática: Administrador,,Informática: Administrador,4,Role / Administrator,,,,,base.group_system,10,IMPLIED_COMMON:administrador;HAS_XMLID_19
189,258,Informática: Visualizar Taller,,Informática: Visualizar Taller,80,Visualizar,27,Medios Informáticos,112,Informática,sicpro_app_medios_informaticos.grupo_app_medios_informaticos_inventario_usuario,35,ROLE_NAME_PARTIAL;HAS_XMLID_19
189,258,Informática: Visualizar Taller,,Informática: Visualizar Taller,84,Visualizar,28,Taller,112,Informática,sicpro_app_medios_informaticos.grupo_app_medios_informaticos_taller_usuario,35,ROLE_NAME_PARTIAL;HAS_XMLID_19
189,258,Informática: Visualizar Taller,,Informática: Visualizar Taller,119,Visualizar,38,Víveres Logística,111,Alimentación,sicpro_app_viveres.grupo_app_viveres_resumen_usuario,35,ROLE_NAME_PARTIAL;HAS_XMLID_19
189,258,Informática: Visualizar Taller,,Informática: Visualizar Taller,123,Visualizar,39,Víveres Áreas,111,Alimentación,sicpro_app_viveres.grupo_app_viveres_areas_usuario,35,ROLE_NAME_PARTIAL;HAS_XMLID_19
189,258,Informática: Visualizar Taller,,Informática: Visualizar Taller,81,Técnico,27,Medios Informáticos,112,Informática,sicpro_app_medios_informaticos.grupo_app_medios_informaticos_inventario_tecnico,10,IMPLIED_COMMON:visualizar;HAS_XMLID_19
189,258,Informática: Visualizar Taller,,Informática: Visualizar Taller,85,Técnico,28,Taller,112,Informática,sicpro_app_medios_informaticos.grupo_app_medios_informaticos_taller_tecnico,10,IMPLIED_COMMON:visualizar;HAS_XMLID_19
189,258,Informática: Visualizar Taller,,Informática: Visualizar Taller,120,Ejecutor,38,Víveres Logística,111,Alimentación,sicpro_app_viveres.grupo_app_viveres_resumen_ejecutor,10,IMPLIED_COMMON:visualizar;HAS_XMLID_19
189,258,Informática: Visualizar Taller,,Informática: Visualizar Taller,124,Ejecutor,39,Víveres Áreas,111,Alimentación,sicpro_app_viveres.grupo_app_viveres_areas_ejecutor,10,IMPLIED_COMMON:visualizar;HAS_XMLID_19
190,259,Informática: Técnico de taller,,Informática: Técnico de taller,81,Técnico,27,Medios Informáticos,112,Informática,sicpro_app_medios_informaticos.grupo_app_medios_informaticos_inventario_tecnico,35,ROLE_NAME_PARTIAL;HAS_XMLID_19
190,259,Informática: Técnico de taller,,Informática: Técnico de taller,85,Técnico,28,Taller,112,Informática,sicpro_app_medios_informaticos.grupo_app_medios_informaticos_taller_tecnico,35,ROLE_NAME_PARTIAL;HAS_XMLID_19
190,259,Informática: Técnico de taller,,Informática: Técnico de taller,82,Responsable,27,Medios Informáticos,112,Informática,sicpro_app_medios_informaticos.grupo_app_medios_informaticos_responsable,10,IMPLIED_COMMON:tecnico;HAS_XMLID_19
191,271,Transferencias: Rol Visualizar Todo,Transferencias,Visualizar Todo,74,Visualizar Todo,25,Control,109,Control de la información,sicpro_app_control_informacion.grupo_control_informacion_visualizar_todo,60,ROLE_NAME_EXACT;HAS_XMLID_19
191,271,Transferencias: Rol Visualizar Todo,Transferencias,Visualizar Todo,162,Gestión del Inversionista,53,Transferencias,104,Gestión de Gastos,sicpro_app_transferencias_gastos.grupo_transferencias_inversionistas,60,PRIVILEGE_EXACT;IMPLIED_COMMON:visualizar todas las transferencias;HAS_XMLID_19
191,271,Transferencias: Rol Visualizar Todo,Transferencias,Visualizar Todo,161,Visualizar todas las Transferencias,53,Transferencias,104,Gestión de Gastos,sicpro_app_transferencias_gastos.grupo_transferencias_visualizar,50,PRIVILEGE_EXACT;HAS_XMLID_19
191,271,Transferencias: Rol Visualizar Todo,Transferencias,Visualizar Todo,163,Visualizar por Procesos,53,Transferencias,104,Gestión de Gastos,sicpro_app_transferencias_gastos.grupo_transferencias_visualizar_proceso,50,PRIVILEGE_EXACT;HAS_XMLID_19
191,271,Transferencias: Rol Visualizar Todo,Transferencias,Visualizar Todo,164,Gestión del Ejecutor,53,Transferencias,104,Gestión de Gastos,sicpro_app_transferencias_gastos.grupo_transferencias_ejecutores_procesos,50,PRIVILEGE_EXACT;HAS_XMLID_19
191,271,Transferencias: Rol Visualizar Todo,Transferencias,Visualizar Todo,165,Gestión del Técnico Productivo,53,Transferencias,104,Gestión de Gastos,sicpro_app_transferencias_gastos.grupo_transferencias_dtp_procesos,50,PRIVILEGE_EXACT;HAS_XMLID_19
191,271,Transferencias: Rol Visualizar Todo,Transferencias,Visualizar Todo,166,Gestión Económica,53,Transferencias,104,Gestión de Gastos,sicpro_app_transferencias_gastos.grupo_transferencias_economia,50,PRIVILEGE_EXACT;HAS_XMLID_19
191,271,Transferencias: Rol Visualizar Todo,Transferencias,Visualizar Todo,167,Responsable,53,Transferencias,104,Gestión de Gastos,sicpro_app_transferencias_gastos.grupo_transferencias_responsable,50,PRIVILEGE_EXACT;HAS_XMLID_19
191,271,Transferencias: Rol Visualizar Todo,Transferencias,Visualizar Todo,168,Administrador,53,Transferencias,104,Gestión de Gastos,sicpro_app_transferencias_gastos.grupo_transferencias_admin,50,PRIVILEGE_EXACT;HAS_XMLID_19
191,271,Transferencias: Rol Visualizar Todo,Transferencias,Visualizar Todo,80,Visualizar,27,Medios Informáticos,112,Informática,sicpro_app_medios_informaticos.grupo_app_medios_informaticos_inventario_usuario,35,ROLE_NAME_PARTIAL;HAS_XMLID_19
191,271,Transferencias: Rol Visualizar Todo,Transferencias,Visualizar Todo,84,Visualizar,28,Taller,112,Informática,sicpro_app_medios_informaticos.grupo_app_medios_informaticos_taller_usuario,35,ROLE_NAME_PARTIAL;HAS_XMLID_19
191,271,Transferencias: Rol Visualizar Todo,Transferencias,Visualizar Todo,112,Visualizar Todos los Tickets de Soporte,35,Ver Todo,113,Soporte Técnico,sicpro_app_soporte.group_soporte_todos,35,ROLE_NAME_PARTIAL;HAS_XMLID_19
191,271,Transferencias: Rol Visualizar Todo,Transferencias,Visualizar Todo,119,Visualizar,38,Víveres Logística,111,Alimentación,sicpro_app_viveres.grupo_app_viveres_resumen_usuario,35,ROLE_NAME_PARTIAL;HAS_XMLID_19
191,271,Transferencias: Rol Visualizar Todo,Transferencias,Visualizar Todo,123,Visualizar,39,Víveres Áreas,111,Alimentación,sicpro_app_viveres.grupo_app_viveres_areas_usuario,35,ROLE_NAME_PARTIAL;HAS_XMLID_19
191,271,Transferencias: Rol Visualizar Todo,Transferencias,Visualizar Todo,1,Role / User,,,,,base.group_user,25,PRIVILEGE_PARTIAL;HAS_XMLID_19
191,271,Transferencias: Rol Visualizar Todo,Transferencias,Visualizar Todo,2,Access Rights,,,,,base.group_erp_manager,25,PRIVILEGE_PARTIAL;HAS_XMLID_19
191,271,Transferencias: Rol Visualizar Todo,Transferencias,Visualizar Todo,3,Bypass HTML Field Sanitize,,,,,base.group_sanitize_override,25,PRIVILEGE_PARTIAL;HAS_XMLID_19
191,271,Transferencias: Rol Visualizar Todo,Transferencias,Visualizar Todo,4,Role / Administrator,,,,,base.group_system,25,PRIVILEGE_PARTIAL;HAS_XMLID_19
191,271,Transferencias: Rol Visualizar Todo,Transferencias,Visualizar Todo,5,Multi Companies,,,,,base.group_multi_company,25,PRIVILEGE_PARTIAL;HAS_XMLID_19
191,271,Transferencias: Rol Visualizar Todo,Transferencias,Visualizar Todo,6,Multi Currencies,,,,,base.group_multi_currency,25,PRIVILEGE_PARTIAL;HAS_XMLID_19
191,271,Transferencias: Rol Visualizar Todo,Transferencias,Visualizar Todo,7,Technical Features,,,,,base.group_no_one,25,PRIVILEGE_PARTIAL;HAS_XMLID_19
191,271,Transferencias: Rol Visualizar Todo,Transferencias,Visualizar Todo,10,Role / Portal,,,,,base.group_portal,25,PRIVILEGE_PARTIAL;HAS_XMLID_19
191,271,Transferencias: Rol Visualizar Todo,Transferencias,Visualizar Todo,11,Role / Public,,,,,base.group_public,25,PRIVILEGE_PARTIAL;HAS_XMLID_19
191,271,Transferencias: Rol Visualizar Todo,Transferencias,Visualizar Todo,12,Default access for new users,,,,,base.default_user_group,25,PRIVILEGE_PARTIAL;HAS_XMLID_19
191,271,Transferencias: Rol Visualizar Todo,Transferencias,Visualizar Todo,13,Technical Documentation,,,,,api_doc.group_allow_doc,25,PRIVILEGE_PARTIAL;HAS_XMLID_19
191,271,Transferencias: Rol Visualizar Todo,Transferencias,Visualizar Todo,15,Mail Template Editor,,,,,mail.group_mail_template_editor,25,PRIVILEGE_PARTIAL;HAS_XMLID_19
191,271,Transferencias: Rol Visualizar Todo,Transferencias,Visualizar Todo,16,Receive notifications in Odoo,,,,,mail.group_mail_notification_type_inbox,25,PRIVILEGE_PARTIAL;HAS_XMLID_19
191,271,Transferencias: Rol Visualizar Todo,Transferencias,Visualizar Todo,25,Menus y Accesos Obsoletos,,,,,sicpro_app_administracion.grupo_app_administracion_obsoletos,25,PRIVILEGE_PARTIAL;HAS_XMLID_19
191,271,Transferencias: Rol Visualizar Todo,Transferencias,Visualizar Todo,26,Manage Multiple Units of Measure,,,,,uom.group_uom,25,PRIVILEGE_PARTIAL;HAS_XMLID_19
191,271,Transferencias: Rol Visualizar Todo,Transferencias,Visualizar Todo,27,Analytic Accounting,,,,,analytic.group_analytic_accounting,25,PRIVILEGE_PARTIAL;HAS_XMLID_19
191,271,Transferencias: Rol Visualizar Todo,Transferencias,Visualizar Todo,32,Use Stages on Project,,,,,project.group_project_stages,25,PRIVILEGE_PARTIAL;HAS_XMLID_19
191,271,Transferencias: Rol Visualizar Todo,Transferencias,Visualizar Todo,33,Use Recurring Tasks,,,,,project.group_project_recurring_tasks,25,PRIVILEGE_PARTIAL;HAS_XMLID_19
191,271,Transferencias: Rol Visualizar Todo,Transferencias,Visualizar Todo,34,Use Task Dependencies,,,,,project.group_project_task_dependencies,25,PRIVILEGE_PARTIAL;HAS_XMLID_19
191,271,Transferencias: Rol Visualizar Todo,Transferencias,Visualizar Todo,35,Use Milestones,,,,,project.group_project_milestone,25,PRIVILEGE_PARTIAL;HAS_XMLID_19
191,271,Transferencias: Rol Visualizar Todo,Transferencias,Visualizar Todo,44,Consultas Postgres,,,,,sicpro_modulo_querydb.group_querydeluxe,25,PRIVILEGE_PARTIAL;HAS_XMLID_19
192,272,Transferencias: Rol Visualizar Proceso,Transferencias,Visualizar Proceso,71,Visualizar Proceso,23,Ejecutor,109,Control de la información,sicpro_app_control_informacion.grupo_control_informacion_visualizar_proceso,60,ROLE_NAME_EXACT;HAS_XMLID_19
192,272,Transferencias: Rol Visualizar Proceso,Transferencias,Visualizar Proceso,164,Gestión del Ejecutor,53,Transferencias,104,Gestión de Gastos,sicpro_app_transferencias_gastos.grupo_transferencias_ejecutores_procesos,60,PRIVILEGE_EXACT;IMPLIED_COMMON:visualizar por procesos;HAS_XMLID_19
192,272,Transferencias: Rol Visualizar Proceso,Transferencias,Visualizar Proceso,161,Visualizar todas las Transferencias,53,Transferencias,104,Gestión de Gastos,sicpro_app_transferencias_gastos.grupo_transferencias_visualizar,50,PRIVILEGE_EXACT;HAS_XMLID_19
192,272,Transferencias: Rol Visualizar Proceso,Transferencias,Visualizar Proceso,162,Gestión del Inversionista,53,Transferencias,104,Gestión de Gastos,sicpro_app_transferencias_gastos.grupo_transferencias_inversionistas,50,PRIVILEGE_EXACT;HAS_XMLID_19
192,272,Transferencias: Rol Visualizar Proceso,Transferencias,Visualizar Proceso,163,Visualizar por Procesos,53,Transferencias,104,Gestión de Gastos,sicpro_app_transferencias_gastos.grupo_transferencias_visualizar_proceso,50,PRIVILEGE_EXACT;HAS_XMLID_19
192,272,Transferencias: Rol Visualizar Proceso,Transferencias,Visualizar Proceso,165,Gestión del Técnico Productivo,53,Transferencias,104,Gestión de Gastos,sicpro_app_transferencias_gastos.grupo_transferencias_dtp_procesos,50,PRIVILEGE_EXACT;HAS_XMLID_19
192,272,Transferencias: Rol Visualizar Proceso,Transferencias,Visualizar Proceso,166,Gestión Económica,53,Transferencias,104,Gestión de Gastos,sicpro_app_transferencias_gastos.grupo_transferencias_economia,50,PRIVILEGE_EXACT;HAS_XMLID_19
192,272,Transferencias: Rol Visualizar Proceso,Transferencias,Visualizar Proceso,167,Responsable,53,Transferencias,104,Gestión de Gastos,sicpro_app_transferencias_gastos.grupo_transferencias_responsable,50,PRIVILEGE_EXACT;HAS_XMLID_19
192,272,Transferencias: Rol Visualizar Proceso,Transferencias,Visualizar Proceso,168,Administrador,53,Transferencias,104,Gestión de Gastos,sicpro_app_transferencias_gastos.grupo_transferencias_admin,50,PRIVILEGE_EXACT;HAS_XMLID_19
192,272,Transferencias: Rol Visualizar Proceso,Transferencias,Visualizar Proceso,80,Visualizar,27,Medios Informáticos,112,Informática,sicpro_app_medios_informaticos.grupo_app_medios_informaticos_inventario_usuario,35,ROLE_NAME_PARTIAL;HAS_XMLID_19
192,272,Transferencias: Rol Visualizar Proceso,Transferencias,Visualizar Proceso,84,Visualizar,28,Taller,112,Informática,sicpro_app_medios_informaticos.grupo_app_medios_informaticos_taller_usuario,35,ROLE_NAME_PARTIAL;HAS_XMLID_19
192,272,Transferencias: Rol Visualizar Proceso,Transferencias,Visualizar Proceso,119,Visualizar,38,Víveres Logística,111,Alimentación,sicpro_app_viveres.grupo_app_viveres_resumen_usuario,35,ROLE_NAME_PARTIAL;HAS_XMLID_19
192,272,Transferencias: Rol Visualizar Proceso,Transferencias,Visualizar Proceso,123,Visualizar,39,Víveres Áreas,111,Alimentación,sicpro_app_viveres.grupo_app_viveres_areas_usuario,35,ROLE_NAME_PARTIAL;HAS_XMLID_19
192,272,Transferencias: Rol Visualizar Proceso,Transferencias,Visualizar Proceso,1,Role / User,,,,,base.group_user,25,PRIVILEGE_PARTIAL;HAS_XMLID_19
192,272,Transferencias: Rol Visualizar Proceso,Transferencias,Visualizar Proceso,2,Access Rights,,,,,base.group_erp_manager,25,PRIVILEGE_PARTIAL;HAS_XMLID_19
192,272,Transferencias: Rol Visualizar Proceso,Transferencias,Visualizar Proceso,3,Bypass HTML Field Sanitize,,,,,base.group_sanitize_override,25,PRIVILEGE_PARTIAL;HAS_XMLID_19
192,272,Transferencias: Rol Visualizar Proceso,Transferencias,Visualizar Proceso,4,Role / Administrator,,,,,base.group_system,25,PRIVILEGE_PARTIAL;HAS_XMLID_19
192,272,Transferencias: Rol Visualizar Proceso,Transferencias,Visualizar Proceso,5,Multi Companies,,,,,base.group_multi_company,25,PRIVILEGE_PARTIAL;HAS_XMLID_19
192,272,Transferencias: Rol Visualizar Proceso,Transferencias,Visualizar Proceso,6,Multi Currencies,,,,,base.group_multi_currency,25,PRIVILEGE_PARTIAL;HAS_XMLID_19
192,272,Transferencias: Rol Visualizar Proceso,Transferencias,Visualizar Proceso,7,Technical Features,,,,,base.group_no_one,25,PRIVILEGE_PARTIAL;HAS_XMLID_19
192,272,Transferencias: Rol Visualizar Proceso,Transferencias,Visualizar Proceso,10,Role / Portal,,,,,base.group_portal,25,PRIVILEGE_PARTIAL;HAS_XMLID_19
192,272,Transferencias: Rol Visualizar Proceso,Transferencias,Visualizar Proceso,11,Role / Public,,,,,base.group_public,25,PRIVILEGE_PARTIAL;HAS_XMLID_19
192,272,Transferencias: Rol Visualizar Proceso,Transferencias,Visualizar Proceso,12,Default access for new users,,,,,base.default_user_group,25,PRIVILEGE_PARTIAL;HAS_XMLID_19
192,272,Transferencias: Rol Visualizar Proceso,Transferencias,Visualizar Proceso,13,Technical Documentation,,,,,api_doc.group_allow_doc,25,PRIVILEGE_PARTIAL;HAS_XMLID_19
192,272,Transferencias: Rol Visualizar Proceso,Transferencias,Visualizar Proceso,15,Mail Template Editor,,,,,mail.group_mail_template_editor,25,PRIVILEGE_PARTIAL;HAS_XMLID_19
192,272,Transferencias: Rol Visualizar Proceso,Transferencias,Visualizar Proceso,16,Receive notifications in Odoo,,,,,mail.group_mail_notification_type_inbox,25,PRIVILEGE_PARTIAL;HAS_XMLID_19
192,272,Transferencias: Rol Visualizar Proceso,Transferencias,Visualizar Proceso,25,Menus y Accesos Obsoletos,,,,,sicpro_app_administracion.grupo_app_administracion_obsoletos,25,PRIVILEGE_PARTIAL;HAS_XMLID_19
192,272,Transferencias: Rol Visualizar Proceso,Transferencias,Visualizar Proceso,26,Manage Multiple Units of Measure,,,,,uom.group_uom,25,PRIVILEGE_PARTIAL;HAS_XMLID_19
192,272,Transferencias: Rol Visualizar Proceso,Transferencias,Visualizar Proceso,27,Analytic Accounting,,,,,analytic.group_analytic_accounting,25,PRIVILEGE_PARTIAL;HAS_XMLID_19
192,272,Transferencias: Rol Visualizar Proceso,Transferencias,Visualizar Proceso,32,Use Stages on Project,,,,,project.group_project_stages,25,PRIVILEGE_PARTIAL;HAS_XMLID_19
192,272,Transferencias: Rol Visualizar Proceso,Transferencias,Visualizar Proceso,33,Use Recurring Tasks,,,,,project.group_project_recurring_tasks,25,PRIVILEGE_PARTIAL;HAS_XMLID_19
192,272,Transferencias: Rol Visualizar Proceso,Transferencias,Visualizar Proceso,34,Use Task Dependencies,,,,,project.group_project_task_dependencies,25,PRIVILEGE_PARTIAL;HAS_XMLID_19
192,272,Transferencias: Rol Visualizar Proceso,Transferencias,Visualizar Proceso,35,Use Milestones,,,,,project.group_project_milestone,25,PRIVILEGE_PARTIAL;HAS_XMLID_19
192,272,Transferencias: Rol Visualizar Proceso,Transferencias,Visualizar Proceso,44,Consultas Postgres,,,,,sicpro_modulo_querydb.group_querydeluxe,25,PRIVILEGE_PARTIAL;HAS_XMLID_19
193,273,Transferencias: Rol Inversionista,Transferencias,Inversionista,162,Gestión del Inversionista,53,Transferencias,104,Gestión de Gastos,sicpro_app_transferencias_gastos.grupo_transferencias_inversionistas,85,ROLE_NAME_PARTIAL;PRIVILEGE_EXACT;HAS_XMLID_19
193,273,Transferencias: Rol Inversionista,Transferencias,Inversionista,163,Visualizar por Procesos,53,Transferencias,104,Gestión de Gastos,sicpro_app_transferencias_gastos.grupo_transferencias_visualizar_proceso,60,PRIVILEGE_EXACT;IMPLIED_COMMON:gestion del inversionista;HAS_XMLID_19
193,273,Transferencias: Rol Inversionista,Transferencias,Inversionista,161,Visualizar todas las Transferencias,53,Transferencias,104,Gestión de Gastos,sicpro_app_transferencias_gastos.grupo_transferencias_visualizar,50,PRIVILEGE_EXACT;HAS_XMLID_19
193,273,Transferencias: Rol Inversionista,Transferencias,Inversionista,164,Gestión del Ejecutor,53,Transferencias,104,Gestión de Gastos,sicpro_app_transferencias_gastos.grupo_transferencias_ejecutores_procesos,50,PRIVILEGE_EXACT;HAS_XMLID_19
193,273,Transferencias: Rol Inversionista,Transferencias,Inversionista,165,Gestión del Técnico Productivo,53,Transferencias,104,Gestión de Gastos,sicpro_app_transferencias_gastos.grupo_transferencias_dtp_procesos,50,PRIVILEGE_EXACT;HAS_XMLID_19
193,273,Transferencias: Rol Inversionista,Transferencias,Inversionista,166,Gestión Económica,53,Transferencias,104,Gestión de Gastos,sicpro_app_transferencias_gastos.grupo_transferencias_economia,50,PRIVILEGE_EXACT;HAS_XMLID_19
193,273,Transferencias: Rol Inversionista,Transferencias,Inversionista,167,Responsable,53,Transferencias,104,Gestión de Gastos,sicpro_app_transferencias_gastos.grupo_transferencias_responsable,50,PRIVILEGE_EXACT;HAS_XMLID_19
193,273,Transferencias: Rol Inversionista,Transferencias,Inversionista,168,Administrador,53,Transferencias,104,Gestión de Gastos,sicpro_app_transferencias_gastos.grupo_transferencias_admin,50,PRIVILEGE_EXACT;HAS_XMLID_19
193,273,Transferencias: Rol Inversionista,Transferencias,Inversionista,157,Visualizar todas las órdenes Inversionistas,51,Inversionista,103,Órdenes de Trabajo,sicpro_app_ordenes_trabajo.grupo_ordenes_visualizar_inversionista_todo,35,ROLE_NAME_PARTIAL;HAS_XMLID_19
193,273,Transferencias: Rol Inversionista,Transferencias,Inversionista,1,Role / User,,,,,base.group_user,25,PRIVILEGE_PARTIAL;HAS_XMLID_19
193,273,Transferencias: Rol Inversionista,Transferencias,Inversionista,2,Access Rights,,,,,base.group_erp_manager,25,PRIVILEGE_PARTIAL;HAS_XMLID_19
193,273,Transferencias: Rol Inversionista,Transferencias,Inversionista,3,Bypass HTML Field Sanitize,,,,,base.group_sanitize_override,25,PRIVILEGE_PARTIAL;HAS_XMLID_19
193,273,Transferencias: Rol Inversionista,Transferencias,Inversionista,4,Role / Administrator,,,,,base.group_system,25,PRIVILEGE_PARTIAL;HAS_XMLID_19
193,273,Transferencias: Rol Inversionista,Transferencias,Inversionista,5,Multi Companies,,,,,base.group_multi_company,25,PRIVILEGE_PARTIAL;HAS_XMLID_19
193,273,Transferencias: Rol Inversionista,Transferencias,Inversionista,6,Multi Currencies,,,,,base.group_multi_currency,25,PRIVILEGE_PARTIAL;HAS_XMLID_19
193,273,Transferencias: Rol Inversionista,Transferencias,Inversionista,7,Technical Features,,,,,base.group_no_one,25,PRIVILEGE_PARTIAL;HAS_XMLID_19
193,273,Transferencias: Rol Inversionista,Transferencias,Inversionista,10,Role / Portal,,,,,base.group_portal,25,PRIVILEGE_PARTIAL;HAS_XMLID_19
193,273,Transferencias: Rol Inversionista,Transferencias,Inversionista,11,Role / Public,,,,,base.group_public,25,PRIVILEGE_PARTIAL;HAS_XMLID_19
193,273,Transferencias: Rol Inversionista,Transferencias,Inversionista,12,Default access for new users,,,,,base.default_user_group,25,PRIVILEGE_PARTIAL;HAS_XMLID_19
193,273,Transferencias: Rol Inversionista,Transferencias,Inversionista,13,Technical Documentation,,,,,api_doc.group_allow_doc,25,PRIVILEGE_PARTIAL;HAS_XMLID_19
193,273,Transferencias: Rol Inversionista,Transferencias,Inversionista,15,Mail Template Editor,,,,,mail.group_mail_template_editor,25,PRIVILEGE_PARTIAL;HAS_XMLID_19
193,273,Transferencias: Rol Inversionista,Transferencias,Inversionista,16,Receive notifications in Odoo,,,,,mail.group_mail_notification_type_inbox,25,PRIVILEGE_PARTIAL;HAS_XMLID_19
193,273,Transferencias: Rol Inversionista,Transferencias,Inversionista,25,Menus y Accesos Obsoletos,,,,,sicpro_app_administracion.grupo_app_administracion_obsoletos,25,PRIVILEGE_PARTIAL;HAS_XMLID_19
193,273,Transferencias: Rol Inversionista,Transferencias,Inversionista,26,Manage Multiple Units of Measure,,,,,uom.group_uom,25,PRIVILEGE_PARTIAL;HAS_XMLID_19
193,273,Transferencias: Rol Inversionista,Transferencias,Inversionista,27,Analytic Accounting,,,,,analytic.group_analytic_accounting,25,PRIVILEGE_PARTIAL;HAS_XMLID_19
193,273,Transferencias: Rol Inversionista,Transferencias,Inversionista,32,Use Stages on Project,,,,,project.group_project_stages,25,PRIVILEGE_PARTIAL;HAS_XMLID_19
193,273,Transferencias: Rol Inversionista,Transferencias,Inversionista,33,Use Recurring Tasks,,,,,project.group_project_recurring_tasks,25,PRIVILEGE_PARTIAL;HAS_XMLID_19
193,273,Transferencias: Rol Inversionista,Transferencias,Inversionista,34,Use Task Dependencies,,,,,project.group_project_task_dependencies,25,PRIVILEGE_PARTIAL;HAS_XMLID_19
193,273,Transferencias: Rol Inversionista,Transferencias,Inversionista,35,Use Milestones,,,,,project.group_project_milestone,25,PRIVILEGE_PARTIAL;HAS_XMLID_19
193,273,Transferencias: Rol Inversionista,Transferencias,Inversionista,44,Consultas Postgres,,,,,sicpro_modulo_querydb.group_querydeluxe,25,PRIVILEGE_PARTIAL;HAS_XMLID_19
194,274,Transferencias: Rol Ejecutor,Transferencias,Ejecutor,164,Gestión del Ejecutor,53,Transferencias,104,Gestión de Gastos,sicpro_app_transferencias_gastos.grupo_transferencias_ejecutores_procesos,85,ROLE_NAME_PARTIAL;PRIVILEGE_EXACT;HAS_XMLID_19
194,274,Transferencias: Rol Ejecutor,Transferencias,Ejecutor,37,Ejecutor,10,Gestor Documental,107,Servicios Corporativos,sicpro_app_gestor_documental.group_document_manager,60,ROLE_NAME_EXACT;HAS_XMLID_19
194,274,Transferencias: Rol Ejecutor,Transferencias,Ejecutor,47,Ejecutor,15,CMI,108,Gestión de Producción,sicpro_app_cmi.grupo_app_cmi_ejecutor,60,ROLE_NAME_EXACT;HAS_XMLID_19
194,274,Transferencias: Rol Ejecutor,Transferencias,Ejecutor,51,Ejecutor,16,Materiales e Insumos,102,Preparación Técnica,sicpro_app_materiales_insumos.grupo_app_materiales_insumos_ejecutor,60,ROLE_NAME_EXACT;HAS_XMLID_19
194,274,Transferencias: Rol Ejecutor,Transferencias,Ejecutor,69,Ejecutor,22,Seguridad y Salud,97,Capital Humano,sicpro_app_trabajadores.grupo_app_trabajador_seguridad_salud,60,ROLE_NAME_EXACT;HAS_XMLID_19
194,274,Transferencias: Rol Ejecutor,Transferencias,Ejecutor,72,Ejecutor,23,Ejecutor,109,Control de la información,sicpro_app_control_informacion.grupo_control_informacion_ejecutor,60,ROLE_NAME_EXACT;HAS_XMLID_19
194,274,Transferencias: Rol Ejecutor,Transferencias,Ejecutor,87,Ejecutor,29,Metrología,106,Activos y Herramientas,sicpro_app_metrologia.grupo_app_metrologia_ejecutor,60,ROLE_NAME_EXACT;HAS_XMLID_19
194,274,Transferencias: Rol Ejecutor,Transferencias,Ejecutor,109,Ejecutor,34,Soporte,113,Soporte Técnico,sicpro_app_soporte.group_soporte_ejecutor,60,ROLE_NAME_EXACT;HAS_XMLID_19
194,274,Transferencias: Rol Ejecutor,Transferencias,Ejecutor,114,Ejecutor,36,Transporte,98,Transportación,sicpro_app_transporte.grupo_app_transporte_ejecutor,60,ROLE_NAME_EXACT;HAS_XMLID_19
194,274,Transferencias: Rol Ejecutor,Transferencias,Ejecutor,118,Ejecutor,37,Piquera,98,Transportación,sicpro_app_transporte.grupo_app_transporte_piquera_ejecutor,60,ROLE_NAME_EXACT;HAS_XMLID_19
194,274,Transferencias: Rol Ejecutor,Transferencias,Ejecutor,120,Ejecutor,38,Víveres Logística,111,Alimentación,sicpro_app_viveres.grupo_app_viveres_resumen_ejecutor,60,ROLE_NAME_EXACT;HAS_XMLID_19
194,274,Transferencias: Rol Ejecutor,Transferencias,Ejecutor,124,Ejecutor,39,Víveres Áreas,111,Alimentación,sicpro_app_viveres.grupo_app_viveres_areas_ejecutor,60,ROLE_NAME_EXACT;HAS_XMLID_19
194,274,Transferencias: Rol Ejecutor,Transferencias,Ejecutor,127,Ejecutor,40,Clientes,101,Solicitudes de Obras,sicpro_app_clientes.grupo_app_clientes_ejecutor,60,ROLE_NAME_EXACT;HAS_XMLID_19
194,274,Transferencias: Rol Ejecutor,Transferencias,Ejecutor,145,Ejecutor,45,Inversionistas,101,Solicitudes de Obras,sicpro_app_solicitudes.grupo_app_iniciativas_ejecutor,60,ROLE_NAME_EXACT;HAS_XMLID_19
194,274,Transferencias: Rol Ejecutor,Transferencias,Ejecutor,147,Ejecutor,46,Negociación,101,Solicitudes de Obras,sicpro_app_solicitudes.grupo_app_negocio_ejecutor,60,ROLE_NAME_EXACT;HAS_XMLID_19
194,274,Transferencias: Rol Ejecutor,Transferencias,Ejecutor,148,Ejecutor,47,Revisión del Negocio,101,Solicitudes de Obras,sicpro_app_solicitudes.grupo_app_negocio_pg_ejecutor,60,ROLE_NAME_EXACT;HAS_XMLID_19
194,274,Transferencias: Rol Ejecutor,Transferencias,Ejecutor,149,Ejecutor,48,Distribuidores,101,Solicitudes de Obras,sicpro_app_solicitudes.grupo_app_ejecutor_ejecutor,60,ROLE_NAME_EXACT;HAS_XMLID_19
194,274,Transferencias: Rol Ejecutor,Transferencias,Ejecutor,165,Gestión del Técnico Productivo,53,Transferencias,104,Gestión de Gastos,sicpro_app_transferencias_gastos.grupo_transferencias_dtp_procesos,60,PRIVILEGE_EXACT;IMPLIED_COMMON:gestion del ejecutor;HAS_XMLID_19
194,274,Transferencias: Rol Ejecutor,Transferencias,Ejecutor,161,Visualizar todas las Transferencias,53,Transferencias,104,Gestión de Gastos,sicpro_app_transferencias_gastos.grupo_transferencias_visualizar,50,PRIVILEGE_EXACT;HAS_XMLID_19
194,274,Transferencias: Rol Ejecutor,Transferencias,Ejecutor,162,Gestión del Inversionista,53,Transferencias,104,Gestión de Gastos,sicpro_app_transferencias_gastos.grupo_transferencias_inversionistas,50,PRIVILEGE_EXACT;HAS_XMLID_19
194,274,Transferencias: Rol Ejecutor,Transferencias,Ejecutor,163,Visualizar por Procesos,53,Transferencias,104,Gestión de Gastos,sicpro_app_transferencias_gastos.grupo_transferencias_visualizar_proceso,50,PRIVILEGE_EXACT;HAS_XMLID_19
194,274,Transferencias: Rol Ejecutor,Transferencias,Ejecutor,166,Gestión Económica,53,Transferencias,104,Gestión de Gastos,sicpro_app_transferencias_gastos.grupo_transferencias_economia,50,PRIVILEGE_EXACT;HAS_XMLID_19
194,274,Transferencias: Rol Ejecutor,Transferencias,Ejecutor,167,Responsable,53,Transferencias,104,Gestión de Gastos,sicpro_app_transferencias_gastos.grupo_transferencias_responsable,50,PRIVILEGE_EXACT;HAS_XMLID_19
194,274,Transferencias: Rol Ejecutor,Transferencias,Ejecutor,168,Administrador,53,Transferencias,104,Gestión de Gastos,sicpro_app_transferencias_gastos.grupo_transferencias_admin,50,PRIVILEGE_EXACT;HAS_XMLID_19
194,274,Transferencias: Rol Ejecutor,Transferencias,Ejecutor,101,Ejecutor de Servicios,32,Servicios Internos,107,Servicios Corporativos,sicpro_app_servicios_internos.grupo_app_internos_ejecutor_servicios,35,ROLE_NAME_PARTIAL;HAS_XMLID_19
194,274,Transferencias: Rol Ejecutor,Transferencias,Ejecutor,102,Ejecutor Corporativo,32,Servicios Internos,107,Servicios Corporativos,sicpro_app_servicios_internos.grupo_app_internos_ejecutor_interno,35,ROLE_NAME_PARTIAL;HAS_XMLID_19
194,274,Transferencias: Rol Ejecutor,Transferencias,Ejecutor,106,Ejecutor de Solicitud,33,Solicitudes de S.I.,107,Servicios Corporativos,sicpro_app_servicios_internos.grupo_app_internos_solicitudes_ejecutor,35,ROLE_NAME_PARTIAL;HAS_XMLID_19
194,274,Transferencias: Rol Ejecutor,Transferencias,Ejecutor,1,Role / User,,,,,base.group_user,25,PRIVILEGE_PARTIAL;HAS_XMLID_19
194,274,Transferencias: Rol Ejecutor,Transferencias,Ejecutor,2,Access Rights,,,,,base.group_erp_manager,25,PRIVILEGE_PARTIAL;HAS_XMLID_19
194,274,Transferencias: Rol Ejecutor,Transferencias,Ejecutor,3,Bypass HTML Field Sanitize,,,,,base.group_sanitize_override,25,PRIVILEGE_PARTIAL;HAS_XMLID_19
194,274,Transferencias: Rol Ejecutor,Transferencias,Ejecutor,4,Role / Administrator,,,,,base.group_system,25,PRIVILEGE_PARTIAL;HAS_XMLID_19
194,274,Transferencias: Rol Ejecutor,Transferencias,Ejecutor,5,Multi Companies,,,,,base.group_multi_company,25,PRIVILEGE_PARTIAL;HAS_XMLID_19
194,274,Transferencias: Rol Ejecutor,Transferencias,Ejecutor,6,Multi Currencies,,,,,base.group_multi_currency,25,PRIVILEGE_PARTIAL;HAS_XMLID_19
194,274,Transferencias: Rol Ejecutor,Transferencias,Ejecutor,7,Technical Features,,,,,base.group_no_one,25,PRIVILEGE_PARTIAL;HAS_XMLID_19
194,274,Transferencias: Rol Ejecutor,Transferencias,Ejecutor,10,Role / Portal,,,,,base.group_portal,25,PRIVILEGE_PARTIAL;HAS_XMLID_19
194,274,Transferencias: Rol Ejecutor,Transferencias,Ejecutor,11,Role / Public,,,,,base.group_public,25,PRIVILEGE_PARTIAL;HAS_XMLID_19
194,274,Transferencias: Rol Ejecutor,Transferencias,Ejecutor,12,Default access for new users,,,,,base.default_user_group,25,PRIVILEGE_PARTIAL;HAS_XMLID_19
194,274,Transferencias: Rol Ejecutor,Transferencias,Ejecutor,13,Technical Documentation,,,,,api_doc.group_allow_doc,25,PRIVILEGE_PARTIAL;HAS_XMLID_19
194,274,Transferencias: Rol Ejecutor,Transferencias,Ejecutor,15,Mail Template Editor,,,,,mail.group_mail_template_editor,25,PRIVILEGE_PARTIAL;HAS_XMLID_19
194,274,Transferencias: Rol Ejecutor,Transferencias,Ejecutor,16,Receive notifications in Odoo,,,,,mail.group_mail_notification_type_inbox,25,PRIVILEGE_PARTIAL;HAS_XMLID_19
194,274,Transferencias: Rol Ejecutor,Transferencias,Ejecutor,25,Menus y Accesos Obsoletos,,,,,sicpro_app_administracion.grupo_app_administracion_obsoletos,25,PRIVILEGE_PARTIAL;HAS_XMLID_19
194,274,Transferencias: Rol Ejecutor,Transferencias,Ejecutor,26,Manage Multiple Units of Measure,,,,,uom.group_uom,25,PRIVILEGE_PARTIAL;HAS_XMLID_19
194,274,Transferencias: Rol Ejecutor,Transferencias,Ejecutor,27,Analytic Accounting,,,,,analytic.group_analytic_accounting,25,PRIVILEGE_PARTIAL;HAS_XMLID_19
194,274,Transferencias: Rol Ejecutor,Transferencias,Ejecutor,32,Use Stages on Project,,,,,project.group_project_stages,25,PRIVILEGE_PARTIAL;HAS_XMLID_19
194,274,Transferencias: Rol Ejecutor,Transferencias,Ejecutor,33,Use Recurring Tasks,,,,,project.group_project_recurring_tasks,25,PRIVILEGE_PARTIAL;HAS_XMLID_19
194,274,Transferencias: Rol Ejecutor,Transferencias,Ejecutor,34,Use Task Dependencies,,,,,project.group_project_task_dependencies,25,PRIVILEGE_PARTIAL;HAS_XMLID_19
194,274,Transferencias: Rol Ejecutor,Transferencias,Ejecutor,35,Use Milestones,,,,,project.group_project_milestone,25,PRIVILEGE_PARTIAL;HAS_XMLID_19
194,274,Transferencias: Rol Ejecutor,Transferencias,Ejecutor,44,Consultas Postgres,,,,,sicpro_modulo_querydb.group_querydeluxe,25,PRIVILEGE_PARTIAL;HAS_XMLID_19
195,275,Transferencias: Rol Técnico Productivo,Transferencias,Técnico Productivo,165,Gestión del Técnico Productivo,53,Transferencias,104,Gestión de Gastos,sicpro_app_transferencias_gastos.grupo_transferencias_dtp_procesos,85,ROLE_NAME_PARTIAL;PRIVILEGE_EXACT;HAS_XMLID_19
195,275,Transferencias: Rol Técnico Productivo,Transferencias,Técnico Productivo,166,Gestión Económica,53,Transferencias,104,Gestión de Gastos,sicpro_app_transferencias_gastos.grupo_transferencias_economia,60,PRIVILEGE_EXACT;IMPLIED_COMMON:gestion del tecnico productivo;HAS_XMLID_19
195,275,Transferencias: Rol Técnico Productivo,Transferencias,Técnico Productivo,161,Visualizar todas las Transferencias,53,Transferencias,104,Gestión de Gastos,sicpro_app_transferencias_gastos.grupo_transferencias_visualizar,50,PRIVILEGE_EXACT;HAS_XMLID_19
195,275,Transferencias: Rol Técnico Productivo,Transferencias,Técnico Productivo,162,Gestión del Inversionista,53,Transferencias,104,Gestión de Gastos,sicpro_app_transferencias_gastos.grupo_transferencias_inversionistas,50,PRIVILEGE_EXACT;HAS_XMLID_19
195,275,Transferencias: Rol Técnico Productivo,Transferencias,Técnico Productivo,163,Visualizar por Procesos,53,Transferencias,104,Gestión de Gastos,sicpro_app_transferencias_gastos.grupo_transferencias_visualizar_proceso,50,PRIVILEGE_EXACT;HAS_XMLID_19
195,275,Transferencias: Rol Técnico Productivo,Transferencias,Técnico Productivo,164,Gestión del Ejecutor,53,Transferencias,104,Gestión de Gastos,sicpro_app_transferencias_gastos.grupo_transferencias_ejecutores_procesos,50,PRIVILEGE_EXACT;HAS_XMLID_19
195,275,Transferencias: Rol Técnico Productivo,Transferencias,Técnico Productivo,167,Responsable,53,Transferencias,104,Gestión de Gastos,sicpro_app_transferencias_gastos.grupo_transferencias_responsable,50,PRIVILEGE_EXACT;HAS_XMLID_19
195,275,Transferencias: Rol Técnico Productivo,Transferencias,Técnico Productivo,168,Administrador,53,Transferencias,104,Gestión de Gastos,sicpro_app_transferencias_gastos.grupo_transferencias_admin,50,PRIVILEGE_EXACT;HAS_XMLID_19
195,275,Transferencias: Rol Técnico Productivo,Transferencias,Técnico Productivo,81,Técnico,27,Medios Informáticos,112,Informática,sicpro_app_medios_informaticos.grupo_app_medios_informaticos_inventario_tecnico,35,ROLE_NAME_PARTIAL;HAS_XMLID_19
195,275,Transferencias: Rol Técnico Productivo,Transferencias,Técnico Productivo,85,Técnico,28,Taller,112,Informática,sicpro_app_medios_informaticos.grupo_app_medios_informaticos_taller_tecnico,35,ROLE_NAME_PARTIAL;HAS_XMLID_19
195,275,Transferencias: Rol Técnico Productivo,Transferencias,Técnico Productivo,1,Role / User,,,,,base.group_user,25,PRIVILEGE_PARTIAL;HAS_XMLID_19
195,275,Transferencias: Rol Técnico Productivo,Transferencias,Técnico Productivo,2,Access Rights,,,,,base.group_erp_manager,25,PRIVILEGE_PARTIAL;HAS_XMLID_19
195,275,Transferencias: Rol Técnico Productivo,Transferencias,Técnico Productivo,3,Bypass HTML Field Sanitize,,,,,base.group_sanitize_override,25,PRIVILEGE_PARTIAL;HAS_XMLID_19
195,275,Transferencias: Rol Técnico Productivo,Transferencias,Técnico Productivo,4,Role / Administrator,,,,,base.group_system,25,PRIVILEGE_PARTIAL;HAS_XMLID_19
195,275,Transferencias: Rol Técnico Productivo,Transferencias,Técnico Productivo,5,Multi Companies,,,,,base.group_multi_company,25,PRIVILEGE_PARTIAL;HAS_XMLID_19
195,275,Transferencias: Rol Técnico Productivo,Transferencias,Técnico Productivo,6,Multi Currencies,,,,,base.group_multi_currency,25,PRIVILEGE_PARTIAL;HAS_XMLID_19
195,275,Transferencias: Rol Técnico Productivo,Transferencias,Técnico Productivo,7,Technical Features,,,,,base.group_no_one,25,PRIVILEGE_PARTIAL;HAS_XMLID_19
195,275,Transferencias: Rol Técnico Productivo,Transferencias,Técnico Productivo,10,Role / Portal,,,,,base.group_portal,25,PRIVILEGE_PARTIAL;HAS_XMLID_19
195,275,Transferencias: Rol Técnico Productivo,Transferencias,Técnico Productivo,11,Role / Public,,,,,base.group_public,25,PRIVILEGE_PARTIAL;HAS_XMLID_19
195,275,Transferencias: Rol Técnico Productivo,Transferencias,Técnico Productivo,12,Default access for new users,,,,,base.default_user_group,25,PRIVILEGE_PARTIAL;HAS_XMLID_19
195,275,Transferencias: Rol Técnico Productivo,Transferencias,Técnico Productivo,13,Technical Documentation,,,,,api_doc.group_allow_doc,25,PRIVILEGE_PARTIAL;HAS_XMLID_19
195,275,Transferencias: Rol Técnico Productivo,Transferencias,Técnico Productivo,15,Mail Template Editor,,,,,mail.group_mail_template_editor,25,PRIVILEGE_PARTIAL;HAS_XMLID_19
195,275,Transferencias: Rol Técnico Productivo,Transferencias,Técnico Productivo,16,Receive notifications in Odoo,,,,,mail.group_mail_notification_type_inbox,25,PRIVILEGE_PARTIAL;HAS_XMLID_19
195,275,Transferencias: Rol Técnico Productivo,Transferencias,Técnico Productivo,25,Menus y Accesos Obsoletos,,,,,sicpro_app_administracion.grupo_app_administracion_obsoletos,25,PRIVILEGE_PARTIAL;HAS_XMLID_19
195,275,Transferencias: Rol Técnico Productivo,Transferencias,Técnico Productivo,26,Manage Multiple Units of Measure,,,,,uom.group_uom,25,PRIVILEGE_PARTIAL;HAS_XMLID_19
195,275,Transferencias: Rol Técnico Productivo,Transferencias,Técnico Productivo,27,Analytic Accounting,,,,,analytic.group_analytic_accounting,25,PRIVILEGE_PARTIAL;HAS_XMLID_19
195,275,Transferencias: Rol Técnico Productivo,Transferencias,Técnico Productivo,32,Use Stages on Project,,,,,project.group_project_stages,25,PRIVILEGE_PARTIAL;HAS_XMLID_19
195,275,Transferencias: Rol Técnico Productivo,Transferencias,Técnico Productivo,33,Use Recurring Tasks,,,,,project.group_project_recurring_tasks,25,PRIVILEGE_PARTIAL;HAS_XMLID_19
195,275,Transferencias: Rol Técnico Productivo,Transferencias,Técnico Productivo,34,Use Task Dependencies,,,,,project.group_project_task_dependencies,25,PRIVILEGE_PARTIAL;HAS_XMLID_19
195,275,Transferencias: Rol Técnico Productivo,Transferencias,Técnico Productivo,35,Use Milestones,,,,,project.group_project_milestone,25,PRIVILEGE_PARTIAL;HAS_XMLID_19
195,275,Transferencias: Rol Técnico Productivo,Transferencias,Técnico Productivo,44,Consultas Postgres,,,,,sicpro_modulo_querydb.group_querydeluxe,25,PRIVILEGE_PARTIAL;HAS_XMLID_19
196,276,Transferencias: Rol Económico,Transferencias,Económico,167,Responsable,53,Transferencias,104,Gestión de Gastos,sicpro_app_transferencias_gastos.grupo_transferencias_responsable,60,PRIVILEGE_EXACT;IMPLIED_COMMON:gestion economica;HAS_XMLID_19
196,276,Transferencias: Rol Económico,Transferencias,Económico,161,Visualizar todas las Transferencias,53,Transferencias,104,Gestión de Gastos,sicpro_app_transferencias_gastos.grupo_transferencias_visualizar,50,PRIVILEGE_EXACT;HAS_XMLID_19
196,276,Transferencias: Rol Económico,Transferencias,Económico,162,Gestión del Inversionista,53,Transferencias,104,Gestión de Gastos,sicpro_app_transferencias_gastos.grupo_transferencias_inversionistas,50,PRIVILEGE_EXACT;HAS_XMLID_19
196,276,Transferencias: Rol Económico,Transferencias,Económico,163,Visualizar por Procesos,53,Transferencias,104,Gestión de Gastos,sicpro_app_transferencias_gastos.grupo_transferencias_visualizar_proceso,50,PRIVILEGE_EXACT;HAS_XMLID_19
196,276,Transferencias: Rol Económico,Transferencias,Económico,164,Gestión del Ejecutor,53,Transferencias,104,Gestión de Gastos,sicpro_app_transferencias_gastos.grupo_transferencias_ejecutores_procesos,50,PRIVILEGE_EXACT;HAS_XMLID_19
196,276,Transferencias: Rol Económico,Transferencias,Económico,165,Gestión del Técnico Productivo,53,Transferencias,104,Gestión de Gastos,sicpro_app_transferencias_gastos.grupo_transferencias_dtp_procesos,50,PRIVILEGE_EXACT;HAS_XMLID_19
196,276,Transferencias: Rol Económico,Transferencias,Económico,166,Gestión Económica,53,Transferencias,104,Gestión de Gastos,sicpro_app_transferencias_gastos.grupo_transferencias_economia,50,PRIVILEGE_EXACT;HAS_XMLID_19
196,276,Transferencias: Rol Económico,Transferencias,Económico,168,Administrador,53,Transferencias,104,Gestión de Gastos,sicpro_app_transferencias_gastos.grupo_transferencias_admin,50,PRIVILEGE_EXACT;HAS_XMLID_19
196,276,Transferencias: Rol Económico,Transferencias,Económico,1,Role / User,,,,,base.group_user,25,PRIVILEGE_PARTIAL;HAS_XMLID_19
196,276,Transferencias: Rol Económico,Transferencias,Económico,2,Access Rights,,,,,base.group_erp_manager,25,PRIVILEGE_PARTIAL;HAS_XMLID_19
196,276,Transferencias: Rol Económico,Transferencias,Económico,3,Bypass HTML Field Sanitize,,,,,base.group_sanitize_override,25,PRIVILEGE_PARTIAL;HAS_XMLID_19
196,276,Transferencias: Rol Económico,Transferencias,Económico,4,Role / Administrator,,,,,base.group_system,25,PRIVILEGE_PARTIAL;HAS_XMLID_19
196,276,Transferencias: Rol Económico,Transferencias,Económico,5,Multi Companies,,,,,base.group_multi_company,25,PRIVILEGE_PARTIAL;HAS_XMLID_19
196,276,Transferencias: Rol Económico,Transferencias,Económico,6,Multi Currencies,,,,,base.group_multi_currency,25,PRIVILEGE_PARTIAL;HAS_XMLID_19
196,276,Transferencias: Rol Económico,Transferencias,Económico,7,Technical Features,,,,,base.group_no_one,25,PRIVILEGE_PARTIAL;HAS_XMLID_19
196,276,Transferencias: Rol Económico,Transferencias,Económico,10,Role / Portal,,,,,base.group_portal,25,PRIVILEGE_PARTIAL;HAS_XMLID_19
196,276,Transferencias: Rol Económico,Transferencias,Económico,11,Role / Public,,,,,base.group_public,25,PRIVILEGE_PARTIAL;HAS_XMLID_19
196,276,Transferencias: Rol Económico,Transferencias,Económico,12,Default access for new users,,,,,base.default_user_group,25,PRIVILEGE_PARTIAL;HAS_XMLID_19
196,276,Transferencias: Rol Económico,Transferencias,Económico,13,Technical Documentation,,,,,api_doc.group_allow_doc,25,PRIVILEGE_PARTIAL;HAS_XMLID_19
196,276,Transferencias: Rol Económico,Transferencias,Económico,15,Mail Template Editor,,,,,mail.group_mail_template_editor,25,PRIVILEGE_PARTIAL;HAS_XMLID_19
196,276,Transferencias: Rol Económico,Transferencias,Económico,16,Receive notifications in Odoo,,,,,mail.group_mail_notification_type_inbox,25,PRIVILEGE_PARTIAL;HAS_XMLID_19
196,276,Transferencias: Rol Económico,Transferencias,Económico,25,Menus y Accesos Obsoletos,,,,,sicpro_app_administracion.grupo_app_administracion_obsoletos,25,PRIVILEGE_PARTIAL;HAS_XMLID_19
196,276,Transferencias: Rol Económico,Transferencias,Económico,26,Manage Multiple Units of Measure,,,,,uom.group_uom,25,PRIVILEGE_PARTIAL;HAS_XMLID_19
196,276,Transferencias: Rol Económico,Transferencias,Económico,27,Analytic Accounting,,,,,analytic.group_analytic_accounting,25,PRIVILEGE_PARTIAL;HAS_XMLID_19
196,276,Transferencias: Rol Económico,Transferencias,Económico,32,Use Stages on Project,,,,,project.group_project_stages,25,PRIVILEGE_PARTIAL;HAS_XMLID_19
196,276,Transferencias: Rol Económico,Transferencias,Económico,33,Use Recurring Tasks,,,,,project.group_project_recurring_tasks,25,PRIVILEGE_PARTIAL;HAS_XMLID_19
196,276,Transferencias: Rol Económico,Transferencias,Económico,34,Use Task Dependencies,,,,,project.group_project_task_dependencies,25,PRIVILEGE_PARTIAL;HAS_XMLID_19
196,276,Transferencias: Rol Económico,Transferencias,Económico,35,Use Milestones,,,,,project.group_project_milestone,25,PRIVILEGE_PARTIAL;HAS_XMLID_19
196,276,Transferencias: Rol Económico,Transferencias,Económico,44,Consultas Postgres,,,,,sicpro_modulo_querydb.group_querydeluxe,25,PRIVILEGE_PARTIAL;HAS_XMLID_19
197,277,Transferencias: Rol Responsable,Transferencias,Responsable,167,Responsable,53,Transferencias,104,Gestión de Gastos,sicpro_app_transferencias_gastos.grupo_transferencias_responsable,110,ROLE_NAME_EXACT;PRIVILEGE_EXACT;HAS_XMLID_19
197,277,Transferencias: Rol Responsable,Transferencias,Responsable,39,Responsable,11,Salón de Clases,107,Servicios Corporativos,sicpro_app_salon_clases.grupo_app_salon_clases_responsable,60,ROLE_NAME_EXACT;HAS_XMLID_19
197,277,Transferencias: Rol Responsable,Transferencias,Responsable,48,Responsable,15,CMI,108,Gestión de Producción,sicpro_app_cmi.grupo_app_cmi_responsable,60,ROLE_NAME_EXACT;HAS_XMLID_19
197,277,Transferencias: Rol Responsable,Transferencias,Responsable,52,Responsable,16,Materiales e Insumos,102,Preparación Técnica,sicpro_app_materiales_insumos.grupo_app_materiales_insumos_responsable,60,ROLE_NAME_EXACT;HAS_XMLID_19
197,277,Transferencias: Rol Responsable,Transferencias,Responsable,57,Responsable,18,Trabajadores,97,Capital Humano,sicpro_app_trabajadores.grupo_app_trabajador_responsable,60,ROLE_NAME_EXACT;HAS_XMLID_19
197,277,Transferencias: Rol Responsable,Transferencias,Responsable,60,Responsable,19,Equipo Técnico,97,Capital Humano,sicpro_app_trabajadores.grupo_app_trabajador_equipos_responsable,60,ROLE_NAME_EXACT;HAS_XMLID_19
197,277,Transferencias: Rol Responsable,Transferencias,Responsable,65,Responsable,20,Disciplinarias,97,Capital Humano,sicpro_app_trabajadores.grupo_app_trabajador_disciplina_responsable,60,ROLE_NAME_EXACT;HAS_XMLID_19
197,277,Transferencias: Rol Responsable,Transferencias,Responsable,68,Responsable,21,Capacitación,97,Capital Humano,sicpro_app_trabajadores.grupo_app_trabajador_capacitacion_responsable,60,ROLE_NAME_EXACT;HAS_XMLID_19
197,277,Transferencias: Rol Responsable,Transferencias,Responsable,70,Responsable,22,Seguridad y Salud,97,Capital Humano,sicpro_app_trabajadores.grupo_app_trabajador_seguridad_salud_responsable,60,ROLE_NAME_EXACT;HAS_XMLID_19
197,277,Transferencias: Rol Responsable,Transferencias,Responsable,75,Responsable,25,Control,109,Control de la información,sicpro_app_control_informacion.grupo_control_informacion_responsable,60,ROLE_NAME_EXACT;HAS_XMLID_19
197,277,Transferencias: Rol Responsable,Transferencias,Responsable,78,Responsable,26,Credenciales,97,Capital Humano,sicpro_app_credenciales.grupo_app_credenciales_responsable,60,ROLE_NAME_EXACT;HAS_XMLID_19
197,277,Transferencias: Rol Responsable,Transferencias,Responsable,82,Responsable,27,Medios Informáticos,112,Informática,sicpro_app_medios_informaticos.grupo_app_medios_informaticos_responsable,60,ROLE_NAME_EXACT;HAS_XMLID_19
197,277,Transferencias: Rol Responsable,Transferencias,Responsable,88,Responsable,29,Metrología,106,Activos y Herramientas,sicpro_app_metrologia.grupo_app_metrologia_responsable,60,ROLE_NAME_EXACT;HAS_XMLID_19
197,277,Transferencias: Rol Responsable,Transferencias,Responsable,93,Responsable,30,Repositorio DVPE.,107,Servicios Corporativos,sicpro_app_repositorio_institucional.group_repositorio_institucional_responsable,60,ROLE_NAME_EXACT;HAS_XMLID_19
197,277,Transferencias: Rol Responsable,Transferencias,Responsable,98,Responsable,31,Reuniones,105,Gestión de Reuniones,sicpro_app_reuniones.group_reuniones_responsable,60,ROLE_NAME_EXACT;HAS_XMLID_19
197,277,Transferencias: Rol Responsable,Transferencias,Responsable,103,Responsable,32,Servicios Internos,107,Servicios Corporativos,sicpro_app_servicios_internos.grupo_app_internos_responsable,60,ROLE_NAME_EXACT;HAS_XMLID_19
197,277,Transferencias: Rol Responsable,Transferencias,Responsable,110,Responsable,34,Soporte,113,Soporte Técnico,sicpro_app_soporte.group_soporte_responsable,60,ROLE_NAME_EXACT;HAS_XMLID_19
197,277,Transferencias: Rol Responsable,Transferencias,Responsable,115,Responsable,36,Transporte,98,Transportación,sicpro_app_transporte.grupo_app_transporte_responsable,60,ROLE_NAME_EXACT;HAS_XMLID_19
197,277,Transferencias: Rol Responsable,Transferencias,Responsable,121,Responsable,38,Víveres Logística,111,Alimentación,sicpro_app_viveres.grupo_app_viveres_resumen_responsable,60,ROLE_NAME_EXACT;HAS_XMLID_19
197,277,Transferencias: Rol Responsable,Transferencias,Responsable,128,Responsable,40,Clientes,101,Solicitudes de Obras,sicpro_app_clientes.grupo_app_clientes_responsable,60,ROLE_NAME_EXACT;HAS_XMLID_19
197,277,Transferencias: Rol Responsable,Transferencias,Responsable,139,Responsable,43,Operaciones,110,Programa de la Vivienda,sicpro_app_programa_viviendas.grupo_app_vivienda_responsable,60,ROLE_NAME_EXACT;HAS_XMLID_19
197,277,Transferencias: Rol Responsable,Transferencias,Responsable,143,Responsable,44,Solicitudes,101,Solicitudes de Obras,sicpro_app_solicitudes.grupo_app_solicitud_responsable,60,ROLE_NAME_EXACT;HAS_XMLID_19
197,277,Transferencias: Rol Responsable,Transferencias,Responsable,151,Responsable,49,Especialista Ejecutor,101,Solicitudes de Obras,sicpro_app_solicitudes.grupo_app_grupos_ejecutor,60,ROLE_NAME_EXACT;HAS_XMLID_19
197,277,Transferencias: Rol Responsable,Transferencias,Responsable,154,Responsable,50,Usuarios Internos,103,Órdenes de Trabajo,sicpro_app_ordenes_trabajo.grupo_ordenes_responsable,60,ROLE_NAME_EXACT;HAS_XMLID_19
197,277,Transferencias: Rol Responsable,Transferencias,Responsable,168,Administrador,53,Transferencias,104,Gestión de Gastos,sicpro_app_transferencias_gastos.grupo_transferencias_admin,60,PRIVILEGE_EXACT;IMPLIED_COMMON:responsable;HAS_XMLID_19
197,277,Transferencias: Rol Responsable,Transferencias,Responsable,161,Visualizar todas las Transferencias,53,Transferencias,104,Gestión de Gastos,sicpro_app_transferencias_gastos.grupo_transferencias_visualizar,50,PRIVILEGE_EXACT;HAS_XMLID_19
197,277,Transferencias: Rol Responsable,Transferencias,Responsable,162,Gestión del Inversionista,53,Transferencias,104,Gestión de Gastos,sicpro_app_transferencias_gastos.grupo_transferencias_inversionistas,50,PRIVILEGE_EXACT;HAS_XMLID_19
197,277,Transferencias: Rol Responsable,Transferencias,Responsable,163,Visualizar por Procesos,53,Transferencias,104,Gestión de Gastos,sicpro_app_transferencias_gastos.grupo_transferencias_visualizar_proceso,50,PRIVILEGE_EXACT;HAS_XMLID_19
197,277,Transferencias: Rol Responsable,Transferencias,Responsable,164,Gestión del Ejecutor,53,Transferencias,104,Gestión de Gastos,sicpro_app_transferencias_gastos.grupo_transferencias_ejecutores_procesos,50,PRIVILEGE_EXACT;HAS_XMLID_19
197,277,Transferencias: Rol Responsable,Transferencias,Responsable,165,Gestión del Técnico Productivo,53,Transferencias,104,Gestión de Gastos,sicpro_app_transferencias_gastos.grupo_transferencias_dtp_procesos,50,PRIVILEGE_EXACT;HAS_XMLID_19
197,277,Transferencias: Rol Responsable,Transferencias,Responsable,166,Gestión Económica,53,Transferencias,104,Gestión de Gastos,sicpro_app_transferencias_gastos.grupo_transferencias_economia,50,PRIVILEGE_EXACT;HAS_XMLID_19
197,277,Transferencias: Rol Responsable,Transferencias,Responsable,1,Role / User,,,,,base.group_user,25,PRIVILEGE_PARTIAL;HAS_XMLID_19
197,277,Transferencias: Rol Responsable,Transferencias,Responsable,2,Access Rights,,,,,base.group_erp_manager,25,PRIVILEGE_PARTIAL;HAS_XMLID_19
197,277,Transferencias: Rol Responsable,Transferencias,Responsable,3,Bypass HTML Field Sanitize,,,,,base.group_sanitize_override,25,PRIVILEGE_PARTIAL;HAS_XMLID_19
197,277,Transferencias: Rol Responsable,Transferencias,Responsable,4,Role / Administrator,,,,,base.group_system,25,PRIVILEGE_PARTIAL;HAS_XMLID_19
197,277,Transferencias: Rol Responsable,Transferencias,Responsable,5,Multi Companies,,,,,base.group_multi_company,25,PRIVILEGE_PARTIAL;HAS_XMLID_19
197,277,Transferencias: Rol Responsable,Transferencias,Responsable,6,Multi Currencies,,,,,base.group_multi_currency,25,PRIVILEGE_PARTIAL;HAS_XMLID_19
197,277,Transferencias: Rol Responsable,Transferencias,Responsable,7,Technical Features,,,,,base.group_no_one,25,PRIVILEGE_PARTIAL;HAS_XMLID_19
197,277,Transferencias: Rol Responsable,Transferencias,Responsable,10,Role / Portal,,,,,base.group_portal,25,PRIVILEGE_PARTIAL;HAS_XMLID_19
197,277,Transferencias: Rol Responsable,Transferencias,Responsable,11,Role / Public,,,,,base.group_public,25,PRIVILEGE_PARTIAL;HAS_XMLID_19
197,277,Transferencias: Rol Responsable,Transferencias,Responsable,12,Default access for new users,,,,,base.default_user_group,25,PRIVILEGE_PARTIAL;HAS_XMLID_19
197,277,Transferencias: Rol Responsable,Transferencias,Responsable,13,Technical Documentation,,,,,api_doc.group_allow_doc,25,PRIVILEGE_PARTIAL;HAS_XMLID_19
197,277,Transferencias: Rol Responsable,Transferencias,Responsable,15,Mail Template Editor,,,,,mail.group_mail_template_editor,25,PRIVILEGE_PARTIAL;HAS_XMLID_19
197,277,Transferencias: Rol Responsable,Transferencias,Responsable,16,Receive notifications in Odoo,,,,,mail.group_mail_notification_type_inbox,25,PRIVILEGE_PARTIAL;HAS_XMLID_19
197,277,Transferencias: Rol Responsable,Transferencias,Responsable,25,Menus y Accesos Obsoletos,,,,,sicpro_app_administracion.grupo_app_administracion_obsoletos,25,PRIVILEGE_PARTIAL;HAS_XMLID_19
197,277,Transferencias: Rol Responsable,Transferencias,Responsable,26,Manage Multiple Units of Measure,,,,,uom.group_uom,25,PRIVILEGE_PARTIAL;HAS_XMLID_19
197,277,Transferencias: Rol Responsable,Transferencias,Responsable,27,Analytic Accounting,,,,,analytic.group_analytic_accounting,25,PRIVILEGE_PARTIAL;HAS_XMLID_19
197,277,Transferencias: Rol Responsable,Transferencias,Responsable,32,Use Stages on Project,,,,,project.group_project_stages,25,PRIVILEGE_PARTIAL;HAS_XMLID_19
197,277,Transferencias: Rol Responsable,Transferencias,Responsable,33,Use Recurring Tasks,,,,,project.group_project_recurring_tasks,25,PRIVILEGE_PARTIAL;HAS_XMLID_19
197,277,Transferencias: Rol Responsable,Transferencias,Responsable,34,Use Task Dependencies,,,,,project.group_project_task_dependencies,25,PRIVILEGE_PARTIAL;HAS_XMLID_19
197,277,Transferencias: Rol Responsable,Transferencias,Responsable,35,Use Milestones,,,,,project.group_project_milestone,25,PRIVILEGE_PARTIAL;HAS_XMLID_19
197,277,Transferencias: Rol Responsable,Transferencias,Responsable,44,Consultas Postgres,,,,,sicpro_modulo_querydb.group_querydeluxe,25,PRIVILEGE_PARTIAL;HAS_XMLID_19
197,277,Transferencias: Rol Responsable,Transferencias,Responsable,40,Administrador,11,Salón de Clases,107,Servicios Corporativos,sicpro_app_salon_clases.grupo_app_salon_clases_admin,10,IMPLIED_COMMON:responsable;HAS_XMLID_19
197,277,Transferencias: Rol Responsable,Transferencias,Responsable,49,Administrador,15,CMI,108,Gestión de Producción,sicpro_app_cmi.grupo_app_cmi_admin,10,IMPLIED_COMMON:responsable;HAS_XMLID_19
197,277,Transferencias: Rol Responsable,Transferencias,Responsable,53,Administrador,16,Materiales e Insumos,102,Preparación Técnica,sicpro_app_materiales_insumos.grupo_app_materiales_insumos_admin,10,IMPLIED_COMMON:responsable;HAS_XMLID_19
197,277,Transferencias: Rol Responsable,Transferencias,Responsable,58,Administrador,18,Trabajadores,97,Capital Humano,sicpro_app_trabajadores.grupo_app_trabajador_admin,10,IMPLIED_COMMON:responsable;HAS_XMLID_19
197,277,Transferencias: Rol Responsable,Transferencias,Responsable,61,Administrador,19,Equipo Técnico,97,Capital Humano,sicpro_app_trabajadores.grupo_app_trabajador_equipos_admin,10,IMPLIED_COMMON:responsable;HAS_XMLID_19
197,277,Transferencias: Rol Responsable,Transferencias,Responsable,66,Administrador,20,Disciplinarias,97,Capital Humano,sicpro_app_trabajadores.grupo_app_trabajador_disciplina_admin,10,IMPLIED_COMMON:responsable;HAS_XMLID_19
197,277,Transferencias: Rol Responsable,Transferencias,Responsable,76,Administrador,25,Control,109,Control de la información,sicpro_app_control_informacion.grupo_control_informacion_admin,10,IMPLIED_COMMON:responsable;HAS_XMLID_19
197,277,Transferencias: Rol Responsable,Transferencias,Responsable,79,Administrador,26,Credenciales,97,Capital Humano,sicpro_app_credenciales.grupo_app_credenciales_admin,10,IMPLIED_COMMON:responsable;HAS_XMLID_19
197,277,Transferencias: Rol Responsable,Transferencias,Responsable,83,Administrador,27,Medios Informáticos,112,Informática,sicpro_app_medios_informaticos.grupo_app_medios_informaticos_admin,10,IMPLIED_COMMON:responsable;HAS_XMLID_19
197,277,Transferencias: Rol Responsable,Transferencias,Responsable,89,Administrador,29,Metrología,106,Activos y Herramientas,sicpro_app_metrologia.grupo_app_metrologia_admin,10,IMPLIED_COMMON:responsable;HAS_XMLID_19
197,277,Transferencias: Rol Responsable,Transferencias,Responsable,94,Administrador,30,Repositorio DVPE.,107,Servicios Corporativos,sicpro_app_repositorio_institucional.group_repositorio_institucional_admin,10,IMPLIED_COMMON:responsable;HAS_XMLID_19
197,277,Transferencias: Rol Responsable,Transferencias,Responsable,99,Administrator,31,Reuniones,105,Gestión de Reuniones,sicpro_app_reuniones.group_reuniones_admin,10,IMPLIED_COMMON:responsable;HAS_XMLID_19
197,277,Transferencias: Rol Responsable,Transferencias,Responsable,104,Administrador,32,Servicios Internos,107,Servicios Corporativos,sicpro_app_servicios_internos.grupo_app_internos_admin,10,IMPLIED_COMMON:responsable;HAS_XMLID_19
197,277,Transferencias: Rol Responsable,Transferencias,Responsable,111,Administrador,34,Soporte,113,Soporte Técnico,sicpro_app_soporte.group_soporte_admin,10,IMPLIED_COMMON:responsable;HAS_XMLID_19
197,277,Transferencias: Rol Responsable,Transferencias,Responsable,116,Administrador,36,Transporte,98,Transportación,sicpro_app_transporte.grupo_app_transporte_admin,10,IMPLIED_COMMON:responsable;HAS_XMLID_19
197,277,Transferencias: Rol Responsable,Transferencias,Responsable,122,Administrador,38,Víveres Logística,111,Alimentación,sicpro_app_viveres.grupo_app_viveres_admin,10,IMPLIED_COMMON:responsable;HAS_XMLID_19
197,277,Transferencias: Rol Responsable,Transferencias,Responsable,129,Administrador,40,Clientes,101,Solicitudes de Obras,sicpro_app_clientes.grupo_app_clientes_admin,10,IMPLIED_COMMON:responsable;HAS_XMLID_19
197,277,Transferencias: Rol Responsable,Transferencias,Responsable,140,Administrador,43,Operaciones,110,Programa de la Vivienda,sicpro_app_programa_viviendas.grupo_app_vivienda_admin,10,IMPLIED_COMMON:responsable;HAS_XMLID_19
197,277,Transferencias: Rol Responsable,Transferencias,Responsable,144,Administrador,44,Solicitudes,101,Solicitudes de Obras,sicpro_app_solicitudes.grupo_app_solicitud_admin,10,IMPLIED_COMMON:responsable;HAS_XMLID_19
197,277,Transferencias: Rol Responsable,Transferencias,Responsable,155,Administrador,50,Usuarios Internos,103,Órdenes de Trabajo,sicpro_app_ordenes_trabajo.grupo_ordenes_admin,10,IMPLIED_COMMON:responsable;HAS_XMLID_19
198,278,Transferencias: Rol Administrador,Transferencias,Administrador,168,Administrador,53,Transferencias,104,Gestión de Gastos,sicpro_app_transferencias_gastos.grupo_transferencias_admin,110,ROLE_NAME_EXACT;PRIVILEGE_EXACT;HAS_XMLID_19
198,278,Transferencias: Rol Administrador,Transferencias,Administrador,17,Administrador,4,Administrar SICPRO,94,Administración SICPRO ERP,sicpro_app_administracion.grupo_app_administracion_admin,60,ROLE_NAME_EXACT;HAS_XMLID_19
198,278,Transferencias: Rol Administrador,Transferencias,Administrador,40,Administrador,11,Salón de Clases,107,Servicios Corporativos,sicpro_app_salon_clases.grupo_app_salon_clases_admin,60,ROLE_NAME_EXACT;HAS_XMLID_19
198,278,Transferencias: Rol Administrador,Transferencias,Administrador,42,Administrador,12,Registros de auditoría,115,Registro de auditoría,sicpro_modulo_auditorias.group_auditlog_manager,60,ROLE_NAME_EXACT;HAS_XMLID_19
198,278,Transferencias: Rol Administrador,Transferencias,Administrador,43,Administrador,13,Nomencladores,94,Administración SICPRO ERP,sicpro_modulo_nomencladores.grupo_sicpro_nomencladores_admin,60,ROLE_NAME_EXACT;HAS_XMLID_19
198,278,Transferencias: Rol Administrador,Transferencias,Administrador,49,Administrador,15,CMI,108,Gestión de Producción,sicpro_app_cmi.grupo_app_cmi_admin,60,ROLE_NAME_EXACT;HAS_XMLID_19
198,278,Transferencias: Rol Administrador,Transferencias,Administrador,53,Administrador,16,Materiales e Insumos,102,Preparación Técnica,sicpro_app_materiales_insumos.grupo_app_materiales_insumos_admin,60,ROLE_NAME_EXACT;HAS_XMLID_19
198,278,Transferencias: Rol Administrador,Transferencias,Administrador,58,Administrador,18,Trabajadores,97,Capital Humano,sicpro_app_trabajadores.grupo_app_trabajador_admin,60,ROLE_NAME_EXACT;HAS_XMLID_19
198,278,Transferencias: Rol Administrador,Transferencias,Administrador,61,Administrador,19,Equipo Técnico,97,Capital Humano,sicpro_app_trabajadores.grupo_app_trabajador_equipos_admin,60,ROLE_NAME_EXACT;HAS_XMLID_19
198,278,Transferencias: Rol Administrador,Transferencias,Administrador,66,Administrador,20,Disciplinarias,97,Capital Humano,sicpro_app_trabajadores.grupo_app_trabajador_disciplina_admin,60,ROLE_NAME_EXACT;HAS_XMLID_19
198,278,Transferencias: Rol Administrador,Transferencias,Administrador,76,Administrador,25,Control,109,Control de la información,sicpro_app_control_informacion.grupo_control_informacion_admin,60,ROLE_NAME_EXACT;HAS_XMLID_19
198,278,Transferencias: Rol Administrador,Transferencias,Administrador,79,Administrador,26,Credenciales,97,Capital Humano,sicpro_app_credenciales.grupo_app_credenciales_admin,60,ROLE_NAME_EXACT;HAS_XMLID_19
198,278,Transferencias: Rol Administrador,Transferencias,Administrador,83,Administrador,27,Medios Informáticos,112,Informática,sicpro_app_medios_informaticos.grupo_app_medios_informaticos_admin,60,ROLE_NAME_EXACT;HAS_XMLID_19
198,278,Transferencias: Rol Administrador,Transferencias,Administrador,89,Administrador,29,Metrología,106,Activos y Herramientas,sicpro_app_metrologia.grupo_app_metrologia_admin,60,ROLE_NAME_EXACT;HAS_XMLID_19
198,278,Transferencias: Rol Administrador,Transferencias,Administrador,94,Administrador,30,Repositorio DVPE.,107,Servicios Corporativos,sicpro_app_repositorio_institucional.group_repositorio_institucional_admin,60,ROLE_NAME_EXACT;HAS_XMLID_19
198,278,Transferencias: Rol Administrador,Transferencias,Administrador,104,Administrador,32,Servicios Internos,107,Servicios Corporativos,sicpro_app_servicios_internos.grupo_app_internos_admin,60,ROLE_NAME_EXACT;HAS_XMLID_19
198,278,Transferencias: Rol Administrador,Transferencias,Administrador,111,Administrador,34,Soporte,113,Soporte Técnico,sicpro_app_soporte.group_soporte_admin,60,ROLE_NAME_EXACT;HAS_XMLID_19
198,278,Transferencias: Rol Administrador,Transferencias,Administrador,116,Administrador,36,Transporte,98,Transportación,sicpro_app_transporte.grupo_app_transporte_admin,60,ROLE_NAME_EXACT;HAS_XMLID_19
198,278,Transferencias: Rol Administrador,Transferencias,Administrador,122,Administrador,38,Víveres Logística,111,Alimentación,sicpro_app_viveres.grupo_app_viveres_admin,60,ROLE_NAME_EXACT;HAS_XMLID_19
198,278,Transferencias: Rol Administrador,Transferencias,Administrador,129,Administrador,40,Clientes,101,Solicitudes de Obras,sicpro_app_clientes.grupo_app_clientes_admin,60,ROLE_NAME_EXACT;HAS_XMLID_19
198,278,Transferencias: Rol Administrador,Transferencias,Administrador,132,Administrador,41,Instrucciones,97,Capital Humano,sicpro_app_instrucciones.grupo_app_instruciones_admin,60,ROLE_NAME_EXACT;HAS_XMLID_19
198,278,Transferencias: Rol Administrador,Transferencias,Administrador,140,Administrador,43,Operaciones,110,Programa de la Vivienda,sicpro_app_programa_viviendas.grupo_app_vivienda_admin,60,ROLE_NAME_EXACT;HAS_XMLID_19
198,278,Transferencias: Rol Administrador,Transferencias,Administrador,144,Administrador,44,Solicitudes,101,Solicitudes de Obras,sicpro_app_solicitudes.grupo_app_solicitud_admin,60,ROLE_NAME_EXACT;HAS_XMLID_19
198,278,Transferencias: Rol Administrador,Transferencias,Administrador,155,Administrador,50,Usuarios Internos,103,Órdenes de Trabajo,sicpro_app_ordenes_trabajo.grupo_ordenes_admin,60,ROLE_NAME_EXACT;HAS_XMLID_19
198,278,Transferencias: Rol Administrador,Transferencias,Administrador,161,Visualizar todas las Transferencias,53,Transferencias,104,Gestión de Gastos,sicpro_app_transferencias_gastos.grupo_transferencias_visualizar,50,PRIVILEGE_EXACT;HAS_XMLID_19
198,278,Transferencias: Rol Administrador,Transferencias,Administrador,162,Gestión del Inversionista,53,Transferencias,104,Gestión de Gastos,sicpro_app_transferencias_gastos.grupo_transferencias_inversionistas,50,PRIVILEGE_EXACT;HAS_XMLID_19
198,278,Transferencias: Rol Administrador,Transferencias,Administrador,163,Visualizar por Procesos,53,Transferencias,104,Gestión de Gastos,sicpro_app_transferencias_gastos.grupo_transferencias_visualizar_proceso,50,PRIVILEGE_EXACT;HAS_XMLID_19
198,278,Transferencias: Rol Administrador,Transferencias,Administrador,164,Gestión del Ejecutor,53,Transferencias,104,Gestión de Gastos,sicpro_app_transferencias_gastos.grupo_transferencias_ejecutores_procesos,50,PRIVILEGE_EXACT;HAS_XMLID_19
198,278,Transferencias: Rol Administrador,Transferencias,Administrador,165,Gestión del Técnico Productivo,53,Transferencias,104,Gestión de Gastos,sicpro_app_transferencias_gastos.grupo_transferencias_dtp_procesos,50,PRIVILEGE_EXACT;HAS_XMLID_19
198,278,Transferencias: Rol Administrador,Transferencias,Administrador,166,Gestión Económica,53,Transferencias,104,Gestión de Gastos,sicpro_app_transferencias_gastos.grupo_transferencias_economia,50,PRIVILEGE_EXACT;HAS_XMLID_19
198,278,Transferencias: Rol Administrador,Transferencias,Administrador,167,Responsable,53,Transferencias,104,Gestión de Gastos,sicpro_app_transferencias_gastos.grupo_transferencias_responsable,50,PRIVILEGE_EXACT;HAS_XMLID_19
198,278,Transferencias: Rol Administrador,Transferencias,Administrador,4,Role / Administrator,,,,,base.group_system,35,PRIVILEGE_PARTIAL;IMPLIED_COMMON:administrador;HAS_XMLID_19
198,278,Transferencias: Rol Administrador,Transferencias,Administrador,1,Role / User,,,,,base.group_user,25,PRIVILEGE_PARTIAL;HAS_XMLID_19
198,278,Transferencias: Rol Administrador,Transferencias,Administrador,2,Access Rights,,,,,base.group_erp_manager,25,PRIVILEGE_PARTIAL;HAS_XMLID_19
198,278,Transferencias: Rol Administrador,Transferencias,Administrador,3,Bypass HTML Field Sanitize,,,,,base.group_sanitize_override,25,PRIVILEGE_PARTIAL;HAS_XMLID_19
198,278,Transferencias: Rol Administrador,Transferencias,Administrador,5,Multi Companies,,,,,base.group_multi_company,25,PRIVILEGE_PARTIAL;HAS_XMLID_19
198,278,Transferencias: Rol Administrador,Transferencias,Administrador,6,Multi Currencies,,,,,base.group_multi_currency,25,PRIVILEGE_PARTIAL;HAS_XMLID_19
198,278,Transferencias: Rol Administrador,Transferencias,Administrador,7,Technical Features,,,,,base.group_no_one,25,PRIVILEGE_PARTIAL;HAS_XMLID_19
198,278,Transferencias: Rol Administrador,Transferencias,Administrador,10,Role / Portal,,,,,base.group_portal,25,PRIVILEGE_PARTIAL;HAS_XMLID_19
198,278,Transferencias: Rol Administrador,Transferencias,Administrador,11,Role / Public,,,,,base.group_public,25,PRIVILEGE_PARTIAL;HAS_XMLID_19
198,278,Transferencias: Rol Administrador,Transferencias,Administrador,12,Default access for new users,,,,,base.default_user_group,25,PRIVILEGE_PARTIAL;HAS_XMLID_19
198,278,Transferencias: Rol Administrador,Transferencias,Administrador,13,Technical Documentation,,,,,api_doc.group_allow_doc,25,PRIVILEGE_PARTIAL;HAS_XMLID_19
198,278,Transferencias: Rol Administrador,Transferencias,Administrador,15,Mail Template Editor,,,,,mail.group_mail_template_editor,25,PRIVILEGE_PARTIAL;HAS_XMLID_19
198,278,Transferencias: Rol Administrador,Transferencias,Administrador,16,Receive notifications in Odoo,,,,,mail.group_mail_notification_type_inbox,25,PRIVILEGE_PARTIAL;HAS_XMLID_19
198,278,Transferencias: Rol Administrador,Transferencias,Administrador,25,Menus y Accesos Obsoletos,,,,,sicpro_app_administracion.grupo_app_administracion_obsoletos,25,PRIVILEGE_PARTIAL;HAS_XMLID_19
198,278,Transferencias: Rol Administrador,Transferencias,Administrador,26,Manage Multiple Units of Measure,,,,,uom.group_uom,25,PRIVILEGE_PARTIAL;HAS_XMLID_19
198,278,Transferencias: Rol Administrador,Transferencias,Administrador,27,Analytic Accounting,,,,,analytic.group_analytic_accounting,25,PRIVILEGE_PARTIAL;HAS_XMLID_19
198,278,Transferencias: Rol Administrador,Transferencias,Administrador,32,Use Stages on Project,,,,,project.group_project_stages,25,PRIVILEGE_PARTIAL;HAS_XMLID_19
198,278,Transferencias: Rol Administrador,Transferencias,Administrador,33,Use Recurring Tasks,,,,,project.group_project_recurring_tasks,25,PRIVILEGE_PARTIAL;HAS_XMLID_19
198,278,Transferencias: Rol Administrador,Transferencias,Administrador,34,Use Task Dependencies,,,,,project.group_project_task_dependencies,25,PRIVILEGE_PARTIAL;HAS_XMLID_19
198,278,Transferencias: Rol Administrador,Transferencias,Administrador,35,Use Milestones,,,,,project.group_project_milestone,25,PRIVILEGE_PARTIAL;HAS_XMLID_19
198,278,Transferencias: Rol Administrador,Transferencias,Administrador,44,Consultas Postgres,,,,,sicpro_modulo_querydb.group_querydeluxe,25,PRIVILEGE_PARTIAL;HAS_XMLID_19
199,287,Vivienda: Rol Usuario,Vivienda,Usuario,36,Usuario,10,Gestor Documental,107,Servicios Corporativos,sicpro_app_gestor_documental.group_document_user,60,ROLE_NAME_EXACT;HAS_XMLID_19
199,287,Vivienda: Rol Usuario,Vivienda,Usuario,38,Usuario,11,Salón de Clases,107,Servicios Corporativos,sicpro_app_salon_clases.grupo_app_salon_clases_usuario,60,ROLE_NAME_EXACT;HAS_XMLID_19
199,287,Vivienda: Rol Usuario,Vivienda,Usuario,41,Usuario,12,Registros de auditoría,115,Registro de auditoría,sicpro_modulo_auditorias.group_auditlog_user,60,ROLE_NAME_EXACT;HAS_XMLID_19
199,287,Vivienda: Rol Usuario,Vivienda,Usuario,90,Usuario,30,Repositorio DVPE.,107,Servicios Corporativos,sicpro_app_repositorio_institucional.group_repositorio_institucional_user,60,ROLE_NAME_EXACT;HAS_XMLID_19
199,287,Vivienda: Rol Usuario,Vivienda,Usuario,95,Usuario,31,Reuniones,105,Gestión de Reuniones,sicpro_app_reuniones.group_reuniones_usuario,60,ROLE_NAME_EXACT;HAS_XMLID_19
199,287,Vivienda: Rol Usuario,Vivienda,Usuario,100,Usuario,32,Servicios Internos,107,Servicios Corporativos,sicpro_app_servicios_internos.grupo_app_internos_usuario,60,ROLE_NAME_EXACT;HAS_XMLID_19
199,287,Vivienda: Rol Usuario,Vivienda,Usuario,105,Usuario,33,Solicitudes de S.I.,107,Servicios Corporativos,sicpro_app_servicios_internos.grupo_app_internos_solicitudes_usuario,60,ROLE_NAME_EXACT;HAS_XMLID_19
199,287,Vivienda: Rol Usuario,Vivienda,Usuario,134,Usuario,43,Operaciones,110,Programa de la Vivienda,sicpro_app_programa_viviendas.grupo_app_vivienda_visualizar,60,ROLE_NAME_EXACT;HAS_XMLID_19
199,287,Vivienda: Rol Usuario,Vivienda,Usuario,46,Usuarios,15,CMI,108,Gestión de Producción,sicpro_app_cmi.grupo_app_cmi_usuario,35,ROLE_NAME_PARTIAL;HAS_XMLID_19
199,287,Vivienda: Rol Usuario,Vivienda,Usuario,50,Usuarios,16,Materiales e Insumos,102,Preparación Técnica,sicpro_app_materiales_insumos.grupo_app_materiales_insumos_usuario,35,ROLE_NAME_PARTIAL;HAS_XMLID_19
199,287,Vivienda: Rol Usuario,Vivienda,Usuario,54,Usuarios,17,Usuario del Proceso,97,Capital Humano,sicpro_app_trabajadores.grupo_app_trabajador_usuario_proceso,35,ROLE_NAME_PARTIAL;HAS_XMLID_19
199,287,Vivienda: Rol Usuario,Vivienda,Usuario,86,Usuarios,29,Metrología,106,Activos y Herramientas,sicpro_app_metrologia.grupo_app_metrologia_usuario,35,ROLE_NAME_PARTIAL;HAS_XMLID_19
199,287,Vivienda: Rol Usuario,Vivienda,Usuario,113,Usuarios,36,Transporte,98,Transportación,sicpro_app_transporte.grupo_app_transporte_usuario,35,ROLE_NAME_PARTIAL;HAS_XMLID_19
199,287,Vivienda: Rol Usuario,Vivienda,Usuario,117,Usuarios,37,Piquera,98,Transportación,sicpro_app_transporte.grupo_app_transporte_piquera_usuario,35,ROLE_NAME_PARTIAL;HAS_XMLID_19
199,287,Vivienda: Rol Usuario,Vivienda,Usuario,126,Usuarios,40,Clientes,101,Solicitudes de Obras,sicpro_app_clientes.grupo_app_clientes_usuario,35,ROLE_NAME_PARTIAL;HAS_XMLID_19
199,287,Vivienda: Rol Usuario,Vivienda,Usuario,130,Usuarios,41,Instrucciones,97,Capital Humano,sicpro_app_instrucciones.grupo_app_instruciones_usuario,35,ROLE_NAME_PARTIAL;HAS_XMLID_19
199,287,Vivienda: Rol Usuario,Vivienda,Usuario,141,Usuarios,44,Solicitudes,101,Solicitudes de Obras,sicpro_app_solicitudes.grupo_app_solicitud_usuario,35,ROLE_NAME_PARTIAL;HAS_XMLID_19
199,287,Vivienda: Rol Usuario,Vivienda,Usuario,1,Role / User,,,,,base.group_user,25,PRIVILEGE_PARTIAL;HAS_XMLID_19
199,287,Vivienda: Rol Usuario,Vivienda,Usuario,2,Access Rights,,,,,base.group_erp_manager,25,PRIVILEGE_PARTIAL;HAS_XMLID_19
199,287,Vivienda: Rol Usuario,Vivienda,Usuario,3,Bypass HTML Field Sanitize,,,,,base.group_sanitize_override,25,PRIVILEGE_PARTIAL;HAS_XMLID_19
199,287,Vivienda: Rol Usuario,Vivienda,Usuario,4,Role / Administrator,,,,,base.group_system,25,PRIVILEGE_PARTIAL;HAS_XMLID_19
199,287,Vivienda: Rol Usuario,Vivienda,Usuario,5,Multi Companies,,,,,base.group_multi_company,25,PRIVILEGE_PARTIAL;HAS_XMLID_19
199,287,Vivienda: Rol Usuario,Vivienda,Usuario,6,Multi Currencies,,,,,base.group_multi_currency,25,PRIVILEGE_PARTIAL;HAS_XMLID_19
199,287,Vivienda: Rol Usuario,Vivienda,Usuario,7,Technical Features,,,,,base.group_no_one,25,PRIVILEGE_PARTIAL;HAS_XMLID_19
199,287,Vivienda: Rol Usuario,Vivienda,Usuario,10,Role / Portal,,,,,base.group_portal,25,PRIVILEGE_PARTIAL;HAS_XMLID_19
199,287,Vivienda: Rol Usuario,Vivienda,Usuario,11,Role / Public,,,,,base.group_public,25,PRIVILEGE_PARTIAL;HAS_XMLID_19
199,287,Vivienda: Rol Usuario,Vivienda,Usuario,12,Default access for new users,,,,,base.default_user_group,25,PRIVILEGE_PARTIAL;HAS_XMLID_19
199,287,Vivienda: Rol Usuario,Vivienda,Usuario,13,Technical Documentation,,,,,api_doc.group_allow_doc,25,PRIVILEGE_PARTIAL;HAS_XMLID_19
199,287,Vivienda: Rol Usuario,Vivienda,Usuario,15,Mail Template Editor,,,,,mail.group_mail_template_editor,25,PRIVILEGE_PARTIAL;HAS_XMLID_19
199,287,Vivienda: Rol Usuario,Vivienda,Usuario,16,Receive notifications in Odoo,,,,,mail.group_mail_notification_type_inbox,25,PRIVILEGE_PARTIAL;HAS_XMLID_19
199,287,Vivienda: Rol Usuario,Vivienda,Usuario,25,Menus y Accesos Obsoletos,,,,,sicpro_app_administracion.grupo_app_administracion_obsoletos,25,PRIVILEGE_PARTIAL;HAS_XMLID_19
199,287,Vivienda: Rol Usuario,Vivienda,Usuario,26,Manage Multiple Units of Measure,,,,,uom.group_uom,25,PRIVILEGE_PARTIAL;HAS_XMLID_19
199,287,Vivienda: Rol Usuario,Vivienda,Usuario,27,Analytic Accounting,,,,,analytic.group_analytic_accounting,25,PRIVILEGE_PARTIAL;HAS_XMLID_19
199,287,Vivienda: Rol Usuario,Vivienda,Usuario,32,Use Stages on Project,,,,,project.group_project_stages,25,PRIVILEGE_PARTIAL;HAS_XMLID_19
199,287,Vivienda: Rol Usuario,Vivienda,Usuario,33,Use Recurring Tasks,,,,,project.group_project_recurring_tasks,25,PRIVILEGE_PARTIAL;HAS_XMLID_19
199,287,Vivienda: Rol Usuario,Vivienda,Usuario,34,Use Task Dependencies,,,,,project.group_project_task_dependencies,25,PRIVILEGE_PARTIAL;HAS_XMLID_19
199,287,Vivienda: Rol Usuario,Vivienda,Usuario,35,Use Milestones,,,,,project.group_project_milestone,25,PRIVILEGE_PARTIAL;HAS_XMLID_19
199,287,Vivienda: Rol Usuario,Vivienda,Usuario,44,Consultas Postgres,,,,,sicpro_modulo_querydb.group_querydeluxe,25,PRIVILEGE_PARTIAL;HAS_XMLID_19
199,287,Vivienda: Rol Usuario,Vivienda,Usuario,37,Ejecutor,10,Gestor Documental,107,Servicios Corporativos,sicpro_app_gestor_documental.group_document_manager,10,IMPLIED_COMMON:usuario;HAS_XMLID_19
199,287,Vivienda: Rol Usuario,Vivienda,Usuario,39,Responsable,11,Salón de Clases,107,Servicios Corporativos,sicpro_app_salon_clases.grupo_app_salon_clases_responsable,10,IMPLIED_COMMON:usuario;HAS_XMLID_19
199,287,Vivienda: Rol Usuario,Vivienda,Usuario,42,Administrador,12,Registros de auditoría,115,Registro de auditoría,sicpro_modulo_auditorias.group_auditlog_manager,10,IMPLIED_COMMON:usuario;HAS_XMLID_19
199,287,Vivienda: Rol Usuario,Vivienda,Usuario,91,Creador,30,Repositorio DVPE.,107,Servicios Corporativos,sicpro_app_repositorio_institucional.group_repositorio_institucional_creador,10,IMPLIED_COMMON:usuario;HAS_XMLID_19
199,287,Vivienda: Rol Usuario,Vivienda,Usuario,96,Secretaria,31,Reuniones,105,Gestión de Reuniones,sicpro_app_reuniones.group_reuniones_secretaria,10,IMPLIED_COMMON:usuario;HAS_XMLID_19
199,287,Vivienda: Rol Usuario,Vivienda,Usuario,101,Ejecutor de Servicios,32,Servicios Internos,107,Servicios Corporativos,sicpro_app_servicios_internos.grupo_app_internos_ejecutor_servicios,10,IMPLIED_COMMON:usuario;HAS_XMLID_19
199,287,Vivienda: Rol Usuario,Vivienda,Usuario,106,Ejecutor de Solicitud,33,Solicitudes de S.I.,107,Servicios Corporativos,sicpro_app_servicios_internos.grupo_app_internos_solicitudes_ejecutor,10,IMPLIED_COMMON:usuario;HAS_XMLID_19
199,287,Vivienda: Rol Usuario,Vivienda,Usuario,135,Secretario general,43,Operaciones,110,Programa de la Vivienda,sicpro_app_programa_viviendas.grupo_app_vivienda_secretario_general,10,IMPLIED_COMMON:usuario;HAS_XMLID_19
200,288,Vivienda: Rol Secretario Sindical,Vivienda,Secretario Sindical,133,Secretario sindical,42,Sindicato,110,Programa de la Vivienda,sicpro_app_programa_viviendas.grupo_app_vivienda_secretario,60,ROLE_NAME_EXACT;HAS_XMLID_19
200,288,Vivienda: Rol Secretario Sindical,Vivienda,Secretario Sindical,1,Role / User,,,,,base.group_user,25,PRIVILEGE_PARTIAL;HAS_XMLID_19
200,288,Vivienda: Rol Secretario Sindical,Vivienda,Secretario Sindical,2,Access Rights,,,,,base.group_erp_manager,25,PRIVILEGE_PARTIAL;HAS_XMLID_19
200,288,Vivienda: Rol Secretario Sindical,Vivienda,Secretario Sindical,3,Bypass HTML Field Sanitize,,,,,base.group_sanitize_override,25,PRIVILEGE_PARTIAL;HAS_XMLID_19
200,288,Vivienda: Rol Secretario Sindical,Vivienda,Secretario Sindical,4,Role / Administrator,,,,,base.group_system,25,PRIVILEGE_PARTIAL;HAS_XMLID_19
200,288,Vivienda: Rol Secretario Sindical,Vivienda,Secretario Sindical,5,Multi Companies,,,,,base.group_multi_company,25,PRIVILEGE_PARTIAL;HAS_XMLID_19
200,288,Vivienda: Rol Secretario Sindical,Vivienda,Secretario Sindical,6,Multi Currencies,,,,,base.group_multi_currency,25,PRIVILEGE_PARTIAL;HAS_XMLID_19
200,288,Vivienda: Rol Secretario Sindical,Vivienda,Secretario Sindical,7,Technical Features,,,,,base.group_no_one,25,PRIVILEGE_PARTIAL;HAS_XMLID_19
200,288,Vivienda: Rol Secretario Sindical,Vivienda,Secretario Sindical,10,Role / Portal,,,,,base.group_portal,25,PRIVILEGE_PARTIAL;HAS_XMLID_19
200,288,Vivienda: Rol Secretario Sindical,Vivienda,Secretario Sindical,11,Role / Public,,,,,base.group_public,25,PRIVILEGE_PARTIAL;HAS_XMLID_19
200,288,Vivienda: Rol Secretario Sindical,Vivienda,Secretario Sindical,12,Default access for new users,,,,,base.default_user_group,25,PRIVILEGE_PARTIAL;HAS_XMLID_19
200,288,Vivienda: Rol Secretario Sindical,Vivienda,Secretario Sindical,13,Technical Documentation,,,,,api_doc.group_allow_doc,25,PRIVILEGE_PARTIAL;HAS_XMLID_19
200,288,Vivienda: Rol Secretario Sindical,Vivienda,Secretario Sindical,15,Mail Template Editor,,,,,mail.group_mail_template_editor,25,PRIVILEGE_PARTIAL;HAS_XMLID_19
200,288,Vivienda: Rol Secretario Sindical,Vivienda,Secretario Sindical,16,Receive notifications in Odoo,,,,,mail.group_mail_notification_type_inbox,25,PRIVILEGE_PARTIAL;HAS_XMLID_19
200,288,Vivienda: Rol Secretario Sindical,Vivienda,Secretario Sindical,25,Menus y Accesos Obsoletos,,,,,sicpro_app_administracion.grupo_app_administracion_obsoletos,25,PRIVILEGE_PARTIAL;HAS_XMLID_19
200,288,Vivienda: Rol Secretario Sindical,Vivienda,Secretario Sindical,26,Manage Multiple Units of Measure,,,,,uom.group_uom,25,PRIVILEGE_PARTIAL;HAS_XMLID_19
200,288,Vivienda: Rol Secretario Sindical,Vivienda,Secretario Sindical,27,Analytic Accounting,,,,,analytic.group_analytic_accounting,25,PRIVILEGE_PARTIAL;HAS_XMLID_19
200,288,Vivienda: Rol Secretario Sindical,Vivienda,Secretario Sindical,32,Use Stages on Project,,,,,project.group_project_stages,25,PRIVILEGE_PARTIAL;HAS_XMLID_19
200,288,Vivienda: Rol Secretario Sindical,Vivienda,Secretario Sindical,33,Use Recurring Tasks,,,,,project.group_project_recurring_tasks,25,PRIVILEGE_PARTIAL;HAS_XMLID_19
200,288,Vivienda: Rol Secretario Sindical,Vivienda,Secretario Sindical,34,Use Task Dependencies,,,,,project.group_project_task_dependencies,25,PRIVILEGE_PARTIAL;HAS_XMLID_19
200,288,Vivienda: Rol Secretario Sindical,Vivienda,Secretario Sindical,35,Use Milestones,,,,,project.group_project_milestone,25,PRIVILEGE_PARTIAL;HAS_XMLID_19
200,288,Vivienda: Rol Secretario Sindical,Vivienda,Secretario Sindical,44,Consultas Postgres,,,,,sicpro_modulo_querydb.group_querydeluxe,25,PRIVILEGE_PARTIAL;HAS_XMLID_19
201,289,Vivienda: Rol Secretario General,Vivienda,Secretario General,135,Secretario general,43,Operaciones,110,Programa de la Vivienda,sicpro_app_programa_viviendas.grupo_app_vivienda_secretario_general,60,ROLE_NAME_EXACT;HAS_XMLID_19
201,289,Vivienda: Rol Secretario General,Vivienda,Secretario General,1,Role / User,,,,,base.group_user,25,PRIVILEGE_PARTIAL;HAS_XMLID_19
201,289,Vivienda: Rol Secretario General,Vivienda,Secretario General,2,Access Rights,,,,,base.group_erp_manager,25,PRIVILEGE_PARTIAL;HAS_XMLID_19
201,289,Vivienda: Rol Secretario General,Vivienda,Secretario General,3,Bypass HTML Field Sanitize,,,,,base.group_sanitize_override,25,PRIVILEGE_PARTIAL;HAS_XMLID_19
201,289,Vivienda: Rol Secretario General,Vivienda,Secretario General,4,Role / Administrator,,,,,base.group_system,25,PRIVILEGE_PARTIAL;HAS_XMLID_19
201,289,Vivienda: Rol Secretario General,Vivienda,Secretario General,5,Multi Companies,,,,,base.group_multi_company,25,PRIVILEGE_PARTIAL;HAS_XMLID_19
201,289,Vivienda: Rol Secretario General,Vivienda,Secretario General,6,Multi Currencies,,,,,base.group_multi_currency,25,PRIVILEGE_PARTIAL;HAS_XMLID_19
201,289,Vivienda: Rol Secretario General,Vivienda,Secretario General,7,Technical Features,,,,,base.group_no_one,25,PRIVILEGE_PARTIAL;HAS_XMLID_19
201,289,Vivienda: Rol Secretario General,Vivienda,Secretario General,10,Role / Portal,,,,,base.group_portal,25,PRIVILEGE_PARTIAL;HAS_XMLID_19
201,289,Vivienda: Rol Secretario General,Vivienda,Secretario General,11,Role / Public,,,,,base.group_public,25,PRIVILEGE_PARTIAL;HAS_XMLID_19
201,289,Vivienda: Rol Secretario General,Vivienda,Secretario General,12,Default access for new users,,,,,base.default_user_group,25,PRIVILEGE_PARTIAL;HAS_XMLID_19
201,289,Vivienda: Rol Secretario General,Vivienda,Secretario General,13,Technical Documentation,,,,,api_doc.group_allow_doc,25,PRIVILEGE_PARTIAL;HAS_XMLID_19
201,289,Vivienda: Rol Secretario General,Vivienda,Secretario General,15,Mail Template Editor,,,,,mail.group_mail_template_editor,25,PRIVILEGE_PARTIAL;HAS_XMLID_19
201,289,Vivienda: Rol Secretario General,Vivienda,Secretario General,16,Receive notifications in Odoo,,,,,mail.group_mail_notification_type_inbox,25,PRIVILEGE_PARTIAL;HAS_XMLID_19
201,289,Vivienda: Rol Secretario General,Vivienda,Secretario General,25,Menus y Accesos Obsoletos,,,,,sicpro_app_administracion.grupo_app_administracion_obsoletos,25,PRIVILEGE_PARTIAL;HAS_XMLID_19
201,289,Vivienda: Rol Secretario General,Vivienda,Secretario General,26,Manage Multiple Units of Measure,,,,,uom.group_uom,25,PRIVILEGE_PARTIAL;HAS_XMLID_19
201,289,Vivienda: Rol Secretario General,Vivienda,Secretario General,27,Analytic Accounting,,,,,analytic.group_analytic_accounting,25,PRIVILEGE_PARTIAL;HAS_XMLID_19
201,289,Vivienda: Rol Secretario General,Vivienda,Secretario General,32,Use Stages on Project,,,,,project.group_project_stages,25,PRIVILEGE_PARTIAL;HAS_XMLID_19
201,289,Vivienda: Rol Secretario General,Vivienda,Secretario General,33,Use Recurring Tasks,,,,,project.group_project_recurring_tasks,25,PRIVILEGE_PARTIAL;HAS_XMLID_19
201,289,Vivienda: Rol Secretario General,Vivienda,Secretario General,34,Use Task Dependencies,,,,,project.group_project_task_dependencies,25,PRIVILEGE_PARTIAL;HAS_XMLID_19
201,289,Vivienda: Rol Secretario General,Vivienda,Secretario General,35,Use Milestones,,,,,project.group_project_milestone,25,PRIVILEGE_PARTIAL;HAS_XMLID_19
201,289,Vivienda: Rol Secretario General,Vivienda,Secretario General,44,Consultas Postgres,,,,,sicpro_modulo_querydb.group_querydeluxe,25,PRIVILEGE_PARTIAL;HAS_XMLID_19
201,289,Vivienda: Rol Secretario General,Vivienda,Secretario General,136,Validar solicitud,43,Operaciones,110,Programa de la Vivienda,sicpro_app_programa_viviendas.grupo_app_vivienda_validar,10,IMPLIED_COMMON:secretario general;HAS_XMLID_19
202,290,Vivienda: Rol Validar Solicitud,Vivienda,Validar Solicitud,136,Validar solicitud,43,Operaciones,110,Programa de la Vivienda,sicpro_app_programa_viviendas.grupo_app_vivienda_validar,60,ROLE_NAME_EXACT;HAS_XMLID_19
202,290,Vivienda: Rol Validar Solicitud,Vivienda,Validar Solicitud,1,Role / User,,,,,base.group_user,25,PRIVILEGE_PARTIAL;HAS_XMLID_19
202,290,Vivienda: Rol Validar Solicitud,Vivienda,Validar Solicitud,2,Access Rights,,,,,base.group_erp_manager,25,PRIVILEGE_PARTIAL;HAS_XMLID_19
202,290,Vivienda: Rol Validar Solicitud,Vivienda,Validar Solicitud,3,Bypass HTML Field Sanitize,,,,,base.group_sanitize_override,25,PRIVILEGE_PARTIAL;HAS_XMLID_19
202,290,Vivienda: Rol Validar Solicitud,Vivienda,Validar Solicitud,4,Role / Administrator,,,,,base.group_system,25,PRIVILEGE_PARTIAL;HAS_XMLID_19
202,290,Vivienda: Rol Validar Solicitud,Vivienda,Validar Solicitud,5,Multi Companies,,,,,base.group_multi_company,25,PRIVILEGE_PARTIAL;HAS_XMLID_19
202,290,Vivienda: Rol Validar Solicitud,Vivienda,Validar Solicitud,6,Multi Currencies,,,,,base.group_multi_currency,25,PRIVILEGE_PARTIAL;HAS_XMLID_19
202,290,Vivienda: Rol Validar Solicitud,Vivienda,Validar Solicitud,7,Technical Features,,,,,base.group_no_one,25,PRIVILEGE_PARTIAL;HAS_XMLID_19
202,290,Vivienda: Rol Validar Solicitud,Vivienda,Validar Solicitud,10,Role / Portal,,,,,base.group_portal,25,PRIVILEGE_PARTIAL;HAS_XMLID_19
202,290,Vivienda: Rol Validar Solicitud,Vivienda,Validar Solicitud,11,Role / Public,,,,,base.group_public,25,PRIVILEGE_PARTIAL;HAS_XMLID_19
202,290,Vivienda: Rol Validar Solicitud,Vivienda,Validar Solicitud,12,Default access for new users,,,,,base.default_user_group,25,PRIVILEGE_PARTIAL;HAS_XMLID_19
202,290,Vivienda: Rol Validar Solicitud,Vivienda,Validar Solicitud,13,Technical Documentation,,,,,api_doc.group_allow_doc,25,PRIVILEGE_PARTIAL;HAS_XMLID_19
202,290,Vivienda: Rol Validar Solicitud,Vivienda,Validar Solicitud,15,Mail Template Editor,,,,,mail.group_mail_template_editor,25,PRIVILEGE_PARTIAL;HAS_XMLID_19
202,290,Vivienda: Rol Validar Solicitud,Vivienda,Validar Solicitud,16,Receive notifications in Odoo,,,,,mail.group_mail_notification_type_inbox,25,PRIVILEGE_PARTIAL;HAS_XMLID_19
202,290,Vivienda: Rol Validar Solicitud,Vivienda,Validar Solicitud,25,Menus y Accesos Obsoletos,,,,,sicpro_app_administracion.grupo_app_administracion_obsoletos,25,PRIVILEGE_PARTIAL;HAS_XMLID_19
202,290,Vivienda: Rol Validar Solicitud,Vivienda,Validar Solicitud,26,Manage Multiple Units of Measure,,,,,uom.group_uom,25,PRIVILEGE_PARTIAL;HAS_XMLID_19
202,290,Vivienda: Rol Validar Solicitud,Vivienda,Validar Solicitud,27,Analytic Accounting,,,,,analytic.group_analytic_accounting,25,PRIVILEGE_PARTIAL;HAS_XMLID_19
202,290,Vivienda: Rol Validar Solicitud,Vivienda,Validar Solicitud,32,Use Stages on Project,,,,,project.group_project_stages,25,PRIVILEGE_PARTIAL;HAS_XMLID_19
202,290,Vivienda: Rol Validar Solicitud,Vivienda,Validar Solicitud,33,Use Recurring Tasks,,,,,project.group_project_recurring_tasks,25,PRIVILEGE_PARTIAL;HAS_XMLID_19
202,290,Vivienda: Rol Validar Solicitud,Vivienda,Validar Solicitud,34,Use Task Dependencies,,,,,project.group_project_task_dependencies,25,PRIVILEGE_PARTIAL;HAS_XMLID_19
202,290,Vivienda: Rol Validar Solicitud,Vivienda,Validar Solicitud,35,Use Milestones,,,,,project.group_project_milestone,25,PRIVILEGE_PARTIAL;HAS_XMLID_19
202,290,Vivienda: Rol Validar Solicitud,Vivienda,Validar Solicitud,44,Consultas Postgres,,,,,sicpro_modulo_querydb.group_querydeluxe,25,PRIVILEGE_PARTIAL;HAS_XMLID_19
202,290,Vivienda: Rol Validar Solicitud,Vivienda,Validar Solicitud,137,Logística,43,Operaciones,110,Programa de la Vivienda,sicpro_app_programa_viviendas.grupo_app_vivienda_logistica,10,IMPLIED_COMMON:validar solicitud;HAS_XMLID_19
203,291,Vivienda: Rol Logística,Vivienda,Logística,137,Logística,43,Operaciones,110,Programa de la Vivienda,sicpro_app_programa_viviendas.grupo_app_vivienda_logistica,60,ROLE_NAME_EXACT;HAS_XMLID_19
203,291,Vivienda: Rol Logística,Vivienda,Logística,1,Role / User,,,,,base.group_user,25,PRIVILEGE_PARTIAL;HAS_XMLID_19
203,291,Vivienda: Rol Logística,Vivienda,Logística,2,Access Rights,,,,,base.group_erp_manager,25,PRIVILEGE_PARTIAL;HAS_XMLID_19
203,291,Vivienda: Rol Logística,Vivienda,Logística,3,Bypass HTML Field Sanitize,,,,,base.group_sanitize_override,25,PRIVILEGE_PARTIAL;HAS_XMLID_19
203,291,Vivienda: Rol Logística,Vivienda,Logística,4,Role / Administrator,,,,,base.group_system,25,PRIVILEGE_PARTIAL;HAS_XMLID_19
203,291,Vivienda: Rol Logística,Vivienda,Logística,5,Multi Companies,,,,,base.group_multi_company,25,PRIVILEGE_PARTIAL;HAS_XMLID_19
203,291,Vivienda: Rol Logística,Vivienda,Logística,6,Multi Currencies,,,,,base.group_multi_currency,25,PRIVILEGE_PARTIAL;HAS_XMLID_19
203,291,Vivienda: Rol Logística,Vivienda,Logística,7,Technical Features,,,,,base.group_no_one,25,PRIVILEGE_PARTIAL;HAS_XMLID_19
203,291,Vivienda: Rol Logística,Vivienda,Logística,10,Role / Portal,,,,,base.group_portal,25,PRIVILEGE_PARTIAL;HAS_XMLID_19
203,291,Vivienda: Rol Logística,Vivienda,Logística,11,Role / Public,,,,,base.group_public,25,PRIVILEGE_PARTIAL;HAS_XMLID_19
203,291,Vivienda: Rol Logística,Vivienda,Logística,12,Default access for new users,,,,,base.default_user_group,25,PRIVILEGE_PARTIAL;HAS_XMLID_19
203,291,Vivienda: Rol Logística,Vivienda,Logística,13,Technical Documentation,,,,,api_doc.group_allow_doc,25,PRIVILEGE_PARTIAL;HAS_XMLID_19
203,291,Vivienda: Rol Logística,Vivienda,Logística,15,Mail Template Editor,,,,,mail.group_mail_template_editor,25,PRIVILEGE_PARTIAL;HAS_XMLID_19
203,291,Vivienda: Rol Logística,Vivienda,Logística,16,Receive notifications in Odoo,,,,,mail.group_mail_notification_type_inbox,25,PRIVILEGE_PARTIAL;HAS_XMLID_19
203,291,Vivienda: Rol Logística,Vivienda,Logística,25,Menus y Accesos Obsoletos,,,,,sicpro_app_administracion.grupo_app_administracion_obsoletos,25,PRIVILEGE_PARTIAL;HAS_XMLID_19
203,291,Vivienda: Rol Logística,Vivienda,Logística,26,Manage Multiple Units of Measure,,,,,uom.group_uom,25,PRIVILEGE_PARTIAL;HAS_XMLID_19
203,291,Vivienda: Rol Logística,Vivienda,Logística,27,Analytic Accounting,,,,,analytic.group_analytic_accounting,25,PRIVILEGE_PARTIAL;HAS_XMLID_19
203,291,Vivienda: Rol Logística,Vivienda,Logística,32,Use Stages on Project,,,,,project.group_project_stages,25,PRIVILEGE_PARTIAL;HAS_XMLID_19
203,291,Vivienda: Rol Logística,Vivienda,Logística,33,Use Recurring Tasks,,,,,project.group_project_recurring_tasks,25,PRIVILEGE_PARTIAL;HAS_XMLID_19
203,291,Vivienda: Rol Logística,Vivienda,Logística,34,Use Task Dependencies,,,,,project.group_project_task_dependencies,25,PRIVILEGE_PARTIAL;HAS_XMLID_19
203,291,Vivienda: Rol Logística,Vivienda,Logística,35,Use Milestones,,,,,project.group_project_milestone,25,PRIVILEGE_PARTIAL;HAS_XMLID_19
203,291,Vivienda: Rol Logística,Vivienda,Logística,44,Consultas Postgres,,,,,sicpro_modulo_querydb.group_querydeluxe,25,PRIVILEGE_PARTIAL;HAS_XMLID_19
203,291,Vivienda: Rol Logística,Vivienda,Logística,138,Economía,43,Operaciones,110,Programa de la Vivienda,sicpro_app_programa_viviendas.grupo_app_vivienda_economia,10,IMPLIED_COMMON:logistica;HAS_XMLID_19
204,292,Vivienda: Rol Economía,Vivienda,Economía,138,Economía,43,Operaciones,110,Programa de la Vivienda,sicpro_app_programa_viviendas.grupo_app_vivienda_economia,60,ROLE_NAME_EXACT;HAS_XMLID_19
204,292,Vivienda: Rol Economía,Vivienda,Economía,1,Role / User,,,,,base.group_user,25,PRIVILEGE_PARTIAL;HAS_XMLID_19
204,292,Vivienda: Rol Economía,Vivienda,Economía,2,Access Rights,,,,,base.group_erp_manager,25,PRIVILEGE_PARTIAL;HAS_XMLID_19
204,292,Vivienda: Rol Economía,Vivienda,Economía,3,Bypass HTML Field Sanitize,,,,,base.group_sanitize_override,25,PRIVILEGE_PARTIAL;HAS_XMLID_19
204,292,Vivienda: Rol Economía,Vivienda,Economía,4,Role / Administrator,,,,,base.group_system,25,PRIVILEGE_PARTIAL;HAS_XMLID_19
204,292,Vivienda: Rol Economía,Vivienda,Economía,5,Multi Companies,,,,,base.group_multi_company,25,PRIVILEGE_PARTIAL;HAS_XMLID_19
204,292,Vivienda: Rol Economía,Vivienda,Economía,6,Multi Currencies,,,,,base.group_multi_currency,25,PRIVILEGE_PARTIAL;HAS_XMLID_19
204,292,Vivienda: Rol Economía,Vivienda,Economía,7,Technical Features,,,,,base.group_no_one,25,PRIVILEGE_PARTIAL;HAS_XMLID_19
204,292,Vivienda: Rol Economía,Vivienda,Economía,10,Role / Portal,,,,,base.group_portal,25,PRIVILEGE_PARTIAL;HAS_XMLID_19
204,292,Vivienda: Rol Economía,Vivienda,Economía,11,Role / Public,,,,,base.group_public,25,PRIVILEGE_PARTIAL;HAS_XMLID_19
204,292,Vivienda: Rol Economía,Vivienda,Economía,12,Default access for new users,,,,,base.default_user_group,25,PRIVILEGE_PARTIAL;HAS_XMLID_19
204,292,Vivienda: Rol Economía,Vivienda,Economía,13,Technical Documentation,,,,,api_doc.group_allow_doc,25,PRIVILEGE_PARTIAL;HAS_XMLID_19
204,292,Vivienda: Rol Economía,Vivienda,Economía,15,Mail Template Editor,,,,,mail.group_mail_template_editor,25,PRIVILEGE_PARTIAL;HAS_XMLID_19
204,292,Vivienda: Rol Economía,Vivienda,Economía,16,Receive notifications in Odoo,,,,,mail.group_mail_notification_type_inbox,25,PRIVILEGE_PARTIAL;HAS_XMLID_19
204,292,Vivienda: Rol Economía,Vivienda,Economía,25,Menus y Accesos Obsoletos,,,,,sicpro_app_administracion.grupo_app_administracion_obsoletos,25,PRIVILEGE_PARTIAL;HAS_XMLID_19
204,292,Vivienda: Rol Economía,Vivienda,Economía,26,Manage Multiple Units of Measure,,,,,uom.group_uom,25,PRIVILEGE_PARTIAL;HAS_XMLID_19
204,292,Vivienda: Rol Economía,Vivienda,Economía,27,Analytic Accounting,,,,,analytic.group_analytic_accounting,25,PRIVILEGE_PARTIAL;HAS_XMLID_19
204,292,Vivienda: Rol Economía,Vivienda,Economía,32,Use Stages on Project,,,,,project.group_project_stages,25,PRIVILEGE_PARTIAL;HAS_XMLID_19
204,292,Vivienda: Rol Economía,Vivienda,Economía,33,Use Recurring Tasks,,,,,project.group_project_recurring_tasks,25,PRIVILEGE_PARTIAL;HAS_XMLID_19
204,292,Vivienda: Rol Economía,Vivienda,Economía,34,Use Task Dependencies,,,,,project.group_project_task_dependencies,25,PRIVILEGE_PARTIAL;HAS_XMLID_19
204,292,Vivienda: Rol Economía,Vivienda,Economía,35,Use Milestones,,,,,project.group_project_milestone,25,PRIVILEGE_PARTIAL;HAS_XMLID_19
204,292,Vivienda: Rol Economía,Vivienda,Economía,44,Consultas Postgres,,,,,sicpro_modulo_querydb.group_querydeluxe,25,PRIVILEGE_PARTIAL;HAS_XMLID_19
204,292,Vivienda: Rol Economía,Vivienda,Economía,139,Responsable,43,Operaciones,110,Programa de la Vivienda,sicpro_app_programa_viviendas.grupo_app_vivienda_responsable,10,IMPLIED_COMMON:economia;HAS_XMLID_19
205,293,Vivienda: Rol Responsable,Vivienda,Responsable,39,Responsable,11,Salón de Clases,107,Servicios Corporativos,sicpro_app_salon_clases.grupo_app_salon_clases_responsable,60,ROLE_NAME_EXACT;HAS_XMLID_19
205,293,Vivienda: Rol Responsable,Vivienda,Responsable,48,Responsable,15,CMI,108,Gestión de Producción,sicpro_app_cmi.grupo_app_cmi_responsable,60,ROLE_NAME_EXACT;HAS_XMLID_19
205,293,Vivienda: Rol Responsable,Vivienda,Responsable,52,Responsable,16,Materiales e Insumos,102,Preparación Técnica,sicpro_app_materiales_insumos.grupo_app_materiales_insumos_responsable,60,ROLE_NAME_EXACT;HAS_XMLID_19
205,293,Vivienda: Rol Responsable,Vivienda,Responsable,57,Responsable,18,Trabajadores,97,Capital Humano,sicpro_app_trabajadores.grupo_app_trabajador_responsable,60,ROLE_NAME_EXACT;HAS_XMLID_19
205,293,Vivienda: Rol Responsable,Vivienda,Responsable,60,Responsable,19,Equipo Técnico,97,Capital Humano,sicpro_app_trabajadores.grupo_app_trabajador_equipos_responsable,60,ROLE_NAME_EXACT;HAS_XMLID_19
205,293,Vivienda: Rol Responsable,Vivienda,Responsable,65,Responsable,20,Disciplinarias,97,Capital Humano,sicpro_app_trabajadores.grupo_app_trabajador_disciplina_responsable,60,ROLE_NAME_EXACT;HAS_XMLID_19
205,293,Vivienda: Rol Responsable,Vivienda,Responsable,68,Responsable,21,Capacitación,97,Capital Humano,sicpro_app_trabajadores.grupo_app_trabajador_capacitacion_responsable,60,ROLE_NAME_EXACT;HAS_XMLID_19
205,293,Vivienda: Rol Responsable,Vivienda,Responsable,70,Responsable,22,Seguridad y Salud,97,Capital Humano,sicpro_app_trabajadores.grupo_app_trabajador_seguridad_salud_responsable,60,ROLE_NAME_EXACT;HAS_XMLID_19
205,293,Vivienda: Rol Responsable,Vivienda,Responsable,75,Responsable,25,Control,109,Control de la información,sicpro_app_control_informacion.grupo_control_informacion_responsable,60,ROLE_NAME_EXACT;HAS_XMLID_19
205,293,Vivienda: Rol Responsable,Vivienda,Responsable,78,Responsable,26,Credenciales,97,Capital Humano,sicpro_app_credenciales.grupo_app_credenciales_responsable,60,ROLE_NAME_EXACT;HAS_XMLID_19
205,293,Vivienda: Rol Responsable,Vivienda,Responsable,82,Responsable,27,Medios Informáticos,112,Informática,sicpro_app_medios_informaticos.grupo_app_medios_informaticos_responsable,60,ROLE_NAME_EXACT;HAS_XMLID_19
205,293,Vivienda: Rol Responsable,Vivienda,Responsable,88,Responsable,29,Metrología,106,Activos y Herramientas,sicpro_app_metrologia.grupo_app_metrologia_responsable,60,ROLE_NAME_EXACT;HAS_XMLID_19
205,293,Vivienda: Rol Responsable,Vivienda,Responsable,93,Responsable,30,Repositorio DVPE.,107,Servicios Corporativos,sicpro_app_repositorio_institucional.group_repositorio_institucional_responsable,60,ROLE_NAME_EXACT;HAS_XMLID_19
205,293,Vivienda: Rol Responsable,Vivienda,Responsable,98,Responsable,31,Reuniones,105,Gestión de Reuniones,sicpro_app_reuniones.group_reuniones_responsable,60,ROLE_NAME_EXACT;HAS_XMLID_19
205,293,Vivienda: Rol Responsable,Vivienda,Responsable,103,Responsable,32,Servicios Internos,107,Servicios Corporativos,sicpro_app_servicios_internos.grupo_app_internos_responsable,60,ROLE_NAME_EXACT;HAS_XMLID_19
205,293,Vivienda: Rol Responsable,Vivienda,Responsable,110,Responsable,34,Soporte,113,Soporte Técnico,sicpro_app_soporte.group_soporte_responsable,60,ROLE_NAME_EXACT;HAS_XMLID_19
205,293,Vivienda: Rol Responsable,Vivienda,Responsable,115,Responsable,36,Transporte,98,Transportación,sicpro_app_transporte.grupo_app_transporte_responsable,60,ROLE_NAME_EXACT;HAS_XMLID_19
205,293,Vivienda: Rol Responsable,Vivienda,Responsable,121,Responsable,38,Víveres Logística,111,Alimentación,sicpro_app_viveres.grupo_app_viveres_resumen_responsable,60,ROLE_NAME_EXACT;HAS_XMLID_19
205,293,Vivienda: Rol Responsable,Vivienda,Responsable,128,Responsable,40,Clientes,101,Solicitudes de Obras,sicpro_app_clientes.grupo_app_clientes_responsable,60,ROLE_NAME_EXACT;HAS_XMLID_19
205,293,Vivienda: Rol Responsable,Vivienda,Responsable,139,Responsable,43,Operaciones,110,Programa de la Vivienda,sicpro_app_programa_viviendas.grupo_app_vivienda_responsable,60,ROLE_NAME_EXACT;HAS_XMLID_19
205,293,Vivienda: Rol Responsable,Vivienda,Responsable,143,Responsable,44,Solicitudes,101,Solicitudes de Obras,sicpro_app_solicitudes.grupo_app_solicitud_responsable,60,ROLE_NAME_EXACT;HAS_XMLID_19
205,293,Vivienda: Rol Responsable,Vivienda,Responsable,151,Responsable,49,Especialista Ejecutor,101,Solicitudes de Obras,sicpro_app_solicitudes.grupo_app_grupos_ejecutor,60,ROLE_NAME_EXACT;HAS_XMLID_19
205,293,Vivienda: Rol Responsable,Vivienda,Responsable,154,Responsable,50,Usuarios Internos,103,Órdenes de Trabajo,sicpro_app_ordenes_trabajo.grupo_ordenes_responsable,60,ROLE_NAME_EXACT;HAS_XMLID_19
205,293,Vivienda: Rol Responsable,Vivienda,Responsable,167,Responsable,53,Transferencias,104,Gestión de Gastos,sicpro_app_transferencias_gastos.grupo_transferencias_responsable,60,ROLE_NAME_EXACT;HAS_XMLID_19
205,293,Vivienda: Rol Responsable,Vivienda,Responsable,1,Role / User,,,,,base.group_user,25,PRIVILEGE_PARTIAL;HAS_XMLID_19
205,293,Vivienda: Rol Responsable,Vivienda,Responsable,2,Access Rights,,,,,base.group_erp_manager,25,PRIVILEGE_PARTIAL;HAS_XMLID_19
205,293,Vivienda: Rol Responsable,Vivienda,Responsable,3,Bypass HTML Field Sanitize,,,,,base.group_sanitize_override,25,PRIVILEGE_PARTIAL;HAS_XMLID_19
205,293,Vivienda: Rol Responsable,Vivienda,Responsable,4,Role / Administrator,,,,,base.group_system,25,PRIVILEGE_PARTIAL;HAS_XMLID_19
205,293,Vivienda: Rol Responsable,Vivienda,Responsable,5,Multi Companies,,,,,base.group_multi_company,25,PRIVILEGE_PARTIAL;HAS_XMLID_19
205,293,Vivienda: Rol Responsable,Vivienda,Responsable,6,Multi Currencies,,,,,base.group_multi_currency,25,PRIVILEGE_PARTIAL;HAS_XMLID_19
205,293,Vivienda: Rol Responsable,Vivienda,Responsable,7,Technical Features,,,,,base.group_no_one,25,PRIVILEGE_PARTIAL;HAS_XMLID_19
205,293,Vivienda: Rol Responsable,Vivienda,Responsable,10,Role / Portal,,,,,base.group_portal,25,PRIVILEGE_PARTIAL;HAS_XMLID_19
205,293,Vivienda: Rol Responsable,Vivienda,Responsable,11,Role / Public,,,,,base.group_public,25,PRIVILEGE_PARTIAL;HAS_XMLID_19
205,293,Vivienda: Rol Responsable,Vivienda,Responsable,12,Default access for new users,,,,,base.default_user_group,25,PRIVILEGE_PARTIAL;HAS_XMLID_19
205,293,Vivienda: Rol Responsable,Vivienda,Responsable,13,Technical Documentation,,,,,api_doc.group_allow_doc,25,PRIVILEGE_PARTIAL;HAS_XMLID_19
205,293,Vivienda: Rol Responsable,Vivienda,Responsable,15,Mail Template Editor,,,,,mail.group_mail_template_editor,25,PRIVILEGE_PARTIAL;HAS_XMLID_19
205,293,Vivienda: Rol Responsable,Vivienda,Responsable,16,Receive notifications in Odoo,,,,,mail.group_mail_notification_type_inbox,25,PRIVILEGE_PARTIAL;HAS_XMLID_19
205,293,Vivienda: Rol Responsable,Vivienda,Responsable,25,Menus y Accesos Obsoletos,,,,,sicpro_app_administracion.grupo_app_administracion_obsoletos,25,PRIVILEGE_PARTIAL;HAS_XMLID_19
205,293,Vivienda: Rol Responsable,Vivienda,Responsable,26,Manage Multiple Units of Measure,,,,,uom.group_uom,25,PRIVILEGE_PARTIAL;HAS_XMLID_19
205,293,Vivienda: Rol Responsable,Vivienda,Responsable,27,Analytic Accounting,,,,,analytic.group_analytic_accounting,25,PRIVILEGE_PARTIAL;HAS_XMLID_19
205,293,Vivienda: Rol Responsable,Vivienda,Responsable,32,Use Stages on Project,,,,,project.group_project_stages,25,PRIVILEGE_PARTIAL;HAS_XMLID_19
205,293,Vivienda: Rol Responsable,Vivienda,Responsable,33,Use Recurring Tasks,,,,,project.group_project_recurring_tasks,25,PRIVILEGE_PARTIAL;HAS_XMLID_19
205,293,Vivienda: Rol Responsable,Vivienda,Responsable,34,Use Task Dependencies,,,,,project.group_project_task_dependencies,25,PRIVILEGE_PARTIAL;HAS_XMLID_19
205,293,Vivienda: Rol Responsable,Vivienda,Responsable,35,Use Milestones,,,,,project.group_project_milestone,25,PRIVILEGE_PARTIAL;HAS_XMLID_19
205,293,Vivienda: Rol Responsable,Vivienda,Responsable,44,Consultas Postgres,,,,,sicpro_modulo_querydb.group_querydeluxe,25,PRIVILEGE_PARTIAL;HAS_XMLID_19
205,293,Vivienda: Rol Responsable,Vivienda,Responsable,40,Administrador,11,Salón de Clases,107,Servicios Corporativos,sicpro_app_salon_clases.grupo_app_salon_clases_admin,10,IMPLIED_COMMON:responsable;HAS_XMLID_19
205,293,Vivienda: Rol Responsable,Vivienda,Responsable,49,Administrador,15,CMI,108,Gestión de Producción,sicpro_app_cmi.grupo_app_cmi_admin,10,IMPLIED_COMMON:responsable;HAS_XMLID_19
205,293,Vivienda: Rol Responsable,Vivienda,Responsable,53,Administrador,16,Materiales e Insumos,102,Preparación Técnica,sicpro_app_materiales_insumos.grupo_app_materiales_insumos_admin,10,IMPLIED_COMMON:responsable;HAS_XMLID_19
205,293,Vivienda: Rol Responsable,Vivienda,Responsable,58,Administrador,18,Trabajadores,97,Capital Humano,sicpro_app_trabajadores.grupo_app_trabajador_admin,10,IMPLIED_COMMON:responsable;HAS_XMLID_19
205,293,Vivienda: Rol Responsable,Vivienda,Responsable,61,Administrador,19,Equipo Técnico,97,Capital Humano,sicpro_app_trabajadores.grupo_app_trabajador_equipos_admin,10,IMPLIED_COMMON:responsable;HAS_XMLID_19
205,293,Vivienda: Rol Responsable,Vivienda,Responsable,66,Administrador,20,Disciplinarias,97,Capital Humano,sicpro_app_trabajadores.grupo_app_trabajador_disciplina_admin,10,IMPLIED_COMMON:responsable;HAS_XMLID_19
205,293,Vivienda: Rol Responsable,Vivienda,Responsable,76,Administrador,25,Control,109,Control de la información,sicpro_app_control_informacion.grupo_control_informacion_admin,10,IMPLIED_COMMON:responsable;HAS_XMLID_19
205,293,Vivienda: Rol Responsable,Vivienda,Responsable,79,Administrador,26,Credenciales,97,Capital Humano,sicpro_app_credenciales.grupo_app_credenciales_admin,10,IMPLIED_COMMON:responsable;HAS_XMLID_19
205,293,Vivienda: Rol Responsable,Vivienda,Responsable,83,Administrador,27,Medios Informáticos,112,Informática,sicpro_app_medios_informaticos.grupo_app_medios_informaticos_admin,10,IMPLIED_COMMON:responsable;HAS_XMLID_19
205,293,Vivienda: Rol Responsable,Vivienda,Responsable,89,Administrador,29,Metrología,106,Activos y Herramientas,sicpro_app_metrologia.grupo_app_metrologia_admin,10,IMPLIED_COMMON:responsable;HAS_XMLID_19
205,293,Vivienda: Rol Responsable,Vivienda,Responsable,94,Administrador,30,Repositorio DVPE.,107,Servicios Corporativos,sicpro_app_repositorio_institucional.group_repositorio_institucional_admin,10,IMPLIED_COMMON:responsable;HAS_XMLID_19
205,293,Vivienda: Rol Responsable,Vivienda,Responsable,99,Administrator,31,Reuniones,105,Gestión de Reuniones,sicpro_app_reuniones.group_reuniones_admin,10,IMPLIED_COMMON:responsable;HAS_XMLID_19
205,293,Vivienda: Rol Responsable,Vivienda,Responsable,104,Administrador,32,Servicios Internos,107,Servicios Corporativos,sicpro_app_servicios_internos.grupo_app_internos_admin,10,IMPLIED_COMMON:responsable;HAS_XMLID_19
205,293,Vivienda: Rol Responsable,Vivienda,Responsable,111,Administrador,34,Soporte,113,Soporte Técnico,sicpro_app_soporte.group_soporte_admin,10,IMPLIED_COMMON:responsable;HAS_XMLID_19
205,293,Vivienda: Rol Responsable,Vivienda,Responsable,116,Administrador,36,Transporte,98,Transportación,sicpro_app_transporte.grupo_app_transporte_admin,10,IMPLIED_COMMON:responsable;HAS_XMLID_19
205,293,Vivienda: Rol Responsable,Vivienda,Responsable,122,Administrador,38,Víveres Logística,111,Alimentación,sicpro_app_viveres.grupo_app_viveres_admin,10,IMPLIED_COMMON:responsable;HAS_XMLID_19
205,293,Vivienda: Rol Responsable,Vivienda,Responsable,129,Administrador,40,Clientes,101,Solicitudes de Obras,sicpro_app_clientes.grupo_app_clientes_admin,10,IMPLIED_COMMON:responsable;HAS_XMLID_19
205,293,Vivienda: Rol Responsable,Vivienda,Responsable,140,Administrador,43,Operaciones,110,Programa de la Vivienda,sicpro_app_programa_viviendas.grupo_app_vivienda_admin,10,IMPLIED_COMMON:responsable;HAS_XMLID_19
205,293,Vivienda: Rol Responsable,Vivienda,Responsable,144,Administrador,44,Solicitudes,101,Solicitudes de Obras,sicpro_app_solicitudes.grupo_app_solicitud_admin,10,IMPLIED_COMMON:responsable;HAS_XMLID_19
205,293,Vivienda: Rol Responsable,Vivienda,Responsable,155,Administrador,50,Usuarios Internos,103,Órdenes de Trabajo,sicpro_app_ordenes_trabajo.grupo_ordenes_admin,10,IMPLIED_COMMON:responsable;HAS_XMLID_19
205,293,Vivienda: Rol Responsable,Vivienda,Responsable,168,Administrador,53,Transferencias,104,Gestión de Gastos,sicpro_app_transferencias_gastos.grupo_transferencias_admin,10,IMPLIED_COMMON:responsable;HAS_XMLID_19
206,294,Vivienda: Rol Administrador,Vivienda,Administrador,17,Administrador,4,Administrar SICPRO,94,Administración SICPRO ERP,sicpro_app_administracion.grupo_app_administracion_admin,60,ROLE_NAME_EXACT;HAS_XMLID_19
206,294,Vivienda: Rol Administrador,Vivienda,Administrador,40,Administrador,11,Salón de Clases,107,Servicios Corporativos,sicpro_app_salon_clases.grupo_app_salon_clases_admin,60,ROLE_NAME_EXACT;HAS_XMLID_19
206,294,Vivienda: Rol Administrador,Vivienda,Administrador,42,Administrador,12,Registros de auditoría,115,Registro de auditoría,sicpro_modulo_auditorias.group_auditlog_manager,60,ROLE_NAME_EXACT;HAS_XMLID_19
206,294,Vivienda: Rol Administrador,Vivienda,Administrador,43,Administrador,13,Nomencladores,94,Administración SICPRO ERP,sicpro_modulo_nomencladores.grupo_sicpro_nomencladores_admin,60,ROLE_NAME_EXACT;HAS_XMLID_19
206,294,Vivienda: Rol Administrador,Vivienda,Administrador,49,Administrador,15,CMI,108,Gestión de Producción,sicpro_app_cmi.grupo_app_cmi_admin,60,ROLE_NAME_EXACT;HAS_XMLID_19
206,294,Vivienda: Rol Administrador,Vivienda,Administrador,53,Administrador,16,Materiales e Insumos,102,Preparación Técnica,sicpro_app_materiales_insumos.grupo_app_materiales_insumos_admin,60,ROLE_NAME_EXACT;HAS_XMLID_19
206,294,Vivienda: Rol Administrador,Vivienda,Administrador,58,Administrador,18,Trabajadores,97,Capital Humano,sicpro_app_trabajadores.grupo_app_trabajador_admin,60,ROLE_NAME_EXACT;HAS_XMLID_19
206,294,Vivienda: Rol Administrador,Vivienda,Administrador,61,Administrador,19,Equipo Técnico,97,Capital Humano,sicpro_app_trabajadores.grupo_app_trabajador_equipos_admin,60,ROLE_NAME_EXACT;HAS_XMLID_19
206,294,Vivienda: Rol Administrador,Vivienda,Administrador,66,Administrador,20,Disciplinarias,97,Capital Humano,sicpro_app_trabajadores.grupo_app_trabajador_disciplina_admin,60,ROLE_NAME_EXACT;HAS_XMLID_19
206,294,Vivienda: Rol Administrador,Vivienda,Administrador,76,Administrador,25,Control,109,Control de la información,sicpro_app_control_informacion.grupo_control_informacion_admin,60,ROLE_NAME_EXACT;HAS_XMLID_19
206,294,Vivienda: Rol Administrador,Vivienda,Administrador,79,Administrador,26,Credenciales,97,Capital Humano,sicpro_app_credenciales.grupo_app_credenciales_admin,60,ROLE_NAME_EXACT;HAS_XMLID_19
206,294,Vivienda: Rol Administrador,Vivienda,Administrador,83,Administrador,27,Medios Informáticos,112,Informática,sicpro_app_medios_informaticos.grupo_app_medios_informaticos_admin,60,ROLE_NAME_EXACT;HAS_XMLID_19
206,294,Vivienda: Rol Administrador,Vivienda,Administrador,89,Administrador,29,Metrología,106,Activos y Herramientas,sicpro_app_metrologia.grupo_app_metrologia_admin,60,ROLE_NAME_EXACT;HAS_XMLID_19
206,294,Vivienda: Rol Administrador,Vivienda,Administrador,94,Administrador,30,Repositorio DVPE.,107,Servicios Corporativos,sicpro_app_repositorio_institucional.group_repositorio_institucional_admin,60,ROLE_NAME_EXACT;HAS_XMLID_19
206,294,Vivienda: Rol Administrador,Vivienda,Administrador,104,Administrador,32,Servicios Internos,107,Servicios Corporativos,sicpro_app_servicios_internos.grupo_app_internos_admin,60,ROLE_NAME_EXACT;HAS_XMLID_19
206,294,Vivienda: Rol Administrador,Vivienda,Administrador,111,Administrador,34,Soporte,113,Soporte Técnico,sicpro_app_soporte.group_soporte_admin,60,ROLE_NAME_EXACT;HAS_XMLID_19
206,294,Vivienda: Rol Administrador,Vivienda,Administrador,116,Administrador,36,Transporte,98,Transportación,sicpro_app_transporte.grupo_app_transporte_admin,60,ROLE_NAME_EXACT;HAS_XMLID_19
206,294,Vivienda: Rol Administrador,Vivienda,Administrador,122,Administrador,38,Víveres Logística,111,Alimentación,sicpro_app_viveres.grupo_app_viveres_admin,60,ROLE_NAME_EXACT;HAS_XMLID_19
206,294,Vivienda: Rol Administrador,Vivienda,Administrador,129,Administrador,40,Clientes,101,Solicitudes de Obras,sicpro_app_clientes.grupo_app_clientes_admin,60,ROLE_NAME_EXACT;HAS_XMLID_19
206,294,Vivienda: Rol Administrador,Vivienda,Administrador,132,Administrador,41,Instrucciones,97,Capital Humano,sicpro_app_instrucciones.grupo_app_instruciones_admin,60,ROLE_NAME_EXACT;HAS_XMLID_19
206,294,Vivienda: Rol Administrador,Vivienda,Administrador,140,Administrador,43,Operaciones,110,Programa de la Vivienda,sicpro_app_programa_viviendas.grupo_app_vivienda_admin,60,ROLE_NAME_EXACT;HAS_XMLID_19
206,294,Vivienda: Rol Administrador,Vivienda,Administrador,144,Administrador,44,Solicitudes,101,Solicitudes de Obras,sicpro_app_solicitudes.grupo_app_solicitud_admin,60,ROLE_NAME_EXACT;HAS_XMLID_19
206,294,Vivienda: Rol Administrador,Vivienda,Administrador,155,Administrador,50,Usuarios Internos,103,Órdenes de Trabajo,sicpro_app_ordenes_trabajo.grupo_ordenes_admin,60,ROLE_NAME_EXACT;HAS_XMLID_19
206,294,Vivienda: Rol Administrador,Vivienda,Administrador,168,Administrador,53,Transferencias,104,Gestión de Gastos,sicpro_app_transferencias_gastos.grupo_transferencias_admin,60,ROLE_NAME_EXACT;HAS_XMLID_19
206,294,Vivienda: Rol Administrador,Vivienda,Administrador,4,Role / Administrator,,,,,base.group_system,35,PRIVILEGE_PARTIAL;IMPLIED_COMMON:administrador;HAS_XMLID_19
206,294,Vivienda: Rol Administrador,Vivienda,Administrador,1,Role / User,,,,,base.group_user,25,PRIVILEGE_PARTIAL;HAS_XMLID_19
206,294,Vivienda: Rol Administrador,Vivienda,Administrador,2,Access Rights,,,,,base.group_erp_manager,25,PRIVILEGE_PARTIAL;HAS_XMLID_19
206,294,Vivienda: Rol Administrador,Vivienda,Administrador,3,Bypass HTML Field Sanitize,,,,,base.group_sanitize_override,25,PRIVILEGE_PARTIAL;HAS_XMLID_19
206,294,Vivienda: Rol Administrador,Vivienda,Administrador,5,Multi Companies,,,,,base.group_multi_company,25,PRIVILEGE_PARTIAL;HAS_XMLID_19
206,294,Vivienda: Rol Administrador,Vivienda,Administrador,6,Multi Currencies,,,,,base.group_multi_currency,25,PRIVILEGE_PARTIAL;HAS_XMLID_19
206,294,Vivienda: Rol Administrador,Vivienda,Administrador,7,Technical Features,,,,,base.group_no_one,25,PRIVILEGE_PARTIAL;HAS_XMLID_19
206,294,Vivienda: Rol Administrador,Vivienda,Administrador,10,Role / Portal,,,,,base.group_portal,25,PRIVILEGE_PARTIAL;HAS_XMLID_19
206,294,Vivienda: Rol Administrador,Vivienda,Administrador,11,Role / Public,,,,,base.group_public,25,PRIVILEGE_PARTIAL;HAS_XMLID_19
206,294,Vivienda: Rol Administrador,Vivienda,Administrador,12,Default access for new users,,,,,base.default_user_group,25,PRIVILEGE_PARTIAL;HAS_XMLID_19
206,294,Vivienda: Rol Administrador,Vivienda,Administrador,13,Technical Documentation,,,,,api_doc.group_allow_doc,25,PRIVILEGE_PARTIAL;HAS_XMLID_19
206,294,Vivienda: Rol Administrador,Vivienda,Administrador,15,Mail Template Editor,,,,,mail.group_mail_template_editor,25,PRIVILEGE_PARTIAL;HAS_XMLID_19
206,294,Vivienda: Rol Administrador,Vivienda,Administrador,16,Receive notifications in Odoo,,,,,mail.group_mail_notification_type_inbox,25,PRIVILEGE_PARTIAL;HAS_XMLID_19
206,294,Vivienda: Rol Administrador,Vivienda,Administrador,25,Menus y Accesos Obsoletos,,,,,sicpro_app_administracion.grupo_app_administracion_obsoletos,25,PRIVILEGE_PARTIAL;HAS_XMLID_19
206,294,Vivienda: Rol Administrador,Vivienda,Administrador,26,Manage Multiple Units of Measure,,,,,uom.group_uom,25,PRIVILEGE_PARTIAL;HAS_XMLID_19
206,294,Vivienda: Rol Administrador,Vivienda,Administrador,27,Analytic Accounting,,,,,analytic.group_analytic_accounting,25,PRIVILEGE_PARTIAL;HAS_XMLID_19
206,294,Vivienda: Rol Administrador,Vivienda,Administrador,32,Use Stages on Project,,,,,project.group_project_stages,25,PRIVILEGE_PARTIAL;HAS_XMLID_19
206,294,Vivienda: Rol Administrador,Vivienda,Administrador,33,Use Recurring Tasks,,,,,project.group_project_recurring_tasks,25,PRIVILEGE_PARTIAL;HAS_XMLID_19
206,294,Vivienda: Rol Administrador,Vivienda,Administrador,34,Use Task Dependencies,,,,,project.group_project_task_dependencies,25,PRIVILEGE_PARTIAL;HAS_XMLID_19
206,294,Vivienda: Rol Administrador,Vivienda,Administrador,35,Use Milestones,,,,,project.group_project_milestone,25,PRIVILEGE_PARTIAL;HAS_XMLID_19
206,294,Vivienda: Rol Administrador,Vivienda,Administrador,44,Consultas Postgres,,,,,sicpro_modulo_querydb.group_querydeluxe,25,PRIVILEGE_PARTIAL;HAS_XMLID_19
207,302,Solicitudes: Rol Especialista Ejecutante,Solicitudes,Especialista Ejecutante,141,Usuarios,44,Solicitudes,101,Solicitudes de Obras,sicpro_app_solicitudes.grupo_app_solicitud_usuario,50,PRIVILEGE_EXACT;HAS_XMLID_19
207,302,Solicitudes: Rol Especialista Ejecutante,Solicitudes,Especialista Ejecutante,142,Administrativos,44,Solicitudes,101,Solicitudes de Obras,sicpro_app_solicitudes.grupo_app_solicitud_usuario_vertodo,50,PRIVILEGE_EXACT;HAS_XMLID_19
207,302,Solicitudes: Rol Especialista Ejecutante,Solicitudes,Especialista Ejecutante,143,Responsable,44,Solicitudes,101,Solicitudes de Obras,sicpro_app_solicitudes.grupo_app_solicitud_responsable,50,PRIVILEGE_EXACT;HAS_XMLID_19
207,302,Solicitudes: Rol Especialista Ejecutante,Solicitudes,Especialista Ejecutante,144,Administrador,44,Solicitudes,101,Solicitudes de Obras,sicpro_app_solicitudes.grupo_app_solicitud_admin,50,PRIVILEGE_EXACT;HAS_XMLID_19
207,302,Solicitudes: Rol Especialista Ejecutante,Solicitudes,Especialista Ejecutante,150,Ejecutante,49,Especialista Ejecutor,101,Solicitudes de Obras,sicpro_app_solicitudes.grupo_app_grupos_ejecutante,35,ROLE_NAME_PARTIAL;HAS_XMLID_19
207,302,Solicitudes: Rol Especialista Ejecutante,Solicitudes,Especialista Ejecutante,1,Role / User,,,,,base.group_user,25,PRIVILEGE_PARTIAL;HAS_XMLID_19
207,302,Solicitudes: Rol Especialista Ejecutante,Solicitudes,Especialista Ejecutante,2,Access Rights,,,,,base.group_erp_manager,25,PRIVILEGE_PARTIAL;HAS_XMLID_19
207,302,Solicitudes: Rol Especialista Ejecutante,Solicitudes,Especialista Ejecutante,3,Bypass HTML Field Sanitize,,,,,base.group_sanitize_override,25,PRIVILEGE_PARTIAL;HAS_XMLID_19
207,302,Solicitudes: Rol Especialista Ejecutante,Solicitudes,Especialista Ejecutante,4,Role / Administrator,,,,,base.group_system,25,PRIVILEGE_PARTIAL;HAS_XMLID_19
207,302,Solicitudes: Rol Especialista Ejecutante,Solicitudes,Especialista Ejecutante,5,Multi Companies,,,,,base.group_multi_company,25,PRIVILEGE_PARTIAL;HAS_XMLID_19
207,302,Solicitudes: Rol Especialista Ejecutante,Solicitudes,Especialista Ejecutante,6,Multi Currencies,,,,,base.group_multi_currency,25,PRIVILEGE_PARTIAL;HAS_XMLID_19
207,302,Solicitudes: Rol Especialista Ejecutante,Solicitudes,Especialista Ejecutante,7,Technical Features,,,,,base.group_no_one,25,PRIVILEGE_PARTIAL;HAS_XMLID_19
207,302,Solicitudes: Rol Especialista Ejecutante,Solicitudes,Especialista Ejecutante,10,Role / Portal,,,,,base.group_portal,25,PRIVILEGE_PARTIAL;HAS_XMLID_19
207,302,Solicitudes: Rol Especialista Ejecutante,Solicitudes,Especialista Ejecutante,11,Role / Public,,,,,base.group_public,25,PRIVILEGE_PARTIAL;HAS_XMLID_19
207,302,Solicitudes: Rol Especialista Ejecutante,Solicitudes,Especialista Ejecutante,12,Default access for new users,,,,,base.default_user_group,25,PRIVILEGE_PARTIAL;HAS_XMLID_19
207,302,Solicitudes: Rol Especialista Ejecutante,Solicitudes,Especialista Ejecutante,13,Technical Documentation,,,,,api_doc.group_allow_doc,25,PRIVILEGE_PARTIAL;HAS_XMLID_19
207,302,Solicitudes: Rol Especialista Ejecutante,Solicitudes,Especialista Ejecutante,15,Mail Template Editor,,,,,mail.group_mail_template_editor,25,PRIVILEGE_PARTIAL;HAS_XMLID_19
207,302,Solicitudes: Rol Especialista Ejecutante,Solicitudes,Especialista Ejecutante,16,Receive notifications in Odoo,,,,,mail.group_mail_notification_type_inbox,25,PRIVILEGE_PARTIAL;HAS_XMLID_19
207,302,Solicitudes: Rol Especialista Ejecutante,Solicitudes,Especialista Ejecutante,25,Menus y Accesos Obsoletos,,,,,sicpro_app_administracion.grupo_app_administracion_obsoletos,25,PRIVILEGE_PARTIAL;HAS_XMLID_19
207,302,Solicitudes: Rol Especialista Ejecutante,Solicitudes,Especialista Ejecutante,26,Manage Multiple Units of Measure,,,,,uom.group_uom,25,PRIVILEGE_PARTIAL;HAS_XMLID_19
207,302,Solicitudes: Rol Especialista Ejecutante,Solicitudes,Especialista Ejecutante,27,Analytic Accounting,,,,,analytic.group_analytic_accounting,25,PRIVILEGE_PARTIAL;HAS_XMLID_19
207,302,Solicitudes: Rol Especialista Ejecutante,Solicitudes,Especialista Ejecutante,32,Use Stages on Project,,,,,project.group_project_stages,25,PRIVILEGE_PARTIAL;HAS_XMLID_19
207,302,Solicitudes: Rol Especialista Ejecutante,Solicitudes,Especialista Ejecutante,33,Use Recurring Tasks,,,,,project.group_project_recurring_tasks,25,PRIVILEGE_PARTIAL;HAS_XMLID_19
207,302,Solicitudes: Rol Especialista Ejecutante,Solicitudes,Especialista Ejecutante,34,Use Task Dependencies,,,,,project.group_project_task_dependencies,25,PRIVILEGE_PARTIAL;HAS_XMLID_19
207,302,Solicitudes: Rol Especialista Ejecutante,Solicitudes,Especialista Ejecutante,35,Use Milestones,,,,,project.group_project_milestone,25,PRIVILEGE_PARTIAL;HAS_XMLID_19
207,302,Solicitudes: Rol Especialista Ejecutante,Solicitudes,Especialista Ejecutante,44,Consultas Postgres,,,,,sicpro_modulo_querydb.group_querydeluxe,25,PRIVILEGE_PARTIAL;HAS_XMLID_19
207,302,Solicitudes: Rol Especialista Ejecutante,Solicitudes,Especialista Ejecutante,105,Usuario,33,Solicitudes de S.I.,107,Servicios Corporativos,sicpro_app_servicios_internos.grupo_app_internos_solicitudes_usuario,25,PRIVILEGE_PARTIAL;HAS_XMLID_19
207,302,Solicitudes: Rol Especialista Ejecutante,Solicitudes,Especialista Ejecutante,106,Ejecutor de Solicitud,33,Solicitudes de S.I.,107,Servicios Corporativos,sicpro_app_servicios_internos.grupo_app_internos_solicitudes_ejecutor,25,PRIVILEGE_PARTIAL;HAS_XMLID_19
207,302,Solicitudes: Rol Especialista Ejecutante,Solicitudes,Especialista Ejecutante,107,Revisión de Solicitud,33,Solicitudes de S.I.,107,Servicios Corporativos,sicpro_app_servicios_internos.grupo_app_internos_solicitudes_revision,25,PRIVILEGE_PARTIAL;HAS_XMLID_19
207,302,Solicitudes: Rol Especialista Ejecutante,Solicitudes,Especialista Ejecutante,108,Validación de Solicitud,33,Solicitudes de S.I.,107,Servicios Corporativos,sicpro_app_servicios_internos.grupo_app_internos_solicitudes_validar,25,PRIVILEGE_PARTIAL;HAS_XMLID_19
207,302,Solicitudes: Rol Especialista Ejecutante,Solicitudes,Especialista Ejecutante,151,Responsable,49,Especialista Ejecutor,101,Solicitudes de Obras,sicpro_app_solicitudes.grupo_app_grupos_ejecutor,10,IMPLIED_COMMON:ejecutante;HAS_XMLID_19
208,303,Repositorio: Usuario,,Repositorio: Usuario,36,Usuario,10,Gestor Documental,107,Servicios Corporativos,sicpro_app_gestor_documental.group_document_user,35,ROLE_NAME_PARTIAL;HAS_XMLID_19
208,303,Repositorio: Usuario,,Repositorio: Usuario,38,Usuario,11,Salón de Clases,107,Servicios Corporativos,sicpro_app_salon_clases.grupo_app_salon_clases_usuario,35,ROLE_NAME_PARTIAL;HAS_XMLID_19
208,303,Repositorio: Usuario,,Repositorio: Usuario,41,Usuario,12,Registros de auditoría,115,Registro de auditoría,sicpro_modulo_auditorias.group_auditlog_user,35,ROLE_NAME_PARTIAL;HAS_XMLID_19
208,303,Repositorio: Usuario,,Repositorio: Usuario,90,Usuario,30,Repositorio DVPE.,107,Servicios Corporativos,sicpro_app_repositorio_institucional.group_repositorio_institucional_user,35,ROLE_NAME_PARTIAL;HAS_XMLID_19
208,303,Repositorio: Usuario,,Repositorio: Usuario,95,Usuario,31,Reuniones,105,Gestión de Reuniones,sicpro_app_reuniones.group_reuniones_usuario,35,ROLE_NAME_PARTIAL;HAS_XMLID_19
208,303,Repositorio: Usuario,,Repositorio: Usuario,100,Usuario,32,Servicios Internos,107,Servicios Corporativos,sicpro_app_servicios_internos.grupo_app_internos_usuario,35,ROLE_NAME_PARTIAL;HAS_XMLID_19
208,303,Repositorio: Usuario,,Repositorio: Usuario,105,Usuario,33,Solicitudes de S.I.,107,Servicios Corporativos,sicpro_app_servicios_internos.grupo_app_internos_solicitudes_usuario,35,ROLE_NAME_PARTIAL;HAS_XMLID_19
208,303,Repositorio: Usuario,,Repositorio: Usuario,134,Usuario,43,Operaciones,110,Programa de la Vivienda,sicpro_app_programa_viviendas.grupo_app_vivienda_visualizar,35,ROLE_NAME_PARTIAL;HAS_XMLID_19
208,303,Repositorio: Usuario,,Repositorio: Usuario,37,Ejecutor,10,Gestor Documental,107,Servicios Corporativos,sicpro_app_gestor_documental.group_document_manager,10,IMPLIED_COMMON:usuario;HAS_XMLID_19
208,303,Repositorio: Usuario,,Repositorio: Usuario,39,Responsable,11,Salón de Clases,107,Servicios Corporativos,sicpro_app_salon_clases.grupo_app_salon_clases_responsable,10,IMPLIED_COMMON:usuario;HAS_XMLID_19
208,303,Repositorio: Usuario,,Repositorio: Usuario,42,Administrador,12,Registros de auditoría,115,Registro de auditoría,sicpro_modulo_auditorias.group_auditlog_manager,10,IMPLIED_COMMON:usuario;HAS_XMLID_19
208,303,Repositorio: Usuario,,Repositorio: Usuario,91,Creador,30,Repositorio DVPE.,107,Servicios Corporativos,sicpro_app_repositorio_institucional.group_repositorio_institucional_creador,10,IMPLIED_COMMON:usuario;HAS_XMLID_19
208,303,Repositorio: Usuario,,Repositorio: Usuario,96,Secretaria,31,Reuniones,105,Gestión de Reuniones,sicpro_app_reuniones.group_reuniones_secretaria,10,IMPLIED_COMMON:usuario;HAS_XMLID_19
208,303,Repositorio: Usuario,,Repositorio: Usuario,101,Ejecutor de Servicios,32,Servicios Internos,107,Servicios Corporativos,sicpro_app_servicios_internos.grupo_app_internos_ejecutor_servicios,10,IMPLIED_COMMON:usuario;HAS_XMLID_19
208,303,Repositorio: Usuario,,Repositorio: Usuario,106,Ejecutor de Solicitud,33,Solicitudes de S.I.,107,Servicios Corporativos,sicpro_app_servicios_internos.grupo_app_internos_solicitudes_ejecutor,10,IMPLIED_COMMON:usuario;HAS_XMLID_19
208,303,Repositorio: Usuario,,Repositorio: Usuario,135,Secretario general,43,Operaciones,110,Programa de la Vivienda,sicpro_app_programa_viviendas.grupo_app_vivienda_secretario_general,10,IMPLIED_COMMON:usuario;HAS_XMLID_19
209,304,Repositorio: Creador,,Repositorio: Creador,91,Creador,30,Repositorio DVPE.,107,Servicios Corporativos,sicpro_app_repositorio_institucional.group_repositorio_institucional_creador,35,ROLE_NAME_PARTIAL;HAS_XMLID_19
209,304,Repositorio: Creador,,Repositorio: Creador,92,Validación,30,Repositorio DVPE.,107,Servicios Corporativos,sicpro_app_repositorio_institucional.group_repositorio_institucional_validar,10,IMPLIED_COMMON:creador;HAS_XMLID_19
210,305,Repositorio: Validación,,Repositorio: Validación,92,Validación,30,Repositorio DVPE.,107,Servicios Corporativos,sicpro_app_repositorio_institucional.group_repositorio_institucional_validar,35,ROLE_NAME_PARTIAL;HAS_XMLID_19
210,305,Repositorio: Validación,,Repositorio: Validación,93,Responsable,30,Repositorio DVPE.,107,Servicios Corporativos,sicpro_app_repositorio_institucional.group_repositorio_institucional_responsable,10,IMPLIED_COMMON:validacion;HAS_XMLID_19
211,306,Repositorio: Responsable,,Repositorio: Responsable,39,Responsable,11,Salón de Clases,107,Servicios Corporativos,sicpro_app_salon_clases.grupo_app_salon_clases_responsable,35,ROLE_NAME_PARTIAL;HAS_XMLID_19
211,306,Repositorio: Responsable,,Repositorio: Responsable,48,Responsable,15,CMI,108,Gestión de Producción,sicpro_app_cmi.grupo_app_cmi_responsable,35,ROLE_NAME_PARTIAL;HAS_XMLID_19
211,306,Repositorio: Responsable,,Repositorio: Responsable,52,Responsable,16,Materiales e Insumos,102,Preparación Técnica,sicpro_app_materiales_insumos.grupo_app_materiales_insumos_responsable,35,ROLE_NAME_PARTIAL;HAS_XMLID_19
211,306,Repositorio: Responsable,,Repositorio: Responsable,57,Responsable,18,Trabajadores,97,Capital Humano,sicpro_app_trabajadores.grupo_app_trabajador_responsable,35,ROLE_NAME_PARTIAL;HAS_XMLID_19
211,306,Repositorio: Responsable,,Repositorio: Responsable,60,Responsable,19,Equipo Técnico,97,Capital Humano,sicpro_app_trabajadores.grupo_app_trabajador_equipos_responsable,35,ROLE_NAME_PARTIAL;HAS_XMLID_19
211,306,Repositorio: Responsable,,Repositorio: Responsable,65,Responsable,20,Disciplinarias,97,Capital Humano,sicpro_app_trabajadores.grupo_app_trabajador_disciplina_responsable,35,ROLE_NAME_PARTIAL;HAS_XMLID_19
211,306,Repositorio: Responsable,,Repositorio: Responsable,68,Responsable,21,Capacitación,97,Capital Humano,sicpro_app_trabajadores.grupo_app_trabajador_capacitacion_responsable,35,ROLE_NAME_PARTIAL;HAS_XMLID_19
211,306,Repositorio: Responsable,,Repositorio: Responsable,70,Responsable,22,Seguridad y Salud,97,Capital Humano,sicpro_app_trabajadores.grupo_app_trabajador_seguridad_salud_responsable,35,ROLE_NAME_PARTIAL;HAS_XMLID_19
211,306,Repositorio: Responsable,,Repositorio: Responsable,75,Responsable,25,Control,109,Control de la información,sicpro_app_control_informacion.grupo_control_informacion_responsable,35,ROLE_NAME_PARTIAL;HAS_XMLID_19
211,306,Repositorio: Responsable,,Repositorio: Responsable,78,Responsable,26,Credenciales,97,Capital Humano,sicpro_app_credenciales.grupo_app_credenciales_responsable,35,ROLE_NAME_PARTIAL;HAS_XMLID_19
211,306,Repositorio: Responsable,,Repositorio: Responsable,82,Responsable,27,Medios Informáticos,112,Informática,sicpro_app_medios_informaticos.grupo_app_medios_informaticos_responsable,35,ROLE_NAME_PARTIAL;HAS_XMLID_19
211,306,Repositorio: Responsable,,Repositorio: Responsable,88,Responsable,29,Metrología,106,Activos y Herramientas,sicpro_app_metrologia.grupo_app_metrologia_responsable,35,ROLE_NAME_PARTIAL;HAS_XMLID_19
211,306,Repositorio: Responsable,,Repositorio: Responsable,93,Responsable,30,Repositorio DVPE.,107,Servicios Corporativos,sicpro_app_repositorio_institucional.group_repositorio_institucional_responsable,35,ROLE_NAME_PARTIAL;HAS_XMLID_19
211,306,Repositorio: Responsable,,Repositorio: Responsable,98,Responsable,31,Reuniones,105,Gestión de Reuniones,sicpro_app_reuniones.group_reuniones_responsable,35,ROLE_NAME_PARTIAL;HAS_XMLID_19
211,306,Repositorio: Responsable,,Repositorio: Responsable,103,Responsable,32,Servicios Internos,107,Servicios Corporativos,sicpro_app_servicios_internos.grupo_app_internos_responsable,35,ROLE_NAME_PARTIAL;HAS_XMLID_19
211,306,Repositorio: Responsable,,Repositorio: Responsable,110,Responsable,34,Soporte,113,Soporte Técnico,sicpro_app_soporte.group_soporte_responsable,35,ROLE_NAME_PARTIAL;HAS_XMLID_19
211,306,Repositorio: Responsable,,Repositorio: Responsable,115,Responsable,36,Transporte,98,Transportación,sicpro_app_transporte.grupo_app_transporte_responsable,35,ROLE_NAME_PARTIAL;HAS_XMLID_19
211,306,Repositorio: Responsable,,Repositorio: Responsable,121,Responsable,38,Víveres Logística,111,Alimentación,sicpro_app_viveres.grupo_app_viveres_resumen_responsable,35,ROLE_NAME_PARTIAL;HAS_XMLID_19
211,306,Repositorio: Responsable,,Repositorio: Responsable,128,Responsable,40,Clientes,101,Solicitudes de Obras,sicpro_app_clientes.grupo_app_clientes_responsable,35,ROLE_NAME_PARTIAL;HAS_XMLID_19
211,306,Repositorio: Responsable,,Repositorio: Responsable,139,Responsable,43,Operaciones,110,Programa de la Vivienda,sicpro_app_programa_viviendas.grupo_app_vivienda_responsable,35,ROLE_NAME_PARTIAL;HAS_XMLID_19
211,306,Repositorio: Responsable,,Repositorio: Responsable,143,Responsable,44,Solicitudes,101,Solicitudes de Obras,sicpro_app_solicitudes.grupo_app_solicitud_responsable,35,ROLE_NAME_PARTIAL;HAS_XMLID_19
211,306,Repositorio: Responsable,,Repositorio: Responsable,151,Responsable,49,Especialista Ejecutor,101,Solicitudes de Obras,sicpro_app_solicitudes.grupo_app_grupos_ejecutor,35,ROLE_NAME_PARTIAL;HAS_XMLID_19
211,306,Repositorio: Responsable,,Repositorio: Responsable,154,Responsable,50,Usuarios Internos,103,Órdenes de Trabajo,sicpro_app_ordenes_trabajo.grupo_ordenes_responsable,35,ROLE_NAME_PARTIAL;HAS_XMLID_19
211,306,Repositorio: Responsable,,Repositorio: Responsable,167,Responsable,53,Transferencias,104,Gestión de Gastos,sicpro_app_transferencias_gastos.grupo_transferencias_responsable,35,ROLE_NAME_PARTIAL;HAS_XMLID_19
211,306,Repositorio: Responsable,,Repositorio: Responsable,40,Administrador,11,Salón de Clases,107,Servicios Corporativos,sicpro_app_salon_clases.grupo_app_salon_clases_admin,10,IMPLIED_COMMON:responsable;HAS_XMLID_19
211,306,Repositorio: Responsable,,Repositorio: Responsable,49,Administrador,15,CMI,108,Gestión de Producción,sicpro_app_cmi.grupo_app_cmi_admin,10,IMPLIED_COMMON:responsable;HAS_XMLID_19
211,306,Repositorio: Responsable,,Repositorio: Responsable,53,Administrador,16,Materiales e Insumos,102,Preparación Técnica,sicpro_app_materiales_insumos.grupo_app_materiales_insumos_admin,10,IMPLIED_COMMON:responsable;HAS_XMLID_19
211,306,Repositorio: Responsable,,Repositorio: Responsable,58,Administrador,18,Trabajadores,97,Capital Humano,sicpro_app_trabajadores.grupo_app_trabajador_admin,10,IMPLIED_COMMON:responsable;HAS_XMLID_19
211,306,Repositorio: Responsable,,Repositorio: Responsable,61,Administrador,19,Equipo Técnico,97,Capital Humano,sicpro_app_trabajadores.grupo_app_trabajador_equipos_admin,10,IMPLIED_COMMON:responsable;HAS_XMLID_19
211,306,Repositorio: Responsable,,Repositorio: Responsable,66,Administrador,20,Disciplinarias,97,Capital Humano,sicpro_app_trabajadores.grupo_app_trabajador_disciplina_admin,10,IMPLIED_COMMON:responsable;HAS_XMLID_19
211,306,Repositorio: Responsable,,Repositorio: Responsable,76,Administrador,25,Control,109,Control de la información,sicpro_app_control_informacion.grupo_control_informacion_admin,10,IMPLIED_COMMON:responsable;HAS_XMLID_19
211,306,Repositorio: Responsable,,Repositorio: Responsable,79,Administrador,26,Credenciales,97,Capital Humano,sicpro_app_credenciales.grupo_app_credenciales_admin,10,IMPLIED_COMMON:responsable;HAS_XMLID_19
211,306,Repositorio: Responsable,,Repositorio: Responsable,83,Administrador,27,Medios Informáticos,112,Informática,sicpro_app_medios_informaticos.grupo_app_medios_informaticos_admin,10,IMPLIED_COMMON:responsable;HAS_XMLID_19
211,306,Repositorio: Responsable,,Repositorio: Responsable,89,Administrador,29,Metrología,106,Activos y Herramientas,sicpro_app_metrologia.grupo_app_metrologia_admin,10,IMPLIED_COMMON:responsable;HAS_XMLID_19
211,306,Repositorio: Responsable,,Repositorio: Responsable,94,Administrador,30,Repositorio DVPE.,107,Servicios Corporativos,sicpro_app_repositorio_institucional.group_repositorio_institucional_admin,10,IMPLIED_COMMON:responsable;HAS_XMLID_19
211,306,Repositorio: Responsable,,Repositorio: Responsable,99,Administrator,31,Reuniones,105,Gestión de Reuniones,sicpro_app_reuniones.group_reuniones_admin,10,IMPLIED_COMMON:responsable;HAS_XMLID_19
211,306,Repositorio: Responsable,,Repositorio: Responsable,104,Administrador,32,Servicios Internos,107,Servicios Corporativos,sicpro_app_servicios_internos.grupo_app_internos_admin,10,IMPLIED_COMMON:responsable;HAS_XMLID_19
211,306,Repositorio: Responsable,,Repositorio: Responsable,111,Administrador,34,Soporte,113,Soporte Técnico,sicpro_app_soporte.group_soporte_admin,10,IMPLIED_COMMON:responsable;HAS_XMLID_19
211,306,Repositorio: Responsable,,Repositorio: Responsable,116,Administrador,36,Transporte,98,Transportación,sicpro_app_transporte.grupo_app_transporte_admin,10,IMPLIED_COMMON:responsable;HAS_XMLID_19
211,306,Repositorio: Responsable,,Repositorio: Responsable,122,Administrador,38,Víveres Logística,111,Alimentación,sicpro_app_viveres.grupo_app_viveres_admin,10,IMPLIED_COMMON:responsable;HAS_XMLID_19
211,306,Repositorio: Responsable,,Repositorio: Responsable,129,Administrador,40,Clientes,101,Solicitudes de Obras,sicpro_app_clientes.grupo_app_clientes_admin,10,IMPLIED_COMMON:responsable;HAS_XMLID_19
211,306,Repositorio: Responsable,,Repositorio: Responsable,140,Administrador,43,Operaciones,110,Programa de la Vivienda,sicpro_app_programa_viviendas.grupo_app_vivienda_admin,10,IMPLIED_COMMON:responsable;HAS_XMLID_19
211,306,Repositorio: Responsable,,Repositorio: Responsable,144,Administrador,44,Solicitudes,101,Solicitudes de Obras,sicpro_app_solicitudes.grupo_app_solicitud_admin,10,IMPLIED_COMMON:responsable;HAS_XMLID_19
211,306,Repositorio: Responsable,,Repositorio: Responsable,155,Administrador,50,Usuarios Internos,103,Órdenes de Trabajo,sicpro_app_ordenes_trabajo.grupo_ordenes_admin,10,IMPLIED_COMMON:responsable;HAS_XMLID_19
211,306,Repositorio: Responsable,,Repositorio: Responsable,168,Administrador,53,Transferencias,104,Gestión de Gastos,sicpro_app_transferencias_gastos.grupo_transferencias_admin,10,IMPLIED_COMMON:responsable;HAS_XMLID_19
212,307,Repositorio: Administrador,,Repositorio: Administrador,17,Administrador,4,Administrar SICPRO,94,Administración SICPRO ERP,sicpro_app_administracion.grupo_app_administracion_admin,35,ROLE_NAME_PARTIAL;HAS_XMLID_19
212,307,Repositorio: Administrador,,Repositorio: Administrador,40,Administrador,11,Salón de Clases,107,Servicios Corporativos,sicpro_app_salon_clases.grupo_app_salon_clases_admin,35,ROLE_NAME_PARTIAL;HAS_XMLID_19
212,307,Repositorio: Administrador,,Repositorio: Administrador,42,Administrador,12,Registros de auditoría,115,Registro de auditoría,sicpro_modulo_auditorias.group_auditlog_manager,35,ROLE_NAME_PARTIAL;HAS_XMLID_19
212,307,Repositorio: Administrador,,Repositorio: Administrador,43,Administrador,13,Nomencladores,94,Administración SICPRO ERP,sicpro_modulo_nomencladores.grupo_sicpro_nomencladores_admin,35,ROLE_NAME_PARTIAL;HAS_XMLID_19
212,307,Repositorio: Administrador,,Repositorio: Administrador,49,Administrador,15,CMI,108,Gestión de Producción,sicpro_app_cmi.grupo_app_cmi_admin,35,ROLE_NAME_PARTIAL;HAS_XMLID_19
212,307,Repositorio: Administrador,,Repositorio: Administrador,53,Administrador,16,Materiales e Insumos,102,Preparación Técnica,sicpro_app_materiales_insumos.grupo_app_materiales_insumos_admin,35,ROLE_NAME_PARTIAL;HAS_XMLID_19
212,307,Repositorio: Administrador,,Repositorio: Administrador,58,Administrador,18,Trabajadores,97,Capital Humano,sicpro_app_trabajadores.grupo_app_trabajador_admin,35,ROLE_NAME_PARTIAL;HAS_XMLID_19
212,307,Repositorio: Administrador,,Repositorio: Administrador,61,Administrador,19,Equipo Técnico,97,Capital Humano,sicpro_app_trabajadores.grupo_app_trabajador_equipos_admin,35,ROLE_NAME_PARTIAL;HAS_XMLID_19
212,307,Repositorio: Administrador,,Repositorio: Administrador,66,Administrador,20,Disciplinarias,97,Capital Humano,sicpro_app_trabajadores.grupo_app_trabajador_disciplina_admin,35,ROLE_NAME_PARTIAL;HAS_XMLID_19
212,307,Repositorio: Administrador,,Repositorio: Administrador,76,Administrador,25,Control,109,Control de la información,sicpro_app_control_informacion.grupo_control_informacion_admin,35,ROLE_NAME_PARTIAL;HAS_XMLID_19
212,307,Repositorio: Administrador,,Repositorio: Administrador,79,Administrador,26,Credenciales,97,Capital Humano,sicpro_app_credenciales.grupo_app_credenciales_admin,35,ROLE_NAME_PARTIAL;HAS_XMLID_19
212,307,Repositorio: Administrador,,Repositorio: Administrador,83,Administrador,27,Medios Informáticos,112,Informática,sicpro_app_medios_informaticos.grupo_app_medios_informaticos_admin,35,ROLE_NAME_PARTIAL;HAS_XMLID_19
212,307,Repositorio: Administrador,,Repositorio: Administrador,89,Administrador,29,Metrología,106,Activos y Herramientas,sicpro_app_metrologia.grupo_app_metrologia_admin,35,ROLE_NAME_PARTIAL;HAS_XMLID_19
212,307,Repositorio: Administrador,,Repositorio: Administrador,94,Administrador,30,Repositorio DVPE.,107,Servicios Corporativos,sicpro_app_repositorio_institucional.group_repositorio_institucional_admin,35,ROLE_NAME_PARTIAL;HAS_XMLID_19
212,307,Repositorio: Administrador,,Repositorio: Administrador,104,Administrador,32,Servicios Internos,107,Servicios Corporativos,sicpro_app_servicios_internos.grupo_app_internos_admin,35,ROLE_NAME_PARTIAL;HAS_XMLID_19
212,307,Repositorio: Administrador,,Repositorio: Administrador,111,Administrador,34,Soporte,113,Soporte Técnico,sicpro_app_soporte.group_soporte_admin,35,ROLE_NAME_PARTIAL;HAS_XMLID_19
212,307,Repositorio: Administrador,,Repositorio: Administrador,116,Administrador,36,Transporte,98,Transportación,sicpro_app_transporte.grupo_app_transporte_admin,35,ROLE_NAME_PARTIAL;HAS_XMLID_19
212,307,Repositorio: Administrador,,Repositorio: Administrador,122,Administrador,38,Víveres Logística,111,Alimentación,sicpro_app_viveres.grupo_app_viveres_admin,35,ROLE_NAME_PARTIAL;HAS_XMLID_19
212,307,Repositorio: Administrador,,Repositorio: Administrador,129,Administrador,40,Clientes,101,Solicitudes de Obras,sicpro_app_clientes.grupo_app_clientes_admin,35,ROLE_NAME_PARTIAL;HAS_XMLID_19
212,307,Repositorio: Administrador,,Repositorio: Administrador,132,Administrador,41,Instrucciones,97,Capital Humano,sicpro_app_instrucciones.grupo_app_instruciones_admin,35,ROLE_NAME_PARTIAL;HAS_XMLID_19
212,307,Repositorio: Administrador,,Repositorio: Administrador,140,Administrador,43,Operaciones,110,Programa de la Vivienda,sicpro_app_programa_viviendas.grupo_app_vivienda_admin,35,ROLE_NAME_PARTIAL;HAS_XMLID_19
212,307,Repositorio: Administrador,,Repositorio: Administrador,144,Administrador,44,Solicitudes,101,Solicitudes de Obras,sicpro_app_solicitudes.grupo_app_solicitud_admin,35,ROLE_NAME_PARTIAL;HAS_XMLID_19
212,307,Repositorio: Administrador,,Repositorio: Administrador,155,Administrador,50,Usuarios Internos,103,Órdenes de Trabajo,sicpro_app_ordenes_trabajo.grupo_ordenes_admin,35,ROLE_NAME_PARTIAL;HAS_XMLID_19
212,307,Repositorio: Administrador,,Repositorio: Administrador,168,Administrador,53,Transferencias,104,Gestión de Gastos,sicpro_app_transferencias_gastos.grupo_transferencias_admin,35,ROLE_NAME_PARTIAL;HAS_XMLID_19
212,307,Repositorio: Administrador,,Repositorio: Administrador,4,Role / Administrator,,,,,base.group_system,10,IMPLIED_COMMON:administrador;HAS_XMLID_19
